node1,node2,length,startLon,startLat,endLon,endLat,endNodeL,startNodeL,startYear,endYear,tipLabel
209,210,0.215548190679571,-76.1830402044168,38.4770966602484,-76.1219507373628,38.4821084308229,0.215548190679571,0,2023.64504507239,2023.86059326307,NA
209,211,0.0224983877503849,-76.1830402044168,38.4770966602484,-76.6727843106767,39.131357229901,0.0224983877503849,0,2023.64504507239,2023.66754346014,NA
211,212,0.00401709723577848,-76.6727843106767,39.131357229901,-76.7072903979355,39.1165418165635,0.0265154849861634,0.0224983877503849,2023.66754346014,2023.67156055738,NA
212,213,0.00610389174707826,-76.7072903979355,39.1165418165635,-76.5325081664523,39.2029059225463,0.0326193767332417,0.0265154849861634,2023.67156055738,2023.67766444912,NA
213,225,0.000818269259109439,-76.5325081664523,39.2029059225463,-76.5639780280393,39.2193723362089,0.0334376459923511,0.0326193767332417,2023.67766444912,2023.67848271838,NA
212,250,0.0196952729856222,-76.7072903979355,39.1165418165635,-77.194428465123,39.2142542034883,0.0462107579717856,0.0265154849861634,2023.67156055738,2023.69125583036,NA
213,214,0.0160531144953365,-76.5325081664523,39.2029059225463,-76.1259536228965,37.6229300873481,0.0486724912285782,0.0326193767332417,2023.67766444912,2023.69371756362,NA
225,226,0.0168827810706533,-76.5639780280393,39.2193723362089,-76.4770428880444,39.1705561971253,0.0503204270630044,0.0334376459923511,2023.67848271838,2023.69536549945,NA
250,253,0.0101725536849944,-77.194428465123,39.2142542034883,-77.2939895158516,39.2070493276829,0.05638331165678,0.0462107579717856,2023.69125583036,2023.70142838405,NA
226,227,0.0065405294161951,-76.4770428880444,39.1705561971253,-76.5052529013593,39.2137056708692,0.0568609564791995,0.0503204270630044,2023.69536549945,2023.70190602887,NA
227,228,4.11776106845618e-06,-76.5052529013593,39.2137056708692,-76.5013773095967,39.2135359282151,0.056865074240268,0.0568609564791995,2023.70190602887,2023.70191014663,NA
228,234,0.00170701833044995,-76.5013773095967,39.2135359282151,-76.4533478386498,39.2460305338887,0.0585720925707179,0.056865074240268,2023.70191014663,2023.70361716496,NA
211,347,0.036136151092102,-76.6727843106767,39.131357229901,-71.505668485705,40.9410230174419,0.0586345388424869,0.0224983877503849,2023.66754346014,2023.70367961123,NA
253,263,0.00490291501540074,-77.2939895158516,39.2070493276829,-78.0058444470765,39.829061579224,0.0612862266721808,0.05638331165678,2023.70142838405,2023.70633129906,NA
234,235,0.00456147833992304,-76.4533478386498,39.2460305338887,-76.3740967209572,39.2894344906284,0.063133570910641,0.0585720925707179,2023.70361716496,2023.7081786433,NA
263,264,0.00232430513492765,-78.0058444470765,39.829061579224,-78.2370755374297,39.8767712652236,0.0636105318071084,0.0612862266721808,2023.70633129906,2023.7086556042,NA
263,338,0.00276319817834969,-78.0058444470765,39.829061579224,-78.2007747577841,40.0802600336211,0.0640494248505304,0.0612862266721808,2023.70633129906,2023.70909449724,NA
228,229,0.00770159999581876,-76.5013773095967,39.2135359282151,-76.7393503049382,38.5637912556757,0.0645666742360868,0.056865074240268,2023.70191014663,2023.70961174663,NA
347,381,0.00605889658468062,-71.505668485705,40.9410230174419,-71.2170928683202,41.8216702039536,0.0646934354271675,0.0586345388424869,2023.70367961123,2023.70973850782,NA
264,270,0.00122864793235122,-78.2370755374297,39.8767712652236,-79.8676679070561,40.9484004650771,0.0648391797394596,0.0636105318071084,2023.7086556042,2023.70988425213,NA
347,348,0.00627651694492393,-71.505668485705,40.9410230174419,-71.4646516843837,40.9660864648764,0.0649110557874109,0.0586345388424869,2023.70367961123,2023.70995612818,NA
234,243,0.00642143241230342,-76.4533478386498,39.2460305338887,-76.2209411810985,39.9902618109395,0.0649935249830214,0.0585720925707179,2023.70361716496,2023.71003859737,NA
229,231,0.00204308746768889,-76.7393503049382,38.5637912556757,-76.6095240064461,38.4670677491786,0.0666097617037756,0.0645666742360868,2023.70961174663,2023.7116548341,NA
250,251,0.0205451654453611,-77.194428465123,39.2142542034883,-77.8836786804885,38.1212639335103,0.0667559234171468,0.0462107579717856,2023.69125583036,2023.71180099581,NA
243,244,0.00228061173118055,-76.2209411810985,39.9902618109395,-76.2173930490311,39.9953214732285,0.0672741367142019,0.0649935249830214,2023.71003859737,2023.71231920911,NA
264,265,0.0242340522167251,-78.2370755374297,39.8767712652236,-78.2153373217143,39.7662050512717,0.0878445840238335,0.0636105318071084,2023.7086556042,2023.73288965642,NA
381,382,0.0357958138187311,-71.2170928683202,41.8216702039536,-70.3284346357391,41.6055499269156,0.100489249245899,0.0646934354271675,2023.70973850782,2023.74553432164,NA
235,236,0.0487157319345151,-76.3740967209572,39.2894344906284,-76.6605205523249,39.0581473192204,0.111849302845156,0.063133570910641,2023.7081786433,2023.75689437524,NA
231,233,0.0519019600985736,-76.6095240064461,38.4670677491786,-76.108669793188,37.9021124244737,0.118511721802349,0.0666097617037756,2023.7116548341,2023.76355679419,NA
253,254,0.0715003096010045,-77.2939895158516,39.2070493276829,-70.6146117267881,42.8001467902973,0.127883621257785,0.05638331165678,2023.70142838405,2023.77292869365,NA
270,271,0.0751327897856432,-79.8676679070561,40.9484004650771,-76.4541527771909,40.5215473881589,0.139971969525103,0.0648391797394596,2023.70988425213,2023.78501704192,NA
338,339,0.0795733851690821,-78.2007747577841,40.0802600336211,-78.1305304891087,39.9149387236403,0.143622810019613,0.0640494248505304,2023.70909449724,2023.78866788241,NA
382,413,0.0487425761310429,-70.3284346357391,41.6055499269156,-70.7637835085915,43.2030605819869,0.149231825376942,0.100489249245899,2023.74553432164,2023.79427689777,NA
339,340,0.0067260017423999,-78.1305304891087,39.9149387236403,-78.1945731838397,37.962727525688,0.150348811762012,0.143622810019613,2023.78866788241,2023.79539388415,NA
338,14,0.0936452287852698,-78.2007747577841,40.0802600336211,-78.366591932451,42.8850180765913,0.1576946536358,0.0640494248505304,2023.70909449724,2023.80273972603,A/green-winged_teal/New_York/23-033302-033-original/2023|H5N1|USA-NY|2023-10-21|avian|C2.1
340,341,0.0164226001719417,-78.1945731838397,37.962727525688,-77.9241468255851,36.9399965389485,0.166771411933954,0.150348811762012,2023.79539388415,2023.81181648433,NA
214,215,0.118266433317737,-76.1259536228965,37.6229300873481,-76.7621839935441,37.5173135426977,0.166938924546315,0.0486724912285782,2023.69371756362,2023.81198399694,NA
244,245,0.108911582449418,-76.2173930490311,39.9953214732285,-76.2071949930998,40.0023286389541,0.17618571916362,0.0672741367142019,2023.71231920911,2023.82123079156,NA
265,266,0.111124385635677,-78.2153373217143,39.7662050512717,-74.2974862592951,43.3475483175129,0.19896896965951,0.0878445840238335,2023.73288965642,2023.84401404205,NA
271,315,0.0710908738346261,-76.4541527771909,40.5215473881589,-72.5207141635408,42.8661091428729,0.211062843359729,0.139971969525103,2023.78501704192,2023.85610791575,NA
231,232,0.147930654644454,-76.6095240064461,38.4670677491786,-80.7635637390896,28.3678482800575,0.21454041634823,0.0666097617037756,2023.7116548341,2023.85958548874,NA
341,342,0.0497056018104313,-77.9241468255851,36.9399965389485,-79.0058167857106,34.0434091956379,0.216477013744385,0.166771411933954,2023.81181648433,2023.86152208614,NA
382,383,0.116748428122886,-70.3284346357391,41.6055499269156,-70.3120121436133,41.9780649087847,0.217237677368784,0.100489249245899,2023.74553432164,2023.86228274976,NA
383,384,0.00159194100689375,-70.3120121436133,41.9780649087847,-70.3205215616728,41.9174161135701,0.218829618375678,0.217237677368784,2023.86228274976,2023.86387469077,NA
254,255,0.0913184123059152,-70.6146117267881,42.8001467902973,-71.2349356903528,43.6204340013756,0.2192020335637,0.127883621257785,2023.77292869365,2023.86424710596,NA
215,216,0.0566819667589203,-76.7621839935441,37.5173135426977,-77.6103116399139,34.4807570101934,0.223620891305236,0.166938924546315,2023.81198399694,2023.8686659637,NA
210,171,0.0133793396686581,-76.1219507373628,38.4821084308229,-75.7562369593963,38.8294795585607,0.228927530348229,0.215548190679571,2023.86059326307,2023.87397260274,A/chicken/Maryland/23-036719-001/2023|H5N1|USA-MD|2023-11-16|avian|C2.1
225,100,0.200969336410593,-76.5639780280393,39.2193723362089,-80.8774645913232,28.6979900259972,0.234406982402944,0.0334376459923511,2023.67848271838,2023.87945205479,A/lesser_scaup/Florida/23-038112-015-original/2023|H5N1|USA-FL|2023-11-18|avian|C2.1
232,117,0.019866566054714,-80.7635637390896,28.3678482800575,-80.8227061403026,28.3081164606336,0.234406982402944,0.21454041634823,2023.85958548874,2023.87945205479,A/blue-winged_teal/Florida/23-038112-097-original/2023|H5N1|USA-FL|2023-11-18|avian|C2.1
232,118,0.019866566054714,-80.7635637390896,28.3678482800575,-80.8029829895004,28.3395732803794,0.234406982402944,0.21454041634823,2023.85958548874,2023.87945205479,A/ring-necked_duck/Florida/23-038112-052-original/2023|H5N1|USA-FL|2023-11-18|avian|C2.1
266,268,0.035643901253843,-74.2974862592951,43.3475483175129,-73.2456222692874,42.7195241397787,0.234612870913353,0.19896896965951,2023.84401404205,2023.8796579433,NA
210,172,0.0215985177507303,-76.1219507373628,38.4821084308229,-75.9169160229644,38.9569170204674,0.237146708430302,0.215548190679571,2023.86059326307,2023.88219178082,A/chicken/Maryland/23-036657-001/2023|H5N1|USA-MD|2023-11-19|avian|C2.1
384,385,0.0183603772250776,-70.3205215616728,41.9174161135701,-70.1438335813523,41.8463418916192,0.237189995600756,0.218829618375678,2023.86387469077,2023.88223506799,NA
315,316,0.0281959049378874,-72.5207141635408,42.8661091428729,-72.6463276010634,42.9298962784617,0.239258748297616,0.211062843359729,2023.85610791575,2023.88430382069,NA
266,267,0.0445809959729964,-74.2974862592951,43.3475483175129,-73.1933651937662,44.419273709843,0.243549965632507,0.19896896965951,2023.84401404205,2023.88859503802,NA
348,349,0.180428604574403,-71.4646516843837,40.9660864648764,-71.0782856301006,41.2332564602285,0.245339660361814,0.0649110557874109,2023.70995612818,2023.89038473275,NA
349,379,0.00336395002642187,-71.0782856301006,41.2332564602285,-71.213520245051,41.1029019700268,0.248703610388236,0.245339660361814,2023.89038473275,2023.89374868278,NA
251,1,0.186829141177754,-77.8836786804885,38.1212639335103,-80.9446339505864,28.6236965406915,0.253585064594901,0.0667559234171468,2023.71180099581,2023.89863013699,A/pintail/Florida/23-038109-023-original/2023|H5N1|USA-FL|2023-11-25|avian|C2.1
271,272,0.121343085809713,-76.4541527771909,40.5215473881589,-72.1604089271193,42.8095032551734,0.261315055334816,0.139971969525103,2023.78501704192,2023.90636012773,NA
349,350,0.0339886754192368,-71.0782856301006,41.2332564602285,-70.5698423284871,41.6979477548053,0.279328335781051,0.245339660361814,2023.89038473275,2023.92437340817,NA
267,18,0.0374323592361953,-73.1933651937662,44.419273709843,-71.9165493147924,44.8836543728074,0.280982324868702,0.243549965632507,2023.88859503802,2023.92602739726,A/chicken/Vermont/23-038532-001/2023|H5N1|USA-VT|2023-12-05|avian|C2.1
267,19,0.0374323592361953,-73.1933651937662,44.419273709843,-72.4702712903277,44.8571422861818,0.280982324868702,0.243549965632507,2023.88859503802,2023.92602739726,A/chicken/Vermont/23-038532-002/2023|H5N1|USA-VT|2023-12-05|avian|C2.1
268,269,0.048291742154795,-73.2456222692874,42.7195241397787,-73.7533208549431,41.8914205773969,0.282904613068148,0.234612870913353,2023.8796579433,2023.92794968546,NA
243,248,0.220451468670401,-76.2209411810985,39.9902618109395,-75.6717926830419,35.9338741556579,0.285444993653423,0.0649935249830214,2023.71003859737,2023.93049006604,NA
269,16,0.0145160679649253,-73.7533208549431,41.8914205773969,-73.7571541503542,41.9242137260867,0.297420681033074,0.282904613068148,2023.92794968546,2023.94246575342,A/partridge/New_York/23-039086-003-original/2023|H5N1|USA-NY|2023-12-11|avian|C2.1
269,17,0.0145160679649253,-73.7533208549431,41.8914205773969,-73.818575099635,41.9928808282614,0.297420681033074,0.282904613068148,2023.92794968546,2023.94246575342,A/partridge/New_York/23-039086-005-original/2023|H5N1|USA-NY|2023-12-11|avian|C2.1
350,351,0.0202742364758496,-70.5698423284871,41.6979477548053,-70.5649224000466,41.622612202262,0.2996025722569,0.279328335781051,2023.92437340817,2023.94464764465,NA
385,175,0.0629704114596754,-70.1438335813523,41.8463418916192,-70.4244340711472,41.6988680769383,0.300160407060431,0.237189995600756,2023.88223506799,2023.94520547945,A/Corvus_ossifragus/MA/24-000869-001/2023|H5N1|USA-MA|2023-12-12|avian|C2.1
351,352,0.00775461364574093,-70.5649224000466,41.622612202262,-70.8816985529507,41.4680838724644,0.307357185902641,0.2996025722569,2023.94464764465,2023.95240225829,NA
236,237,0.199111821635865,-76.6605205523249,39.0581473192204,-69.9891911630157,44.2808116156116,0.310961124481021,0.111849302845156,2023.75689437524,2023.95600619687,NA
245,246,0.141996577978654,-76.2071949930998,40.0023286389541,-71.0429187741703,42.8459118401559,0.318182297142274,0.17618571916362,2023.82123079156,2023.96322736953,NA
233,119,0.203566493477396,-76.108669793188,37.9021124244737,-80.1958037769467,33.5364594676819,0.322078215279745,0.118511721802349,2023.76355679419,2023.96712328767,A/wood_duck/South_Carolina/W24-007E/2023|H5N1|USA-SC|2023-12-20|avian|C2.1
233,120,0.203566493477396,-76.108669793188,37.9021124244737,-80.0529112223632,33.8658120819048,0.322078215279745,0.118511721802349,2023.76355679419,2023.96712328767,A/wood_duck/South_Carolina/W24-007C/2023|H5N1|USA-SC|2023-12-20|avian|C2.1
216,102,0.0984573239745091,-77.6103116399139,34.4807570101934,-80.0609878802323,33.8644418777915,0.322078215279745,0.223620891305236,2023.8686659637,2023.96712328767,A/wood_duck/South_Carolina/W23-970B/2023|H5N1|USA-SC|2023-12-20|avian|C2.1
214,99,0.276145450078524,-76.1259536228965,37.6229300873481,-75.9931821001067,35.5276300951233,0.324817941307102,0.0486724912285782,2023.69371756362,2023.9698630137,A/wood_duck/North_Carolina/W24-011A/2023|H5N1|USA-NC|2023-12-21|avian|C2.1
244,136,0.2575438045929,-76.2173930490311,39.9953214732285,-76.5644134039937,40.9291973343285,0.324817941307102,0.0672741367142019,2023.71231920911,2023.9698630137,A/pheasant/Pennsylvania/23-040876-001-original/2023|H5N1|USA-PA|2023-12-21|avian|C2.1
265,15,0.245192535365568,-78.2153373217143,39.7662050512717,-70.6325975798235,41.7232032195014,0.333037119389402,0.0878445840238335,2023.73288965642,2023.97808219178,A/Great_Black-backed_Gulll/MA/24-000869-002/2023|H5N1|USA-MA|2023-12-24|avian|C2.1
235,242,0.271243463317036,-76.3740967209572,39.2894344906284,-79.7914781916781,34.4235994878291,0.334377034227677,0.063133570910641,2023.7081786433,2023.97942210662,NA
229,230,0.276874199313366,-76.7393503049382,38.5637912556757,-75.0477907702821,40.5386433222783,0.341440873549453,0.0645666742360868,2023.70961174663,2023.98648594594,NA
215,217,0.177122769540509,-76.7621839935441,37.5173135426977,-90.4583462209891,33.3178501374646,0.344061694086825,0.166938924546315,2023.81198399694,2023.98910676648,NA
217,218,0.000457649519209014,-90.4583462209891,33.3178501374646,-90.4672377965829,33.345061508058,0.344519343606034,0.344061694086825,2023.98910676648,2023.989564416,NA
237,239,0.0413838755534792,-69.9891911630157,44.2808116156116,-70.4547812111169,44.2322414340191,0.352345000034501,0.310961124481021,2023.95600619687,2023.99739007243,NA
413,414,0.205767931074127,-70.7637835085915,43.2030605819869,-70.8148555087461,43.3489759459851,0.354999756451069,0.149231825376942,2023.79427689777,2024.00004482884,NA
414,415,0.000162563655852765,-70.8148555087461,43.3489759459851,-70.7946143362621,43.2699235606758,0.355162320106922,0.354999756451069,2024.00004482884,2024.0002073925,NA
239,240,0.00485456728091499,-70.4547812111169,44.2322414340191,-70.4440875273724,44.2355652340859,0.357199567315416,0.352345000034501,2023.99739007243,2024.00224463971,NA
255,256,0.139983582861338,-71.2349356903528,43.6204340013756,-70.8993417279405,43.5411830160691,0.359185616425038,0.2192020335637,2023.86424710596,2024.00423068882,NA
246,247,0.0423399498095413,-71.0429187741703,42.8459118401559,-71.2176977480657,42.9593277833249,0.360522246951815,0.318182297142274,2023.96322736953,2024.00556731934,NA
251,252,0.294181333869359,-77.8836786804885,38.1212639335103,-76.8673299269737,38.3471667548696,0.360937257286506,0.0667559234171468,2023.71180099581,2024.00598232968,NA
316,317,0.122897697829605,-72.6463276010634,42.9298962784617,-71.6590582387702,41.2630281366601,0.362156446127221,0.239258748297616,2023.88430382069,2024.00720151852,NA
218,219,0.0178220764696006,-90.4672377965829,33.345061508058,-90.4521290880046,33.2559175089596,0.362341420075634,0.344519343606034,2023.989564416,2024.00738649247,NA
226,101,0.312831221856862,-76.4770428880444,39.1705561971253,-76.5480546144068,34.8082164849864,0.363151648919867,0.0503204270630044,2023.69536549945,2024.00819672131,A/wood_duck/North_Carolina/W24-026/2024|H5N1|USA-NC|2024-01-04|avian|C2.1
414,208,0.01908085421753,-70.8148555087461,43.3489759459851,-70.8132891848474,43.3512907976345,0.374080610668599,0.354999756451069,2024.00004482884,2024.01912568306,A/chicken/Maine/24-000724-003/2024|H5N1|USA-ME|2024-01-08|avian|C2.1
415,207,0.0189182905616773,-70.7946143362621,43.2699235606758,-70.6723919352696,43.3036103931429,0.374080610668599,0.355162320106922,2024.0002073925,2024.01912568306,A/chicken/Maine/24-000724-001/2024|H5N1|USA-ME|2024-01-08|avian|C2.1
415,206,0.0189182905616773,-70.7946143362621,43.2699235606758,-70.5587337066248,43.4182453117322,0.374080610668599,0.355162320106922,2024.0002073925,2024.01912568306,A/chicken/Maine/24-000724-002/2024|H5N1|USA-ME|2024-01-08|avian|C2.1
255,258,0.155572099815633,-71.2349356903528,43.6204340013756,-71.2475583087388,42.5574951938524,0.374774133379333,0.2192020335637,2023.86424710596,2024.01981920577,NA
219,220,0.0134018728252404,-90.4521290880046,33.2559175089596,-90.1535710414783,33.5109734347117,0.375743292900875,0.362341420075634,2024.00738649247,2024.02078836529,NA
242,124,0.0424358168780483,-79.7914781916781,34.4235994878291,-81.1701120525588,33.4759575299969,0.376812851105725,0.334377034227677,2023.97942210662,2024.0218579235,A/chicken/South_Carolina/24-001707-001-original/2024|H5N1|USA-SC|2024-01-09|avian|C2.1
316,319,0.140087226403217,-72.6463276010634,42.9298962784617,-72.3965161359666,43.1056905861617,0.379345974700833,0.239258748297616,2023.88430382069,2024.02439104709,NA
216,103,0.155924200237615,-77.6103116399139,34.4807570101934,-79.2748605285681,33.7194603407641,0.379545091542851,0.223620891305236,2023.8686659637,2024.02459016393,A/hooded_merganser/South_Carolina/W24-028/2024|H5N1|USA-SC|2024-01-10|avian|C2.1
350,170,0.1002167557618,-70.5698423284871,41.6979477548053,-70.5962557214092,41.6815283188605,0.379545091542851,0.279328335781051,2023.92437340817,2024.02459016393,A/chicken/Massachusetts/24-001134-001-original/2024|H5N1|USA-MA|2024-01-10|avian|C2.1
342,343,0.163458829725265,-79.0058167857106,34.0434091956379,-79.0263860024806,34.0675740794543,0.37993584346965,0.216477013744385,2023.86152208614,2024.02498091586,NA
352,354,0.0741752310240615,-70.8816985529507,41.4680838724644,-70.6937856962333,42.8221566118188,0.381532416926703,0.307357185902641,2023.95240225829,2024.02657748932,NA
354,361,0.000584873147615961,-70.6937856962333,42.8221566118188,-70.6929699131035,42.7723770155233,0.382117290074319,0.381532416926703,2024.02657748932,2024.02716236247,NA
343,94,0.00234148851032689,-79.0263860024806,34.0675740794543,-79.0660278770346,34.0383684974069,0.382277331979977,0.37993584346965,2024.02498091586,2024.02732240437,A/guinea_fowl/South_Carolina/24-001296-006/2024|H5N1|USA-SC|2024-01-11|avian|C2.1
343,95,0.00234148851032689,-79.0263860024806,34.0675740794543,-79.0418095924159,33.935428898775,0.382277331979977,0.37993584346965,2024.02498091586,2024.02732240437,A/chicken/South_Carolina/24-001296-005/2024|H5N1|USA-SC|2024-01-11|avian|C2.1
237,238,0.0715857435488296,-69.9891911630157,44.2808116156116,-69.2060119340191,44.8178978598065,0.382546868029851,0.310961124481021,2023.95600619687,2024.02759194042,NA
383,204,0.170504135485673,-70.3120121436133,41.9780649087847,-69.99917827199,41.9435843338366,0.387741812854457,0.217237677368784,2023.86228274976,2024.03278688525,A/Canada_Goose/Massachusetts/23WI00306/2024|H5N1|USA-MA|2024-01-13|avian|C2.1
384,174,0.168912194478779,-70.3205215616728,41.9174161135701,-70.5875747441208,41.7376625684211,0.387741812854457,0.218829618375678,2023.86387469077,2024.03278688525,A/Red-Tailed_Hawk/Massachusetts/23WI00307/2024|H5N1|USA-MA|2024-01-13|avian|C2.1
252,3,0.0268045555679512,-76.8673299269737,38.3471667548696,-76.3577709884761,35.5168171436309,0.387741812854457,0.360937257286506,2024.00598232968,2024.03278688525,A/American_wigeon/North_Carolina/24-002161-002-original/2024|H5N1|USA-NC|2024-01-13|avian|C2.1
319,320,0.0138156960153757,-72.3965161359666,43.1056905861617,-72.0749928605955,43.4473848275347,0.393161670716209,0.379345974700833,2024.02439104709,2024.03820674311,NA
379,167,0.1472349237776,-71.213520245051,41.1029019700268,-70.3930643176235,41.6598378290021,0.395938534165836,0.248703610388236,2023.89374868278,2024.04098360656,A/Canada_Goose/Massachusetts/23NE01751/2024|H5N1|USA-MA|2024-01-16|avian|C2.1
252,2,0.0377335173164559,-76.8673299269737,38.3471667548696,-71.8591985913505,43.3490254818394,0.398670774602962,0.360937257286506,2024.00598232968,2024.04371584699,A/mallard/New_Hampshire/24-002162-001-original/2024|H5N1|USA-NH|2024-01-17|avian|C2.1
361,362,0.0176714310464076,-70.6929699131035,42.7723770155233,-70.782435263844,42.8881159585397,0.399788721120726,0.382117290074319,2024.02716236247,2024.04483379351,NA
362,363,0.0013249365531266,-70.782435263844,42.8881159585397,-70.7830439959696,42.9049548939836,0.401113657673853,0.399788721120726,2024.04483379351,2024.04615873007,NA
248,121,0.115958021386665,-75.6717926830419,35.9338741556579,-75.835346916286,35.8779045775577,0.401403015040088,0.285444993653423,2023.93049006604,2024.04644808743,A/redhead_duck/North_Carolina/W24-83A/2024|H5N1|USA-NC|2024-01-18|avian|C2.1
242,123,0.0670259808124111,-79.7914781916781,34.4235994878291,-80.5018514368241,33.3664710024674,0.401403015040088,0.334377034227677,2023.97942210662,2024.04644808743,A/chicken/South_Carolina/24-001707-002-original/2024|H5N1|USA-SC|2024-01-18|avian|C2.1
362,369,0.00785243424147686,-70.782435263844,42.8881159585397,-70.7742614088911,42.9299729175876,0.407641155362203,0.399788721120726,2024.04483379351,2024.05268622775,NA
218,222,0.0653088617061869,-90.4672377965829,33.345061508058,-90.1982424279631,33.5807790624476,0.409828205312221,0.344519343606034,2023.989564416,2024.0548732777,NA
320,321,0.0211845485084173,-72.0749928605955,43.4473848275347,-72.0833741571644,43.4579786035439,0.414346219224626,0.393161670716209,2024.03820674311,2024.05939129162,NA
321,322,0.000269489356336472,-72.0833741571644,43.4579786035439,-72.1165802342561,43.5273652223257,0.414615708580962,0.414346219224626,2024.05939129162,2024.05966078097,NA
248,122,0.129619223572523,-75.6717926830419,35.9338741556579,-75.8404706239567,35.8417753835967,0.415064217225946,0.285444993653423,2023.93049006604,2024.06010928962,A/American_white_pelican/North_Carolina/W24-84/2024|H5N1|USA-NC|2024-01-23|avian|C2.1
238,125,0.0325173491960951,-69.2060119340191,44.8178978598065,-69.8370836395174,44.485264797502,0.415064217225946,0.382546868029851,2024.02759194042,2024.06010928962,A/chicken/Maine/24-002533-002-original/2024|H5N1|USA-ME|2024-01-23|avian|C2.1
238,126,0.0325173491960951,-69.2060119340191,44.8178978598065,-69.8272827788145,44.5035851544062,0.415064217225946,0.382546868029851,2024.02759194042,2024.06010928962,A/chicken/Maine/24-002533-001-original/2024|H5N1|USA-ME|2024-01-23|avian|C2.1
351,375,0.11581686149932,-70.5649224000466,41.622612202262,-70.5850450102228,42.0421757779566,0.415419433756221,0.2996025722569,2023.94464764465,2024.06046450615,NA
363,364,0.0150381996017881,-70.7830439959696,42.9049548939836,-70.9166366309282,42.5979869949609,0.416151857275641,0.401113657673853,2024.04615873007,2024.06119692967,NA
369,371,0.00997919936516267,-70.7742614088911,42.9299729175876,-71.1910982440885,42.6564969634502,0.417620354727366,0.407641155362203,2024.05268622775,2024.06266542712,NA
361,374,0.0358181476854827,-70.6929699131035,42.7723770155233,-70.7263763690721,42.7748976548274,0.417935437759801,0.382117290074319,2024.02716236247,2024.06298051015,NA
320,336,0.0264378332580918,-72.0749928605955,43.4473848275347,-71.9326445524011,43.4388413363142,0.4195995039743,0.393161670716209,2024.03820674311,2024.06464457637,NA
272,273,0.16044318156305,-72.1604089271193,42.8095032551734,-71.16036158348,41.9212051724308,0.421758236897866,0.261315055334816,2023.90636012773,2024.06680330929,NA
273,309,3.61843452512667e-05,-71.16036158348,41.9212051724308,-71.0785481217243,41.9550869591336,0.421794421243117,0.421758236897866,2024.06680330929,2024.06683949363,NA
364,365,0.00604963348208037,-70.9166366309282,42.5979869949609,-70.9066808107051,42.5469378148804,0.422201490757721,0.416151857275641,2024.06119692967,2024.06724656315,NA
369,370,0.0147746836781892,-70.7742614088911,42.9299729175876,-70.751368971785,42.8823774524116,0.422415839040392,0.407641155362203,2024.05268622775,2024.06746091143,NA
354,355,0.0415803358334755,-70.6937856962333,42.8221566118188,-71.0551536603615,42.2439462994733,0.423112752760178,0.381532416926703,2024.02657748932,2024.06815782515,NA
321,326,0.00994906376219618,-72.0833741571644,43.4579786035439,-72.0370534100027,43.4633716222989,0.424295282986822,0.414346219224626,2024.05939129162,2024.06934035538,NA
326,327,0.000288943673182329,-72.0370534100027,43.4633716222989,-72.0443874589005,43.4327197700343,0.424584226660005,0.424295282986822,2024.06934035538,2024.06962929905,NA
322,324,0.0105631066781419,-72.1165802342561,43.5273652223257,-72.0788565203881,43.5102860246808,0.425178815259104,0.414615708580962,2024.05966078097,2024.07022388765,NA
342,344,0.209157365367308,-79.0058167857106,34.0434091956379,-78.6359719588016,34.5119183030655,0.425634379111693,0.216477013744385,2023.86152208614,2024.0706794515,NA
327,328,0.00105224595265851,-72.0443874589005,43.4327197700343,-72.1605652332127,43.3722819577129,0.425636472612663,0.424584226660005,2024.06962929905,2024.070681545,NA
217,223,0.0828122101658033,-90.4583462209891,33.3178501374646,-89.8698186454603,33.6232217439905,0.426873904252628,0.344061694086825,2023.98910676648,2024.07191897664,NA
240,241,0.069948492329832,-70.4440875273724,44.2355652340859,-70.2270748982542,44.0367133773564,0.427148059645248,0.357199567315416,2024.00224463971,2024.07219313204,NA
273,274,0.00586963377395422,-71.16036158348,41.9212051724308,-70.9957737373657,42.2878700261789,0.42762787067182,0.421758236897866,2024.06680330929,2024.07267294306,NA
309,312,0.00665209792993265,-71.0785481217243,41.9550869591336,-70.7713001807172,42.5530773770344,0.42844651917305,0.421794421243117,2024.06683949363,2024.07349159156,NA
327,331,0.00427115045716836,-72.0443874589005,43.4327197700343,-72.0890519525679,43.2806049712443,0.428855377117173,0.424584226660005,2024.06962929905,2024.07390044951,NA
272,314,0.168266296213585,-72.1604089271193,42.8095032551734,-75.2332874727573,41.7133426480448,0.429581351548401,0.261315055334816,2023.90636012773,2024.07462642394,NA
365,366,0.00823311637154217,-70.9066808107051,42.5469378148804,-70.9075823980949,42.5469031709277,0.430434607129264,0.422201490757721,2024.06724656315,2024.07547967952,NA
220,221,0.0551813654980933,-90.1535710414783,33.5109734347117,-90.1686236050346,33.5826108528437,0.430924658398968,0.375743292900875,2024.02078836529,2024.07596973079,NA
355,356,0.00791270619850037,-71.0551536603615,42.2439462994733,-71.1622595692066,42.3485745342728,0.431025458958679,0.423112752760178,2024.06815782515,2024.07607053135,NA
324,325,0.00596577614745664,-72.0788565203881,43.5102860246808,-72.1056352589487,43.5051987613649,0.431144591406561,0.425178815259104,2024.07022388765,2024.0761896638,NA
219,110,0.0691162397732961,-90.4521290880046,33.2559175089596,-90.3800900491949,33.4712155564762,0.43145765984893,0.362341420075634,2024.00738649247,2024.07650273224,A/wood_duck/Mississippi/24-004128-001-original/2024|H5N1|USA-MS|2024-01-29|avian|C2.1
220,109,0.0557143669480557,-90.1535710414783,33.5109734347117,-90.1972708832812,33.5696612122976,0.43145765984893,0.375743292900875,2024.02078836529,2024.07650273224,A/wood_duck/Mississippi/24-004128-007-original/2024|H5N1|USA-MS|2024-01-29|avian|C2.1
222,111,0.0216294545367098,-90.1982424279631,33.5807790624476,-90.1893794442585,33.6297172719655,0.43145765984893,0.409828205312221,2024.0548732777,2024.07650273224,A/wood_duck/Mississippi/24-004128-008-original/2024|H5N1|USA-MS|2024-01-29|avian|C2.1
222,112,0.0216294545367098,-90.1982424279631,33.5807790624476,-90.2326210709503,33.6981032907629,0.43145765984893,0.409828205312221,2024.0548732777,2024.07650273224,A/wood_duck/Mississippi/24-004128-003-original/2024|H5N1|USA-MS|2024-01-29|avian|C2.1
221,107,0.000533001449962378,-90.1686236050346,33.5826108528437,-90.2559550196788,33.5252585424276,0.43145765984893,0.430924658398968,2024.07596973079,2024.07650273224,A/wood_duck/Mississippi/24-004128-004-original/2024|H5N1|USA-MS|2024-01-29|avian|C2.1
221,108,0.000533001449962378,-90.1686236050346,33.5826108528437,-90.1127336573384,33.6096689449343,0.43145765984893,0.430924658398968,2024.07596973079,2024.07650273224,A/wood_duck/Mississippi/24-004128-011-original/2024|H5N1|USA-MS|2024-01-29|avian|C2.1
309,310,0.00982665675218403,-71.0785481217243,41.9550869591336,-71.0597938472766,42.4089539063707,0.431621077995301,0.421794421243117,2024.06683949363,2024.07666615039,NA
331,332,0.00290895134170305,-72.0890519525679,43.2806049712443,-72.2327693997622,43.2653860785403,0.431764328458876,0.428855377117173,2024.07390044951,2024.07680940085,NA
341,90,0.267418488352102,-77.9241468255851,36.9399965389485,-76.9127185767479,35.2235226839515,0.434189900286057,0.166771411933954,2023.81181648433,2024.07923497268,A/green-winged_teal/North_Carolina/24-004327-001-original/2024|H5N1|USA-NC|2024-01-30|avian|C2.1
247,133,0.0736676533342417,-71.2176977480657,42.9593277833249,-70.5771572044926,43.2976769333723,0.434189900286057,0.360522246951815,2024.00556731934,2024.07923497268,A/American_crow/Maine/23NE01629/2024|H5N1|USA-ME|2024-01-30|avian|C2.1
241,129,0.00704184064080898,-70.2270748982542,44.0367133773564,-70.1755854141501,44.0912078715899,0.434189900286057,0.427148059645248,2024.07219313204,2024.07923497268,A/mallard/Maine/24-004329-015-original/2024|H5N1|USA-ME|2024-01-30|avian|C2.1
241,130,0.00704184064080898,-70.2270748982542,44.0367133773564,-70.2510964514229,44.0162799937036,0.434189900286057,0.427148059645248,2024.07219313204,2024.07923497268,A/mallard/Maine/24-004329-016-original/2024|H5N1|USA-ME|2024-01-30|avian|C2.1
322,323,0.0198777513203208,-72.1165802342561,43.5273652223257,-72.0905750004748,43.428953058177,0.434493459901283,0.414615708580962,2024.05966078097,2024.07953853229,NA
328,329,0.00953139532470032,-72.1605652332127,43.3722819577129,-72.2198131996251,43.4113841807179,0.435167867937363,0.425636472612663,2024.070681545,2024.08021294033,NA
356,357,0.00527038715057537,-71.1622595692066,42.3485745342728,-71.0771951596774,42.4218013516676,0.436295846109254,0.431025458958679,2024.07607053135,2024.0813409185,NA
274,278,0.00896596562850688,-70.9957737373657,42.2878700261789,-70.7580237788588,41.8455631786593,0.436593836300327,0.42762787067182,2024.07267294306,2024.08163890869,NA
329,330,0.0014458261215301,-72.2198131996251,43.4113841807179,-72.2792208019141,43.2634899491219,0.436613694058893,0.435167867937363,2024.08021294033,2024.08165876645,NA
239,128,0.0845771406886822,-70.4547812111169,44.2322414340191,-70.4482330380093,44.0773027464894,0.436922140723183,0.352345000034501,2023.99739007243,2024.08196721311,A/duck/Maine/24-004330-036/2024|H5N1|USA-ME|2024-01-31|avian|C2.1
366,367,0.00655392951634731,-70.9075823980949,42.5469031709277,-70.9179263516101,42.5851945012592,0.436988536645611,0.430434607129264,2024.07547967952,2024.08203360904,NA
332,333,0.00545511184160541,-72.2327693997622,43.2653860785403,-72.2222580663554,43.3356924951101,0.437219440300481,0.431764328458876,2024.07680940085,2024.08226451269,NA
278,279,0.0013139722990041,-70.7580237788588,41.8455631786593,-70.7772146517264,41.7446047710037,0.437907808599331,0.436593836300327,2024.08163890869,2024.08295288099,NA
333,334,0.00122018262077089,-72.2222580663554,43.3356924951101,-72.1444426042466,43.382212565581,0.438439622921252,0.437219440300481,2024.08226451269,2024.08348469531,NA
256,257,0.0812243770333521,-70.8993417279405,43.5411830160691,-70.4918261368617,43.0809670910331,0.44040999345839,0.359185616425038,2024.00423068882,2024.08545506585,NA
334,335,0.00249363277982606,-72.1444426042466,43.382212565581,-72.0516502937426,43.3253587969003,0.440933255701078,0.438439622921252,2024.08348469531,2024.08597832809,NA
385,386,0.204730276339862,-70.1438335813523,41.8463418916192,-70.3809796359887,41.6041405020995,0.441920271940618,0.237189995600756,2023.88223506799,2024.08696534433,NA
357,358,0.0057241889129428,-71.0771951596774,42.4218013516676,-71.0727502207967,42.4299474030754,0.442020035022197,0.436295846109254,2024.0813409185,2024.08706510741,NA
223,224,0.0154590127074777,-89.8698186454603,33.6232217439905,-89.8663991707531,33.7000494281055,0.442332916960106,0.426873904252628,2024.07191897664,2024.08737798935,NA
230,113,0.10094574804821,-75.0477907702821,40.5386433222783,-72.2283941449764,43.5832080533212,0.442386621597663,0.341440873549453,2023.98648594594,2024.08743169399,A/mallard/New_Hampshire/24-004334-037-original/2024|H5N1|USA-NH|2024-02-02|avian|C2.1
240,127,0.0851870542822469,-70.4440875273724,44.2355652340859,-70.1623126175697,44.3815259844774,0.442386621597663,0.357199567315416,2024.00224463971,2024.08743169399,A/mallard/Maine/24-004332-010-original/2024|H5N1|USA-ME|2024-02-02|avian|C2.1
258,7,0.0676124882183293,-71.2475583087388,42.5574951938524,-70.9389128204433,42.5290785781572,0.442386621597663,0.374774133379333,2024.01981920577,2024.08743169399,A/chicken/Massachusetts/24-003817-001-original/2024|H5N1|USA-MA|2024-02-02|avian|C2.1
319,69,0.0630406468968295,-72.3965161359666,43.1056905861617,-72.103614036169,43.3343552764343,0.442386621597663,0.379345974700833,2024.02439104709,2024.08743169399,A/mallard/New_Hampshire/24-004334-044/2024|H5N1|USA-NH|2024-02-02|avian|C2.1
336,67,0.022787117623362,-71.9326445524011,43.4388413363142,-72.103070890194,43.2795109668737,0.442386621597663,0.4195995039743,2024.06464457637,2024.08743169399,A/mallard/New_Hampshire/24-004334-002-original/2024|H5N1|USA-NH|2024-02-02|avian|C2.1
336,68,0.022787117623362,-71.9326445524011,43.4388413363142,-72.2251900290407,43.3264704895738,0.442386621597663,0.4195995039743,2024.06464457637,2024.08743169399,A/mallard/New_Hampshire/24-004334-024-original/2024|H5N1|USA-NH|2024-02-02|avian|C2.1
326,75,0.0180913386108403,-72.0370534100027,43.4633716222989,-72.1849548970949,43.3717066309216,0.442386621597663,0.424295282986822,2024.06934035538,2024.08743169399,A/mallard/New_Hampshire/24-004334-004-original/2024|H5N1|USA-NH|2024-02-02|avian|C2.1
324,76,0.0172078063385582,-72.0788565203881,43.5102860246808,-72.2154442794453,43.5283384943464,0.442386621597663,0.425178815259104,2024.07022388765,2024.08743169399,A/mallard/New_Hampshire/24-004334-008-original/2024|H5N1|USA-NH|2024-02-02|avian|C2.1
328,78,0.0167501489849995,-72.1605652332127,43.3722819577129,-72.3785153095149,43.342999840585,0.442386621597663,0.425636472612663,2024.070681545,2024.08743169399,A/mallard/New_Hampshire/24-004334-026-original/2024|H5N1|USA-NH|2024-02-02|avian|C2.1
331,74,0.0135312444804896,-72.0890519525679,43.2806049712443,-72.2612813282747,43.2262957835692,0.442386621597663,0.428855377117173,2024.07390044951,2024.08743169399,A/mallard/New_Hampshire/24-004334-021-original/2024|H5N1|USA-NH|2024-02-02|avian|C2.1
325,85,0.0112420301911015,-72.1056352589487,43.5051987613649,-72.1012354346594,43.3416649041759,0.442386621597663,0.431144591406561,2024.0761896638,2024.08743169399,A/mallard/New_Hampshire/24-004334-001-original/2024|H5N1|USA-NH|2024-02-02|avian|C2.1
325,81,0.0112420301911015,-72.1056352589487,43.5051987613649,-72.330012501391,43.2587516409002,0.442386621597663,0.431144591406561,2024.0761896638,2024.08743169399,A/mallard/New_Hampshire/24-004334-010-original/2024|H5N1|USA-NH|2024-02-02|avian|C2.1
332,84,0.0106222931387866,-72.2327693997622,43.2653860785403,-72.2916823099879,43.296796076227,0.442386621597663,0.431764328458876,2024.07680940085,2024.08743169399,A/mallard/New_Hampshire/24-004334-016-original/2024|H5N1|USA-NH|2024-02-02|avian|C2.1
323,72,0.00789316169637921,-72.0905750004748,43.428953058177,-72.3218814324187,43.2633095223552,0.442386621597663,0.434493459901283,2024.07953853229,2024.08743169399,A/mallard/New_Hampshire/24-004334-013-original/2024|H5N1|USA-NH|2024-02-02|avian|C2.1
323,71,0.00789316169637921,-72.0905750004748,43.428953058177,-72.3667303174804,43.4496992546038,0.442386621597663,0.434493459901283,2024.07953853229,2024.08743169399,A/mallard/New_Hampshire/24-004334-027-original/2024|H5N1|USA-NH|2024-02-02|avian|C2.1
329,77,0.00721875366029917,-72.2198131996251,43.4113841807179,-72.163494210864,43.5022529628155,0.442386621597663,0.435167867937363,2024.08021294033,2024.08743169399,A/mallard/New_Hampshire/24-004334-006-original/2024|H5N1|USA-NH|2024-02-02|avian|C2.1
330,70,0.00577292753876907,-72.2792208019141,43.2634899491219,-72.1511228485986,43.3668560300967,0.442386621597663,0.436613694058893,2024.08165876645,2024.08743169399,A/mallard/New_Hampshire/24-004334-019-original/2024|H5N1|USA-NH|2024-02-02|avian|C2.1
330,80,0.00577292753876907,-72.2792208019141,43.2634899491219,-72.3695938184989,43.217392957549,0.442386621597663,0.436613694058893,2024.08165876645,2024.08743169399,A/mallard/New_Hampshire/24-004334-020-original/2024|H5N1|USA-NH|2024-02-02|avian|C2.1
333,79,0.00516718129718119,-72.2222580663554,43.3356924951101,-72.4263303545203,43.1602936276469,0.442386621597663,0.437219440300481,2024.08226451269,2024.08743169399,A/mallard/New_Hampshire/24-004334-012-original/2024|H5N1|USA-NH|2024-02-02|avian|C2.1
334,82,0.0039469986764103,-72.1444426042466,43.382212565581,-72.0706749286207,43.4762050495631,0.442386621597663,0.438439622921252,2024.08348469531,2024.08743169399,A/mallard/New_Hampshire/24-004334-017-original/2024|H5N1|USA-NH|2024-02-02|avian|C2.1
335,73,0.00145336589658424,-72.0516502937426,43.3253587969003,-72.1407874089009,43.269581362772,0.442386621597663,0.440933255701078,2024.08597832809,2024.08743169399,A/mallard/New_Hampshire/24-004334-011-original/2024|H5N1|USA-NH|2024-02-02|avian|C2.1
335,83,0.00145336589658424,-72.0516502937426,43.3253587969003,-72.1866149440836,43.3505300577462,0.442386621597663,0.440933255701078,2024.08597832809,2024.08743169399,A/mallard/New_Hampshire/24-004334-018-original/2024|H5N1|USA-NH|2024-02-02|avian|C2.1
375,376,0.0270307946772548,-70.5850450102228,42.0421757779566,-71.1472905476805,42.3864502316496,0.442450228433475,0.415419433756221,2024.06046450615,2024.08749530082,NA
371,372,0.0263742925947656,-71.1910982440885,42.6564969634502,-71.1325584403793,42.5282746811149,0.443994647322131,0.417620354727366,2024.06266542712,2024.08903971971,NA
386,387,0.00229811750644121,-70.3809796359887,41.6041405020995,-70.2211702249609,41.7526405045943,0.444218389447059,0.441920271940618,2024.08696534433,2024.08926346184,NA
344,345,0.0188497509082819,-78.6359719588016,34.5119183030655,-77.9728507997409,35.1356055822669,0.444484130019975,0.425634379111693,2024.0706794515,2024.08952920241,NA
247,134,0.0845966150829738,-71.2176977480657,42.9593277833249,-70.9449476140192,43.2371656734139,0.445118862034789,0.360522246951815,2024.00556731934,2024.09016393443,A/Great_Horned_Owl/New_Hampshire/23NE01620/2024|H5N1|USA-NH|2024-02-03|avian|C2.1
314,65,0.015537510486388,-75.2332874727573,41.7133426480448,-75.4387196380259,41.8571560289384,0.445118862034789,0.429581351548401,2024.07462642394,2024.09016393443,A/chicken/Pennsylvania/24-003804-001-original/2024|H5N1|USA-PA|2024-02-03|avian|C2.1
314,66,0.015537510486388,-75.2332874727573,41.7133426480448,-75.220101547525,41.7548139009407,0.445118862034789,0.429581351548401,2024.07462642394,2024.09016393443,A/chicken/Pennsylvania/24-003804-003-original/2024|H5N1|USA-PA|2024-02-03|avian|C2.1
310,64,0.0134977840394874,-71.0597938472766,42.4089539063707,-71.0453172464471,42.342061650584,0.445118862034789,0.431621077995301,2024.07666615039,2024.09016393443,A/lesser_scaup/Massachusetts/24MM00032/2024|H5N1|USA-MA|2024-02-03|avian|C2.1
358,359,0.00313626441183201,-71.0727502207967,42.4299474030754,-71.0711434315085,42.3463844623268,0.445156299434029,0.442020035022197,2024.08706510741,2024.09020137183,NA
387,388,0.00105026099358946,-70.2211702249609,41.7526405045943,-70.1231937184288,41.7243311779886,0.445268650440649,0.444218389447059,2024.08926346184,2024.09031372283,NA
387,397,0.00194381280332379,-70.2211702249609,41.7526405045943,-70.0952203392733,41.8380853239873,0.446162202250383,0.444218389447059,2024.08926346184,2024.09120727464,NA
274,275,0.0200938764511344,-70.9957737373657,42.2878700261789,-71.2827294589223,42.6563867649537,0.447721747122955,0.42762787067182,2024.07267294306,2024.09276681951,NA
312,313,0.0212427157957095,-70.7713001807172,42.5530773770344,-70.8190991183901,42.4469699233284,0.449689234968759,0.42844651917305,2024.07349159156,2024.09473430736,NA
381,173,0.385889907481874,-71.2170928683202,41.8216702039536,-70.6938470265783,42.5879423692261,0.450583342909041,0.0646934354271675,2023.70973850782,2024.0956284153,A/Canada_Goose/MA/24-004865-005/2024|H5N1|USA-MA|2024-02-05|avian|C2.1
246,132,0.132401045766767,-71.0429187741703,42.8459118401559,-70.8173506190689,42.6573677971916,0.450583342909041,0.318182297142274,2023.96322736953,2024.0956284153,A/Canada_Goose/Massachusetts/23SN01966/2024|H5N1|USA-MA|2024-02-05|avian|C2.1
363,153,0.0494696852351881,-70.7830439959696,42.9049548939836,-70.9940620389795,42.7999437543806,0.450583342909041,0.401113657673853,2024.04615873007,2024.0956284153,A/Canada_Goose/Massachusetts/23SN01987/2024|H5N1|USA-MA|2024-02-05|avian|C2.1
375,162,0.0351639091528204,-70.5850450102228,42.0421757779566,-71.1832980691494,42.6540821280895,0.450583342909041,0.415419433756221,2024.06046450615,2024.0956284153,A/Canada_Goose/Massachusetts/23SN01967/2024|H5N1|USA-MA|2024-02-05|avian|C2.1
364,152,0.0344314856334,-70.9166366309282,42.5979869949609,-70.9093395202437,42.6034536555306,0.450583342909041,0.416151857275641,2024.06119692967,2024.0956284153,A/Canada_Goose/Massachusetts/23SN01988/2024|H5N1|USA-MA|2024-02-05|avian|C2.1
371,148,0.0329629881816751,-71.1910982440885,42.6564969634502,-71.1390689293097,42.7004960122694,0.450583342909041,0.417620354727366,2024.06266542712,2024.0956284153,A/Canada_Goose/Massachusetts/24HP00005/2024|H5N1|USA-MA|2024-02-05|avian|C2.1
374,159,0.0326479051492395,-70.7263763690721,42.7748976548274,-71.0864398278999,42.6132919129761,0.450583342909041,0.417935437759801,2024.06298051015,2024.0956284153,A/Canada_Goose/Massachusetts/23SN01947/2024|H5N1|USA-MA|2024-02-05|avian|C2.1
370,145,0.0281675038686486,-70.751368971785,42.8823774524116,-70.8248549734478,42.7189806000976,0.450583342909041,0.422415839040392,2024.06746091143,2024.0956284153,A/Canada_Goose/Massachusetts/24HP00009/2024|H5N1|USA-MA|2024-02-05|avian|C2.1
370,146,0.0281675038686486,-70.751368971785,42.8823774524116,-70.9030543987879,42.6523022281653,0.450583342909041,0.422415839040392,2024.06746091143,2024.0956284153,A/Canada_Goose/Massachusetts/23SN01946/2024|H5N1|USA-MA|2024-02-05|avian|C2.1
223,106,0.023709438656413,-89.8698186454603,33.6232217439905,-89.9065157369088,33.6907514380509,0.450583342909041,0.426873904252628,2024.07191897664,2024.0956284153,A/wood_duck/Mississippi/24-004235-002-original/2024|H5N1|USA-MS|2024-02-05|avian|C2.1
366,157,0.0201487357797774,-70.9075823980949,42.5469031709277,-70.9240969389114,42.5249395355417,0.450583342909041,0.430434607129264,2024.07547967952,2024.0956284153,A/Canada_Goose/Massachusetts/24HP00007/2024|H5N1|USA-MA|2024-02-05|avian|C2.1
367,156,0.0135948062634301,-70.9179263516101,42.5851945012592,-70.9315061117932,42.5686958702191,0.450583342909041,0.436988536645611,2024.08203360904,2024.0956284153,A/Canada_Goose/Massachusetts/23SN01998/2024|H5N1|USA-MA|2024-02-05|avian|C2.1
224,104,0.00825042594893521,-89.8663991707531,33.7000494281055,-89.8518006642616,33.8314297976313,0.450583342909041,0.442332916960106,2024.08737798935,2024.0956284153,A/wood_duck/Mississippi/24-004235-001/2024|H5N1|USA-MS|2024-02-05|avian|C2.1
224,105,0.00825042594893521,-89.8663991707531,33.7000494281055,-89.9038264580734,33.77491765991,0.450583342909041,0.442332916960106,2024.08737798935,2024.0956284153,A/wood_duck/Mississippi/24-004235-003-original/2024|H5N1|USA-MS|2024-02-05|avian|C2.1
359,143,0.00542704347501216,-71.0711434315085,42.3463844623268,-71.0356550278446,42.7413546080745,0.450583342909041,0.445156299434029,2024.09020137183,2024.0956284153,A/Canada_Goose/Massachusetts/23SN01978/2024|H5N1|USA-MA|2024-02-05|avian|C2.1
340,91,0.302966771584155,-78.1945731838397,37.962727525688,-82.7129806901715,35.6222332056339,0.453315583346167,0.150348811762012,2023.79539388415,2024.09836065574,A/Canada_goose/North_Carolina/W24-90A/2024|H5N1|USA-NC|2024-02-06|avian|C2.1
230,114,0.111874709796715,-75.0477907702821,40.5386433222783,-78.0774328229778,37.5798214560143,0.453315583346167,0.341440873549453,2023.98648594594,2024.09836065574,A/Canada_goose/Virginia/24-004375-001-original/2024|H5N1|USA-VA|2024-02-06|avian|C2.1
374,158,0.0353801455863657,-70.7263763690721,42.7748976548274,-70.7051031612457,42.6435091968008,0.453315583346167,0.417935437759801,2024.06298051015,2024.09836065574,A/Canada_Goose/Massachusetts/23SN01997/2024|H5N1|USA-MA|2024-02-06|avian|C2.1
257,6,0.012905589887777,-70.4918261368617,43.0809670910331,-70.7993773977164,42.6777844106518,0.453315583346167,0.44040999345839,2024.08545506585,2024.09836065574,A/Canada_Goose/Massachusetts/23SN01965/2024|H5N1|USA-MA|2024-02-06|avian|C2.1
372,373,0.0113489762279858,-71.1325584403793,42.5282746811149,-71.0737404561173,42.7261458337672,0.455343623550117,0.443994647322131,2024.08903971971,2024.10038869594,NA
376,377,0.0148615700251956,-71.1472905476805,42.3864502316496,-71.2413600455899,42.3166999215351,0.457311798458671,0.442450228433475,2024.08749530082,2024.10235687085,NA
279,280,0.020043227953169,-70.7772146517264,41.7446047710037,-71.3197949367792,42.3794229877897,0.4579510365525,0.437907808599331,2024.08295288099,2024.10299610894,NA
355,360,0.0353083660735187,-71.0551536603615,42.2439462994733,-70.7567339961914,42.6153713619315,0.458421118833697,0.423112752760178,2024.06815782515,2024.10346619123,NA
344,96,0.0331456851087261,-78.6359719588016,34.5119183030655,-77.6044104803105,35.2386917188813,0.45878006422042,0.425634379111693,2024.0706794515,2024.10382513661,A/turkey/North_Carolina/24-004217-001-original/2024|H5N1|USA-NC|2024-02-08|avian|C2.1
356,138,0.0277546052617408,-71.1622595692066,42.3485745342728,-70.9934601280954,42.4945853492329,0.45878006422042,0.431025458958679,2024.07607053135,2024.10382513661,A/Canada_Goose/Massachusetts/24HP00018/2024|H5N1|USA-MA|2024-02-08|avian|C2.1
357,139,0.0224842181111655,-71.0771951596774,42.4218013516676,-71.0150227798284,42.5127318800391,0.45878006422042,0.436295846109254,2024.0813409185,2024.10382513661,A/Canada_Goose/Massachusetts/24HP00022/2024|H5N1|USA-MA|2024-02-08|avian|C2.1
372,149,0.014785416898288,-71.1325584403793,42.5282746811149,-71.1332210949329,42.6960423736511,0.45878006422042,0.443994647322131,2024.08903971971,2024.10382513661,A/Canada_Goose/Massachusetts/24HP00038/2024|H5N1|USA-MA|2024-02-08|avian|C2.1
373,151,0.0034364406703023,-71.0737404561173,42.7261458337672,-70.9484666836239,42.6333691006613,0.45878006422042,0.455343623550117,2024.10038869594,2024.10382513661,A/Canada_Goose/Massachusetts/24HP00037/2024|H5N1|USA-MA|2024-02-08|avian|C2.1
373,150,0.0034364406703023,-71.0737404561173,42.7261458337672,-71.085005253424,42.7687884343899,0.45878006422042,0.455343623550117,2024.10038869594,2024.10382513661,A/Canada_Goose/Massachusetts/24HP00036/2024|H5N1|USA-MA|2024-02-08|avian|C2.1
360,140,0.000358945386722487,-70.7567339961914,42.6153713619315,-70.757408712374,42.6123932429108,0.45878006422042,0.458421118833697,2024.10346619123,2024.10382513661,A/Canada_Goose/Massachusetts/24HP00033/2024|H5N1|USA-MA|2024-02-08|avian|C2.1
360,141,0.000358945386722487,-70.7567339961914,42.6153713619315,-70.9671777576987,42.5638155887366,0.45878006422042,0.458421118833697,2024.10346619123,2024.10382513661,A/Canada_Goose/Massachusetts/24HP00031/2024|H5N1|USA-MA|2024-02-08|avian|C2.1
388,392,0.0135467254181896,-70.1231937184288,41.7243311779886,-70.133954913253,41.7075442875031,0.458815375858838,0.445268650440649,2024.09031372283,2024.10386044825,NA
377,378,0.00395575035779533,-71.2413600455899,42.3166999215351,-71.1311423326465,42.3084406614067,0.461267548816466,0.457311798458671,2024.10235687085,2024.10631262121,NA
280,287,0.00485121503318653,-71.3197949367792,42.3794229877897,-70.9452318977891,42.634207477393,0.462802251585687,0.4579510365525,2024.10299610894,2024.10784732398,NA
359,142,0.0190882456608704,-71.0711434315085,42.3463844623268,-71.0432018367796,42.3361507931921,0.464244545094899,0.445156299434029,2024.09020137183,2024.10928961749,A/Canada_goose/Massachusetts/23SN01985/2024|H5N1|USA-MA|2024-02-10|avian|C2.1
367,368,0.0277456710017938,-70.9179263516101,42.5851945012592,-70.9158068787571,42.7177727729721,0.464734207647405,0.436988536645611,2024.08203360904,2024.10977928004,NA
287,288,0.00339313554070614,-70.9452318977891,42.634207477393,-70.939077328965,42.5900876437922,0.466195387126393,0.462802251585687,2024.10784732398,2024.11124045952,NA
280,281,0.0100667664006032,-71.3197949367792,42.3794229877897,-71.0654440937598,42.614776817456,0.468017802953103,0.4579510365525,2024.10299610894,2024.11306287534,NA
256,4,0.110523409544113,-70.8993417279405,43.5411830160691,-71.0731725102594,42.3478807314,0.469709025969152,0.359185616425038,2024.00423068882,2024.11475409836,A/Canada_goose/Massachusetts/23SN01964/2024|H5N1|USA-MA|2024-02-12|avian|C2.1
257,5,0.0292990325107613,-70.4918261368617,43.0809670910331,-71.0422713787323,42.3366282199843,0.469709025969152,0.44040999345839,2024.08545506585,2024.11475409836,A/Canada_Goose/Massachusetts/23SN01943/2024|H5N1|USA-MA|2024-02-12|avian|C2.1
377,163,0.0123972275104806,-71.2413600455899,42.3166999215351,-71.128217307595,42.2941301562777,0.469709025969152,0.457311798458671,2024.10235687085,2024.11475409836,A/Canada_goose/Massachusetts/23SN01904/2024|H5N1|USA-MA|2024-02-12|avian|C2.1
368,154,0.00497481832174684,-70.9158068787571,42.7177727729721,-70.8267831648483,42.707939141567,0.469709025969152,0.464734207647405,2024.10977928004,2024.11475409836,A/sanderling/Massachusetts/24HP00040/2024|H5N1|USA-MA|2024-02-12|avian|C2.1
368,155,0.00497481832174684,-70.9158068787571,42.7177727729721,-70.9531745706839,42.6414981282548,0.469709025969152,0.464734207647405,2024.10977928004,2024.11475409836,A/sanderling/Massachusetts/24HP00039/2024|H5N1|USA-MA|2024-02-12|avian|C2.1
270,337,0.40538811353532,-79.8676679070561,40.9484004650771,-80.6925073526117,41.019103213619,0.47022729327478,0.0648391797394596,2023.70988425213,2024.11527236567,NA
388,389,0.0263117110785895,-70.1231937184288,41.7243311779886,-70.2670923115331,41.5412192472977,0.471580361519238,0.445268650440649,2024.09031372283,2024.11662543391,NA
288,289,0.00540362885678841,-70.939077328965,42.5900876437922,-70.6249640794866,42.7198942297742,0.471599015983181,0.466195387126393,2024.11124045952,2024.11664408837,NA
397,398,0.0266377226934138,-70.0952203392733,41.8380853239873,-70.5569895330848,41.7270339049635,0.472799924943797,0.446162202250383,2024.09120727464,2024.11784499734,NA
281,284,0.00599782916473868,-71.0654440937598,42.614776817456,-71.0617766291747,42.617389361895,0.474015632117842,0.468017802953103,2024.11306287534,2024.11906070451,NA
358,144,0.033153471821207,-71.0727502207967,42.4299474030754,-71.15119510361,42.2779244428273,0.475173506843404,0.442020035022197,2024.08706510741,2024.12021857923,A/Canada_goose/Massachusetts/23SN01984/2024|H5N1|USA-MA|2024-02-14|avian|C2.1
376,166,0.0327232784099284,-71.1472905476805,42.3864502316496,-71.1133944539562,42.3249737741233,0.475173506843404,0.442450228433475,2024.08749530082,2024.12021857923,A/Canada_Goose/Massachusetts/23SN01954/2024|H5N1|USA-MA|2024-02-14|avian|C2.1
378,164,0.0139059580269376,-71.1311423326465,42.3084406614067,-71.0453340925053,42.2954575108603,0.475173506843404,0.461267548816466,2024.10631262121,2024.12021857923,A/Canada_goose/Massachusetts/23SN01963/2024|H5N1|USA-MA|2024-02-14|avian|C2.1
378,165,0.0139059580269376,-71.1311423326465,42.3084406614067,-71.0940770062337,42.3411569450189,0.475173506843404,0.461267548816466,2024.10631262121,2024.12021857923,A/Canada_goose/Massachusetts/23SN01983/2024|H5N1|USA-MA|2024-02-14|avian|C2.1
275,276,0.0295096570198389,-71.2827294589223,42.6563867649537,-71.1683411105994,42.7633827657332,0.477231404142793,0.447721747122955,2024.09276681951,2024.12227647653,NA
345,98,0.0334216172605548,-77.9728507997409,35.1356055822669,-77.8299483274304,34.9431037083096,0.47790574728053,0.444484130019975,2024.08952920241,2024.12295081967,A/turkey/North_Carolina/24-005140-002-original/2024|H5N1|USA-NC|2024-02-15|avian|C2.1
345,97,0.0334216172605548,-77.9728507997409,35.1356055822669,-77.8529265492508,35.0223738069869,0.47790574728053,0.444484130019975,2024.08952920241,2024.12295081967,A/turkey/North_Carolina/24-005140-001-original/2024|H5N1|USA-NC|2024-02-15|avian|C2.1
227,249,0.421605267493135,-76.5052529013593,39.2137056708692,-71.2513297361294,42.3167305946006,0.478466223972335,0.0568609564791995,2023.70190602887,2024.12351129636,NA
278,308,0.0421859914744231,-70.7580237788588,41.8455631786593,-71.2090908089686,42.0048128138121,0.47877982777475,0.436593836300327,2024.08163890869,2024.12382490017,NA
288,294,0.0131725180451891,-70.939077328965,42.5900876437922,-70.4223619039764,43.2660390801721,0.479367905171582,0.466195387126393,2024.11124045952,2024.12441297756,NA
294,296,0.000635187995771447,-70.4223619039764,43.2660390801721,-70.421838844802,43.2691570627665,0.480003093167353,0.479367905171582,2024.12441297756,2024.12504816556,NA
258,259,0.105265759222621,-71.2475583087388,42.5574951938524,-71.753372420347,42.3684289208242,0.480039892601954,0.374774133379333,2024.01981920577,2024.12508496499,NA
249,115,0.00217176374554856,-71.2513297361294,42.3167305946006,-71.1227655496231,42.4144473520867,0.480637987717884,0.478466223972335,2024.12351129636,2024.12568306011,A/Canada_Goose/Massachusetts/24MM00070/2024|H5N1|USA-MA|2024-02-16|avian|C2.1
259,260,0.00133909431026097,-71.753372420347,42.3684289208242,-71.7458497350826,42.3689435030326,0.481378986912215,0.480039892601954,2024.12508496499,2024.1264240593,NA
398,399,0.00872863037116883,-70.5569895330848,41.7270339049635,-70.4794491632218,41.3750384396657,0.481528555314966,0.472799924943797,2024.11784499734,2024.12657362771,NA
296,300,0.00295455707470843,-70.421838844802,43.2691570627665,-70.5002841704167,43.0805944821687,0.482957650242062,0.480003093167353,2024.12504816556,2024.12800272263,NA
296,297,0.00332139288710026,-70.421838844802,43.2691570627665,-70.49193708458,42.832100250585,0.483324486054454,0.480003093167353,2024.12504816556,2024.12836955845,NA
348,137,0.421191412804725,-71.4646516843837,40.9660864648764,-70.0573424200178,41.6809836719234,0.486102468592136,0.0649110557874109,2023.70995612818,2024.13114754098,A/Great_Black-backed_Gull/Massachusetts/23WI00340/2024|H5N1|USA-MA|2024-02-18|avian|C2.1
313,61,0.0364132336233765,-70.8190991183901,42.4469699233284,-70.3728390661402,41.7018375121838,0.486102468592136,0.449689234968759,2024.09473430736,2024.13114754098,A/Herring_Gull/Massachusetts/23WI00341/2024|H5N1|USA-MA|2024-02-18|avian|C2.1
399,400,0.00463819672901961,-70.4794491632218,41.3750384396657,-70.4801792977487,41.4958878011005,0.486166752043985,0.481528555314966,2024.12657362771,2024.13121182444,NA
260,261,0.00653269691279657,-71.7458497350826,42.3689435030326,-72.0058873980841,42.3174793712787,0.487911683825012,0.481378986912215,2024.1264240593,2024.13295675622,NA
399,401,0.00665271498874725,-70.4794491632218,41.3750384396657,-70.282445773929,41.483473031734,0.488181270303713,0.481528555314966,2024.12657362771,2024.1332263427,NA
300,301,0.00542435285988169,-70.5002841704167,43.0805944821687,-70.9234509566869,42.783785377981,0.488382003101944,0.482957650242062,2024.12800272263,2024.13342707549,NA
289,292,0.0195680999886289,-70.6249640794866,42.7198942297742,-71.2117016059695,42.779519725343,0.49116711597181,0.471599015983181,2024.11664408837,2024.13621218836,NA
249,116,0.0131007254940532,-71.2513297361294,42.3167305946006,-71.1183426474703,42.383903464624,0.491566949466388,0.478466223972335,2024.12351129636,2024.13661202186,A/Canada_Goose/Massachusetts/24HP00050/2024|H5N1|USA-MA|2024-02-20|avian|C2.1
260,10,0.0101879625541728,-71.7458497350826,42.3689435030326,-71.7452677213643,42.3726873950278,0.491566949466388,0.481378986912215,2024.1264240593,2024.13661202186,A/bald_eagle/Massachusetts/24MM00089/2024|H5N1|USA-MA|2024-02-20|avian|C2.1
261,8,0.00365526564137625,-72.0058873980841,42.3174793712787,-72.015726702141,42.4212621304611,0.491566949466388,0.487911683825012,2024.13295675622,2024.13661202186,A/bald_eagle/Massachusetts/24MM00088/2024|H5N1|USA-MA|2024-02-20|avian|C2.1
301,302,0.00363534729767889,-70.9234509566869,42.783785377981,-70.9028658606792,42.804837068579,0.492017350399622,0.488382003101944,2024.13342707549,2024.13706242279,NA
300,303,0.00993317861201776,-70.5002841704167,43.0805944821687,-71.2238194054556,42.8339526882944,0.49289082885408,0.482957650242062,2024.12800272263,2024.13793590125,NA
292,293,0.00214432224219047,-71.2117016059695,42.779519725343,-71.1341718881173,42.8105400659413,0.493311438214001,0.49116711597181,2024.13621218836,2024.13835651061,NA
293,31,0.000987751689513761,-71.1341718881173,42.8105400659413,-71.1477123398892,42.8109716799093,0.494299189903514,0.493311438214001,2024.13835651061,2024.1393442623,A/white-winged_scoter/Massachusetts/24MM00091/2024|H5N1|USA-MA|2024-02-21|avian|C2.1
293,29,0.000987751689513761,-71.1341718881173,42.8105400659413,-71.1140287200804,42.8029404138634,0.494299189903514,0.493311438214001,2024.13835651061,2024.1393442623,A/white-winged_scoter/Massachusetts/24MM00090/2024|H5N1|USA-MA|2024-02-21|avian|C2.1
401,404,0.00807819143827859,-70.282445773929,41.483473031734,-70.3372633327319,41.5045906610943,0.496259461741991,0.488181270303713,2024.1332263427,2024.14130453413,NA
245,135,0.320845711177021,-76.2071949930998,40.0023286389541,-76.285487050182,42.9151386308825,0.497031430340641,0.17618571916362,2023.82123079156,2024.14207650273,A/chicken/New_York/24-005701-001-original/2024|H5N1|USA-NY|2024-02-22|avian|C2.1
398,201,0.0242315053968439,-70.5569895330848,41.7270339049635,-70.6375380805992,41.6268251611474,0.497031430340641,0.472799924943797,2024.11784499734,2024.14207650273,A/Herring_Gull/Massachusetts/23WI00346/2024|H5N1|USA-MA|2024-02-22|avian|C2.1
303,306,0.00531495336210031,-71.2238194054556,42.8339526882944,-71.2022548673132,42.5310109913193,0.49820578221618,0.49289082885408,2024.13793590125,2024.14325085461,NA
297,298,0.0156881034110316,-70.49193708458,42.832100250585,-70.7969452956095,42.7019140236327,0.499012589465485,0.483324486054454,2024.12836955845,2024.14405766186,NA
365,147,0.0775621800202727,-70.9066808107051,42.5469378148804,-70.2039818055865,41.6551614031559,0.499763670777994,0.422201490757721,2024.06724656315,2024.14480874317,A/Sanderling/Massachusetts/23WI00347/2024|H5N1|USA-MA|2024-02-23|avian|C2.1
337,21,0.0295363775032143,-80.6925073526117,41.019103213619,-80.7363514120125,41.0732061765503,0.499763670777994,0.47022729327478,2024.11527236567,2024.14480874317,A/peafowl/Ohio/24-005906-001-original/2024|H5N1|USA-OH|2024-02-23|avian|C2.1
337,22,0.0295363775032143,-80.6925073526117,41.019103213619,-80.7637984835781,40.9839386827591,0.499763670777994,0.47022729327478,2024.11527236567,2024.14480874317,A/poultry/Ohio/24-005906-002-original/2024|H5N1|USA-OH|2024-02-23|avian|C2.1
259,11,0.0197237781760396,-71.753372420347,42.3684289208242,-71.9439203284167,42.198945548824,0.499763670777994,0.480039892601954,2024.12508496499,2024.14480874317,A/bald_eagle/Massachusetts/24HP00062/2024|H5N1|USA-MA|2024-02-23|avian|C2.1
261,9,0.0118519869529821,-72.0058873980841,42.3174793712787,-71.9332109501882,42.307973147629,0.499763670777994,0.487911683825012,2024.13295675622,2024.14480874317,A/bald_eagle/Massachusetts/24HP00061/2024|H5N1|USA-MA|2024-02-23|avian|C2.1
301,54,0.0113816676760505,-70.9234509566869,42.783785377981,-70.9137592372403,42.7860107684113,0.499763670777994,0.488382003101944,2024.13342707549,2024.14480874317,A/white-winged_scoter/Massachusetts/24HP00070/2024|H5N1|USA-MA|2024-02-23|avian|C2.1
292,30,0.00859655480618393,-71.2117016059695,42.779519725343,-72.0041828246017,42.0642035054939,0.499763670777994,0.49116711597181,2024.13621218836,2024.14480874317,A/white-winged_scoter/Massachusetts/24HP00063/2024|H5N1|USA-MA|2024-02-23|avian|C2.1
302,55,0.00774632037837164,-70.9028658606792,42.804837068579,-71.0196533729083,42.7412925984024,0.499763670777994,0.492017350399622,2024.13706242279,2024.14480874317,A/white-winged_scoter/Massachusetts/24MM00106/2024|H5N1|USA-MA|2024-02-23|avian|C2.1
302,53,0.00774632037837164,-70.9028658606792,42.804837068579,-71.0273547098065,42.5962051054083,0.499763670777994,0.492017350399622,2024.13706242279,2024.14480874317,A/white-winged_scoter/Massachusetts/24HP00069/2024|H5N1|USA-MA|2024-02-23|avian|C2.1
306,48,0.00155788856181416,-71.2022548673132,42.5310109913193,-71.1869789811982,42.6367466331743,0.499763670777994,0.49820578221618,2024.14325085461,2024.14480874317,A/white-winged_scoter/Massachusetts/24HP00067/2024|H5N1|USA-MA|2024-02-23|avian|C2.1
289,290,0.028214186179419,-70.6249640794866,42.7198942297742,-70.9356013328872,42.6843639003183,0.4998132021626,0.471599015983181,2024.11664408837,2024.14485827455,NA
281,282,0.0337924302859594,-71.0654440937598,42.614776817456,-71.1262667159898,42.2283440726654,0.501810233239063,0.468017802953103,2024.11306287534,2024.14685530563,NA
254,262,0.374249110787798,-70.6146117267881,42.8001467902973,-70.3959429722191,42.024451610615,0.502132732045582,0.127883621257785,2023.77292869365,2024.14717780444,NA
386,187,0.0605756392745024,-70.3809796359887,41.6041405020995,-70.3055110893563,41.675168543369,0.50249591121512,0.441920271940618,2024.08696534433,2024.14754098361,A/Sanderling/Massachusetts/23WI00351/2024|H5N1|USA-MA|2024-02-24|avian|C2.1
298,299,0.004727345760209,-70.7969452956095,42.7019140236327,-70.9852332790626,42.8008883434905,0.503739935225694,0.499012589465485,2024.14405766186,2024.14878500762,NA
284,285,0.0322131648550282,-71.0617766291747,42.617389361895,-70.8970831249822,42.6562921268918,0.50622879697287,0.474015632117842,2024.11906070451,2024.15127386936,NA
303,304,0.0138745252458634,-71.2238194054556,42.8339526882944,-70.9942997915447,42.5477823279839,0.506765354099943,0.49289082885408,2024.13793590125,2024.15181042649,NA
285,286,0.00128238800744052,-70.8970831249822,42.6562921268918,-70.8964536800973,42.6491854125055,0.507511184980311,0.50622879697287,2024.15127386936,2024.15255625737,NA
285,45,0.00173159511650223,-70.8970831249822,42.6562921268918,-70.8922709511265,42.5142060262492,0.507960392089372,0.50622879697287,2024.15127386936,2024.15300546448,A/white-winged_scoter/Massachusetts/24HP00075/2024|H5N1|USA-MA|2024-02-26|avian|C2.1
286,47,0.000449207109061822,-70.8964536800973,42.6491854125055,-70.863592425862,42.6607857660765,0.507960392089373,0.507511184980311,2024.15255625737,2024.15300546448,A/white-winged_scoter/Massachusetts/24MM00125/2024|H5N1|USA-MA|2024-02-26|avian|C2.1
286,46,0.000449207109061822,-70.8964536800973,42.6491854125055,-71.0605996948784,42.6946757818475,0.507960392089373,0.507511184980311,2024.15255625737,2024.15300546448,A/white-winged_scoter/Massachusetts/24HP00076/2024|H5N1|USA-MA|2024-02-26|avian|C2.1
304,305,0.00286597323205184,-70.9942997915447,42.5477823279839,-70.9388010568319,42.6446926696546,0.509631327331995,0.506765354099943,2024.15181042649,2024.15467639972,NA
413,205,0.361460807149557,-70.7637835085915,43.2030605819869,-70.9233733796854,43.0744287565346,0.510692632526499,0.149231825376942,2023.79427689777,2024.15573770492,A/Herring_gull/NH/24-014129-001/2024|H5N1|USA-NH|2024-02-27|avian|C2.1
279,58,0.0727848239271676,-70.7772146517264,41.7446047710037,-70.4299068204632,41.6248796686945,0.510692632526499,0.437907808599331,2024.08295288099,2024.15573770492,A/Great_Black-backed_Gull/Massachusetts/23WI00356/2024|H5N1|USA-MA|2024-02-27|avian|C2.1
276,23,0.0334612283837053,-71.1683411105994,42.7633827657332,-70.938602454311,42.9103246043506,0.510692632526499,0.477231404142793,2024.12227647653,2024.15573770492,A/Herring_gull/New_Hampshire/23NE01700/2024|H5N1|USA-NH|2024-02-27|avian|C2.1
297,40,0.027368146472045,-70.49193708458,42.832100250585,-70.2026696751946,41.731889890762,0.510692632526499,0.483324486054454,2024.12836955845,2024.15573770492,A/Great_Black-backed_Gull/Massachusetts/23WI00355/2024|H5N1|USA-MA|2024-02-27|avian|C2.1
305,52,0.00106130519450376,-70.9388010568319,42.6446926696546,-70.9763570201118,42.6551011775205,0.510692632526499,0.509631327331995,2024.15467639972,2024.15573770492,A/white-winged_scoter/Massachusetts/24MM00123/2024|H5N1|USA-MA|2024-02-27|avian|C2.1
305,51,0.00106130519450376,-70.9388010568319,42.6446926696546,-70.870337300395,42.6153881218678,0.510692632526499,0.509631327331995,2024.15467639972,2024.15573770492,A/white-winged_scoter/Massachusetts/24MM00122/2024|H5N1|USA-MA|2024-02-27|avian|C2.1
404,405,0.0159832825325979,-70.3372633327319,41.5045906610943,-70.2107945279212,41.7869245610336,0.512242744274589,0.496259461741991,2024.14130453413,2024.15728781667,NA
389,180,0.0418445114443868,-70.2670923115331,41.5412192472977,-70.3882688888138,41.6344322063792,0.513424872963625,0.471580361519238,2024.11662543391,2024.15846994536,A/Great_Black-backed_Gull/Massachusetts/23WI00358/2024|H5N1|USA-MA|2024-02-28|avian|C2.1
304,50,0.00665951886368188,-70.9942997915447,42.5477823279839,-70.9463849236728,42.68538015438,0.513424872963625,0.506765354099943,2024.15181042649,2024.15846994536,A/white-winged_scoter/Massachusetts/24HP00073/2024|H5N1|USA-MA|2024-02-28|avian|C2.1
392,393,0.0584335717472617,-70.133954913253,41.7075442875031,-70.346141223787,42.2447962110317,0.5172489476061,0.458815375858838,2024.10386044825,2024.16229402,NA
352,353,0.210837058380542,-70.8816985529507,41.4680838724644,-69.1578218169018,44.0200986603898,0.518194244283184,0.307357185902641,2023.95240225829,2024.16323931667,NA
405,406,0.00601868156680019,-70.2107945279212,41.7869245610336,-69.9736001389686,41.9512010331135,0.518261425841389,0.512242744274589,2024.15728781667,2024.16330649823,NA
317,86,0.156732907710884,-71.6590582387702,41.2630281366601,-70.570133109512,41.7576297794728,0.518889353838105,0.362156446127221,2024.00720151852,2024.16393442623,A/Herring_Gull/Massachusetts/23WI00359/2024|H5N1|USA-MA|2024-03-01|avian|C2.1
404,191,0.0226298920961133,-70.3372633327319,41.5045906610943,-70.004800028668,41.8446491105856,0.518889353838105,0.496259461741991,2024.14130453413,2024.16393442623,A/American_Crow/Massachusetts/23WI00360/2024|H5N1|USA-MA|2024-03-01|avian|C2.1
276,277,0.042412664148224,-71.1683411105994,42.7633827657332,-71.1978849759509,42.7654145241855,0.519644068291018,0.477231404142793,2024.12227647653,2024.16468914068,NA
287,307,0.0584456705867099,-70.9452318977891,42.634207477393,-70.7711774128035,42.6309303008718,0.521247922172397,0.462802251585687,2024.10784732398,2024.16629299456,NA
290,39,0.0218083921126305,-70.9356013328872,42.6843639003183,-71.0967634056219,42.6094894792633,0.521621594275231,0.4998132021626,2024.14485827455,2024.16666666667,A/black_scoter/Massachusetts/24HP00081/2024|H5N1|USA-MA|2024-03-02|avian|C2.1
307,27,0.00310591253996029,-70.7711774128035,42.6309303008718,-70.742037914451,42.670685155279,0.524353834712357,0.521247922172397,2024.16629299456,2024.1693989071,A/herring_gull/Massachusetts/24HP00084/2024|H5N1|USA-MA|2024-03-03|avian|C2.1
307,28,0.00310591253996029,-70.7711774128035,42.6309303008718,-70.7895704080181,42.6156231807195,0.524353834712357,0.521247922172397,2024.16629299456,2024.1693989071,A/herring_gull/Massachusetts/24HP00083/2024|H5N1|USA-MA|2024-03-03|avian|C2.1
406,407,0.00755409894331938,-69.9736001389686,41.9512010331135,-69.9322765412345,41.9704365442393,0.525815524784709,0.518261425841389,2024.16330649823,2024.17086059718,NA
407,200,0.0012705503647743,-69.9322765412345,41.9704365442393,-70.0692419692359,41.9386845731438,0.527086075149483,0.525815524784709,2024.17086059718,2024.17213114754,A/Sanderling/Massachusetts/23WI00364/2024|H5N1|USA-MA|2024-03-04|avian|C2.1
407,408,0.00181423822514781,-69.9322765412345,41.9704365442393,-69.9769695801466,41.9445741915569,0.527629763009857,0.525815524784709,2024.17086059718,2024.1726748354,NA
310,311,0.0999931477202559,-71.0597938472766,42.4089539063707,-70.6534818592185,41.8829837441073,0.531614225715557,0.431621077995301,2024.07666615039,2024.17665929811,NA
312,63,0.106836277287812,-70.7713001807172,42.5530773770344,-70.9121966569249,42.4862970385687,0.535282796460862,0.42844651917305,2024.07349159156,2024.18032786885,A/common_loon/Massachusetts/24HP00251/2024|H5N1|USA-MA|2024-03-07|avian|C2.1
397,176,0.0891205942104787,-70.0952203392733,41.8380853239873,-70.4846529014696,41.6595757844539,0.535282796460862,0.446162202250383,2024.09120727464,2024.18032786885,A/sanderling/Massachusetts/23NE01769/2024|H5N1|USA-MA|2024-03-07|avian|C2.1
313,62,0.0855935614921022,-70.8190991183901,42.4469699233284,-70.847219405176,42.5794914669122,0.535282796460862,0.449689234968759,2024.09473430736,2024.18032786885,A/common_loon/Massachusetts/24HP00252/2024|H5N1|USA-MA|2024-03-07|avian|C2.1
392,186,0.0764674206020234,-70.133954913253,41.7075442875031,-70.475746416768,41.7431864539285,0.535282796460862,0.458815375858838,2024.10386044825,2024.18032786885,A/sanderling/Massachusetts/23NE01770/2024|H5N1|USA-MA|2024-03-07|avian|C2.1
262,13,0.0331500644152792,-70.3959429722191,42.024451610615,-70.5180940327813,41.6626594175527,0.535282796460862,0.502132732045582,2024.14717780444,2024.18032786885,A/American_Crow/Massachusetts/23NE01756/2024|H5N1|USA-MA|2024-03-07|avian|C2.1
393,181,0.0180338488547618,-70.346141223787,42.2447962110317,-70.546276737128,41.7187166570594,0.535282796460862,0.5172489476061,2024.16229402,2024.18032786885,A/Red-Tailed_Hawk/Massachusetts/23NE01774/2024|H5N1|USA-MA|2024-03-07|avian|C2.1
277,24,0.0156387281698441,-71.1978849759509,42.7654145241855,-71.1628415630057,42.6243633856463,0.535282796460862,0.519644068291018,2024.16468914068,2024.18032786885,A/common_loon/Massachusetts/24HP00254/2024|H5N1|USA-MA|2024-03-07|avian|C2.1
277,25,0.0156387281698441,-71.1978849759509,42.7654145241855,-71.0972547258293,42.6880507113259,0.535282796460862,0.519644068291018,2024.16468914068,2024.18032786885,A/common_loon/Massachusetts/24HP00255/2024|H5N1|USA-MA|2024-03-07|avian|C2.1
311,59,0.00366857074530447,-70.6534818592185,41.8829837441073,-70.6756307463624,41.860738504248,0.535282796460862,0.531614225715557,2024.17665929811,2024.18032786885,A/Common_Eider/Massachusetts/23NE01730/2024|H5N1|USA-MA|2024-03-07|avian|C2.1
268,20,0.303402165984862,-73.2456222692874,42.7195241397787,-71.562049396533,41.6131785979734,0.538015036898215,0.234612870913353,2023.8796579433,2024.18306010929,A/brandt_goose/Rhode_Island/24HP00104/2024|H5N1|USA-RI|2024-03-08|avian|C2.1
306,49,0.0398092546820352,-71.2022548673132,42.5310109913193,-71.6661367087286,41.773160762689,0.538015036898215,0.49820578221618,2024.14325085461,2024.18306010929,A/surf_scoter/Rhode_Island/24HP00111/2024|H5N1|USA-RI|2024-03-08|avian|C2.1
290,291,0.0402267259106927,-70.9356013328872,42.6843639003183,-71.0551988694214,42.585496288333,0.540039928073293,0.4998132021626,2024.14485827455,2024.18508500046,NA
405,411,0.0297295806182803,-70.2107945279212,41.7869245610336,-70.0273446527598,41.7628638693982,0.54197232489287,0.512242744274589,2024.15728781667,2024.18701739728,NA
408,409,0.0159817519060254,-69.9769695801466,41.9445741915569,-70.2072457796589,41.7175802272866,0.543611514915882,0.527629763009857,2024.1726748354,2024.18865658731,NA
294,295,0.066349236719643,-70.4223619039764,43.2660390801721,-71.0479279191687,42.7438010545492,0.545717141891225,0.479367905171582,2024.12441297756,2024.19076221428,NA
291,35,0.00617183013630052,-71.0551988694214,42.585496288333,-71.0217908468775,42.6061852270426,0.546211758209594,0.540039928073293,2024.18508500046,2024.1912568306,A/common_loon/Massachusetts/24MM00171/2024|H5N1|USA-MA|2024-03-11|avian|C2.1
291,36,0.00617183013630052,-71.0551988694214,42.585496288333,-70.8083236023609,42.6425255275236,0.546211758209594,0.540039928073293,2024.18508500046,2024.1912568306,A/common_loon/Massachusetts/24HP00270/2024|H5N1|USA-MA|2024-03-11|avian|C2.1
411,194,0.00423943331672405,-70.0273446527598,41.7628638693982,-69.9706974210719,41.795101859742,0.546211758209594,0.54197232489287,2024.18701739728,2024.1912568306,A/Sanderling/Massachusetts/23WI00367/2024|H5N1|USA-MA|2024-03-11|avian|C2.1
295,32,0.000494616318368668,-71.0479279191687,42.7438010545492,-71.0182848820413,42.7562964539612,0.546211758209594,0.545717141891225,2024.19076221428,2024.1912568306,A/White-winged_Scoter/Massachusetts/24MM00170/2024|H5N1|USA-MA|2024-03-11|avian|C2.1
295,33,0.000494616318368668,-71.0479279191687,42.7438010545492,-71.2001566681359,42.7048681829549,0.546211758209594,0.545717141891225,2024.19076221428,2024.1912568306,A/white-winged_scoter/Massachusetts/24MM00169/2024|H5N1|USA-MA|2024-03-11|avian|C2.1
409,410,0.00613490976441766,-70.2072457796589,41.7175802272866,-70.559275698806,41.6038935988598,0.5497464246803,0.543611514915882,2024.18865658731,2024.19479149707,NA
401,402,0.0619434454714781,-70.282445773929,41.483473031734,-69.9130780545638,41.8098986217255,0.550124715775191,0.488181270303713,2024.1332263427,2024.19516978817,NA
353,160,0.0334819948006624,-69.1578218169018,44.0200986603898,-69.1363539743816,44.0153242394219,0.551676239083846,0.518194244283184,2024.16323931667,2024.19672131148,A/domestic_goose/Maine/24-007946-002-original/2024|H5N1|USA-ME|2024-03-13|avian|C2.1
353,161,0.0334819948006624,-69.1578218169018,44.0200986603898,-69.1003530737208,44.1173944943445,0.551676239083846,0.518194244283184,2024.16323931667,2024.19672131148,A/chicken/Maine/24-007946-001/2024|H5N1|USA-ME|2024-03-13|avian|C2.1
402,190,0.00155152330865516,-69.9130780545638,41.8098986217255,-69.9542225299725,41.7720806610413,0.551676239083846,0.550124715775191,2024.19516978817,2024.19672131148,A/Sanderling/Massachusetts/23WI00369/2024|H5N1|USA-MA|2024-03-13|avian|C2.1
393,394,0.0351194592042405,-70.346141223787,42.2447962110317,-70.1065512476404,41.7364728944211,0.55236840681034,0.5172489476061,2024.16229402,2024.1974134792,NA
411,412,0.0115405724953919,-70.0273446527598,41.7628638693982,-69.9586567536582,41.7828081332109,0.553512897388261,0.54197232489287,2024.18701739728,2024.19855796978,NA
409,197,0.0107969646050902,-70.2072457796589,41.7175802272866,-70.0288051391215,41.6907222196644,0.554408479520972,0.543611514915882,2024.18865658731,2024.19945355191,A/Sanderling/Massachusetts/23WI00370/2024|H5N1|USA-MA|2024-03-14|avian|C2.1
317,318,0.193795042908326,-71.6590582387702,41.2630281366601,-70.1682486654435,41.2806860719908,0.555951489035547,0.362156446127221,2024.00720151852,2024.20099656143,NA
315,89,0.346077876598597,-72.5207141635408,42.8661091428729,-71.0862660686912,42.3290215608718,0.557140719958326,0.211062843359729,2023.85610791575,2024.20218579235,A/Red-Tailed_Hawk/Massachusetts/23NE01728/2024|H5N1|USA-MA|2024-03-15|avian|C2.1
308,57,0.0783608921835755,-71.2090908089686,42.0048128138121,-71.0199782150291,42.1130344405115,0.557140719958326,0.47877982777475,2024.12382490017,2024.20218579235,A/White-winged_Scoter/Massachusetts/23NE01739/2024|H5N1|USA-MA|2024-03-15|avian|C2.1
379,380,0.313634320066848,-71.213520245051,41.1029019700268,-71.2407297882995,41.930274078514,0.562337930455084,0.248703610388236,2023.89374868278,2024.20738300285,NA
282,42,0.0607949675935152,-71.1262667159898,42.2283440726654,-71.1428433199979,42.4677133417318,0.562605200832578,0.501810233239063,2024.14685530563,2024.20765027322,A/great_horned_owl/Massachusetts/24MM00193/2024|H5N1|USA-MA|2024-03-17|avian|C2.1
318,87,0.0093859522341575,-70.1682486654435,41.2806860719908,-70.1601026078071,41.2697002053485,0.565337441269704,0.555951489035547,2024.20099656143,2024.21038251366,A/Great_Black-Backed_Gull/Massachusetts/24WP00029/2024|H5N1|USA-MA|2024-03-18|avian|C2.1
318,88,0.0093859522341575,-70.1682486654435,41.2806860719908,-70.1600400658296,41.274751547265,0.565337441269704,0.555951489035547,2024.20099656143,2024.21038251366,A/Great_Black-Backed_Gull/Massachusetts/24WP00030/2024|H5N1|USA-MA|2024-03-18|avian|C2.1
262,12,0.0686691900983741,-70.3959429722191,42.024451610615,-70.0445552468409,42.0067790860383,0.570801922143957,0.502132732045582,2024.14717780444,2024.21584699454,A/Red-Tailed_Hawk/Massachusetts/23NE01782/2024|H5N1|USA-MA|2024-03-20|avian|C2.1
406,199,0.0525404963025671,-69.9736001389686,41.9512010331135,-70.151470167118,41.7049682718913,0.570801922143957,0.518261425841389,2024.16330649823,2024.21584699454,A/Sanderling/Massachusetts/23NE01785/2024|H5N1|USA-MA|2024-03-20|avian|C2.1
394,185,0.018433515333616,-70.1065512476404,41.7364728944211,-70.4794052612382,41.5811042597535,0.570801922143956,0.55236840681034,2024.1974134792,2024.21584699454,A/American_Crow/Massachusetts/23NE01779/2024|H5N1|USA-MA|2024-03-20|avian|C2.1
282,283,0.0785465309293517,-71.1262667159898,42.2283440726654,-70.9674412779208,42.1675652698883,0.580356764168415,0.501810233239063,2024.14685530563,2024.22540183656,NA
283,44,0.00137411972427404,-70.9674412779208,42.1675652698883,-71.0061130422068,42.2075418631204,0.581730883892689,0.580356764168415,2024.22540183656,2024.22677595628,A/Great_Black-backed_Gull/Massachusetts/24MM00212/2024|H5N1|USA-MA|2024-03-24|avian|C2.1
283,43,0.0041063601614002,-70.9674412779208,42.1675652698883,-71.0298304398347,42.195478754317,0.584463124329815,0.580356764168415,2024.22540183656,2024.22950819672,A/Great_Black-backed_Gull/Massachusetts/24MM00219/2024|H5N1|USA-MA|2024-03-25|avian|C2.1
389,390,0.113502036762078,-70.2670923115331,41.5412192472977,-69.9974468620627,41.2400275542658,0.585082398281316,0.471580361519238,2024.11662543391,2024.23012747067,NA
311,60,0.0555811390513837,-70.6534818592185,41.8829837441073,-70.571491819599,41.9392203941295,0.587195364766941,0.531614225715557,2024.17665929811,2024.23224043716,A/common_raven/Massachusetts/24HP00517/2024|H5N1|USA-MA|2024-03-26|avian|C2.1
380,168,0.0275896747489832,-71.2407297882995,41.930274078514,-71.1406784730817,42.0074198684103,0.589927605204067,0.562337930455084,2024.20738300285,2024.2349726776,A/bald_eagle/Massachusetts/24MM00234/2024|H5N1|USA-MA|2024-03-27|avian|C2.1
380,169,0.0275896747489832,-71.2407297882995,41.930274078514,-71.0553180457415,41.9639964354426,0.589927605204067,0.562337930455084,2024.20738300285,2024.2349726776,A/bald_eagle/Massachusetts/24MM00241/2024|H5N1|USA-MA|2024-03-27|avian|C2.1
394,395,0.042660677456875,-70.1065512476404,41.7364728944211,-70.1479578602934,41.7207956945938,0.595029084267215,0.55236840681034,2024.1974134792,2024.24007415666,NA
402,403,0.0491723749210853,-69.9130780545638,41.8098986217255,-70.0538060399377,41.72987760189,0.599297090696276,0.550124715775191,2024.19516978817,2024.24434216309,NA
284,41,0.126840934834957,-71.0617766291747,42.617389361895,-70.0315329943249,41.7755966748246,0.600856566952799,0.474015632117842,2024.11906070451,2024.24590163934,A/American_crow/Massachusetts/23WI00384/2024|H5N1|USA-MA|2024-03-31|avian|C2.1
400,202,0.125618776657319,-70.4801792977487,41.4958878011005,-70.3622083989668,41.6817085031661,0.611785528701304,0.486166752043985,2024.13121182444,2024.25683060109,A/American_Crow/Massachusetts/23NE01794/2024|H5N1|USA-MA|2024-04-04|avian|C2.1
400,203,0.125618776657319,-70.4801792977487,41.4958878011005,-70.6038381634476,41.5865330816992,0.611785528701304,0.486166752043985,2024.13121182444,2024.25683060109,A/Great_Black-backed_Gull/Massachusetts/23WI00392/2024|H5N1|USA-MA|2024-04-04|avian|C2.1
395,396,0.0179245460805713,-70.1479578602934,41.7207956945938,-70.5897471500299,41.706787838179,0.612953630347787,0.595029084267215,2024.24007415666,2024.25799870274,NA
410,195,0.0647713444581303,-70.559275698806,41.6038935988598,-70.493652758282,41.5616513468744,0.61451776913843,0.5497464246803,2024.19479149707,2024.25956284153,A/sanderling/Massachusetts/24MM00281/2024|H5N1|USA-MA|2024-04-05|avian|C2.1
410,196,0.0647713444581303,-70.559275698806,41.6038935988598,-70.2956055662295,41.687293914964,0.61451776913843,0.5497464246803,2024.19479149707,2024.25956284153,A/sanderling/Massachusetts/24MM00280/2024|H5N1|USA-MA|2024-04-05|avian|C2.1
412,192,0.0610048717501686,-69.9586567536582,41.7828081332109,-70.5050469218352,41.7663496483813,0.61451776913843,0.553512897388261,2024.19855796978,2024.25956284153,A/sanderling/Massachusetts/24MM00287/2024|H5N1|USA-MA|2024-04-05|avian|C2.1
412,193,0.0610048717501686,-69.9586567536582,41.7828081332109,-70.5291127645206,41.6179220015498,0.61451776913843,0.553512897388261,2024.19855796978,2024.25956284153,A/sanderling/Massachusetts/24MM00286/2024|H5N1|USA-MA|2024-04-05|avian|C2.1
403,189,0.0152206784421538,-70.0538060399377,41.72987760189,-70.4863133209599,41.5729766460918,0.61451776913843,0.599297090696276,2024.24434216309,2024.25956284153,A/sanderling/Massachusetts/24MM00283/2024|H5N1|USA-MA|2024-04-05|avian|C2.1
403,188,0.0152206784421538,-70.0538060399377,41.72987760189,-69.9443155834052,41.793560934511,0.61451776913843,0.599297090696276,2024.24434216309,2024.25956284153,A/sanderling/Massachusetts/24MM00282/2024|H5N1|USA-MA|2024-04-05|avian|C2.1
396,182,0.00156413879064321,-70.5897471500299,41.706787838179,-70.5282862724362,41.6941300637965,0.61451776913843,0.612953630347787,2024.25799870274,2024.25956284153,A/sanderling/Massachusetts/24MM00285/2024|H5N1|USA-MA|2024-04-05|avian|C2.1
396,183,0.00156413879064321,-70.5897471500299,41.706787838179,-70.5970367129238,41.6880278949873,0.61451776913843,0.612953630347787,2024.25799870274,2024.25956284153,A/sanderling/Massachusetts/24MM00284/2024|H5N1|USA-MA|2024-04-05|avian|C2.1
395,184,0.0358821274941988,-70.1479578602934,41.7207956945938,-70.3576777314881,41.6856322736455,0.630911211761414,0.595029084267215,2024.24007415666,2024.27595628415,A/American_Crow/Massachusetts/24NE00096/2024|H5N1|USA-MA|2024-04-11|avian|C2.1
299,37,0.129903516972846,-70.9852332790626,42.8008883434905,-70.9690961490902,42.8591765390975,0.63364345219854,0.503739935225694,2024.14878500762,2024.27868852459,A/Scoter/Massachusetts/24HP00405/2024|H5N1|USA-MA|2024-04-12|avian|C2.1
299,34,0.129903516972846,-70.9852332790626,42.8008883434905,-71.0366436415341,42.7283811640701,0.63364345219854,0.503739935225694,2024.14878500762,2024.27868852459,A/Scoter/Massachusetts/24HP00407/2024|H5N1|USA-MA|2024-04-12|avian|C2.1
390,177,0.0512932943545783,-69.9974468620627,41.2400275542658,-71.2618955759604,42.0300566212092,0.636375692635894,0.585082398281316,2024.23012747067,2024.28142076503,A/herring_gull/Massachusetts/24MM00329/2024|H5N1|USA-MA|2024-04-13|avian|C2.1
408,198,0.11421041050029,-69.9769695801466,41.9445741915569,-70.3040536688378,41.6676936495523,0.641840173510146,0.527629763009857,2024.1726748354,2024.2868852459,A/Red-Tailed_Hawk/Massachusetts/24WI00004/2024|H5N1|USA-MA|2024-04-15|avian|C2.1
390,391,0.0658615673200896,-69.9974468620627,41.2400275542658,-71.4003706766483,41.6331240167208,0.650943965601405,0.585082398281316,2024.23012747067,2024.29598903799,NA
308,56,0.173989307483901,-71.2090908089686,42.0048128138121,-70.6157634204711,41.7004335657601,0.652769135258651,0.47877982777475,2024.12382490017,2024.29781420765,A/American_crow/Massachusetts/24NE00007/2024|H5N1|USA-MA|2024-04-19|avian|C2.1
339,346,0.517593494520667,-78.1305304891087,39.9149387236403,-92.9945632228534,43.8437469799426,0.66121630454028,0.143622810019613,2023.78866788241,2024.30626137693,NA
391,178,0.0127541314059776,-71.4003706766483,41.6331240167208,-71.2764356839067,41.7482283714026,0.663698097007383,0.650943965601405,2024.29598903799,2024.3087431694,A/Herring_gull/Rhode_Island/24HP00137/2024|H5N1|USA-RI|2024-04-23|avian|C2.1
236,131,0.554581034599353,-76.6605205523249,39.0581473192204,-81.9160527465022,29.8210170197815,0.666430337444509,0.111849302845156,2023.75689437524,2024.31147540984,A/domestic_duck/Florida/24-012642-001-original/2024|H5N1|USA-FL|2024-04-24|avian|C2.1
298,38,0.178346709727756,-70.7969452956095,42.7019140236327,-70.6340360373523,41.720230695149,0.677359299193241,0.499012589465485,2024.14405766186,2024.32240437158,A/American_Crow/Massachusetts/24WI00016/2024|H5N1|USA-MA|2024-04-28|avian|C2.1
346,92,0.0188752350900875,-92.9945632228534,43.8437469799426,-92.7678401183838,43.9609785956582,0.680091539630367,0.66121630454028,2024.30626137693,2024.32513661202,A/turkey/Minnesota/24-012740-002-original/2024|H5N1|USA-MN|2024-04-29|avian|C2.1
346,93,0.0188752350900875,-92.9945632228534,43.8437469799426,-92.8747635807374,43.8587937745604,0.680091539630367,0.66121630454028,2024.30626137693,2024.32513661202,A/turkey/Minnesota/24-012740-001-original/2024|H5N1|USA-MN|2024-04-29|avian|C2.1
275,26,0.235102032944539,-71.2827294589223,42.6563867649537,-71.7759055653219,41.4127592735903,0.682823780067494,0.447721747122955,2024.09276681951,2024.32786885246,A/great_black-backed_gull/Rhode_Island/24-014172-002-original/2024|H5N1|USA-RI|2024-04-30|avian|C2.1
391,179,0.094721344520672,-71.4003706766483,41.6331240167208,-71.7792311263689,41.588876184665,0.745665310122077,0.650943965601405,2024.29598903799,2024.39071038251,A/herring_gull/Rhode_Island/24-016702-001-original/2024|H5N1|USA-RI|2024-05-23|avian|C2.1
