trait,country,admin1,admin2,collection_date
EPI_ISL_20206696|A/Chicken/AB/FAV-0340-001/2025__H5N1_|H5N1|Canada-AB|Unknown|2025-10-03|domestic_avian|D1.1,Canada,AB,Unknown,2025-10-03
EPI_ISL_19792234|A/Chicken/AB/FAV-0354-2/2024|H5N1|Canada-AB|Unknown|2024-11-11|domestic_avian|D1.1,Canada,AB,Unknown,2024-11-11
EPI_ISL_20208386|A/Black-Billed_Magpie/AB/FAV-0101-2/2025|H5N1|Canada-AB|Unknown|2025-01-27|wild_avian|D1.1,Canada,AB,Unknown,2025-01-27
EPI_ISL_20208387|A/Black-Billed_Magpie/AB/FAV-0102/2025|H5N1|Canada-AB|Unknown|2025-02-13|wild_avian|D1.1,Canada,AB,Unknown,2025-02-13
EPI_ISL_20208389|A/Cackling_Goose/AB/FAV-0398-1/2024|H5N1|Canada-AB|Unknown|2024-10-23|wild_avian|D1.1,Canada,AB,Unknown,2024-10-23
EPI_ISL_20208391|A/Canada_Goose/AB/FAV-0178-6/2025|H5N1|Canada-AB|Unknown|2024-11-10|wild_avian|D1.1,Canada,AB,Unknown,2024-11-10
EPI_ISL_20208404|A/Chicken/AB/FAV-0161-1/2025|H5N1|Canada-AB|Unknown|2025-05-09|domestic_avian|D1.1,Canada,AB,Unknown,2025-05-09
EPI_ISL_20208426|A/Great_Horned_Owl/AB/FAV-0178-1/2025|H5N1|Canada-AB|Unknown|2024-12-10|wild_avian|D1.1,Canada,AB,Unknown,2024-12-10
EPI_ISL_20208456|A/Turkey/AB/FAV-0270/2025|H5N1|Canada-AB|Unknown|2025-09-03|domestic_avian|D1.1,Canada,AB,Unknown,2025-09-03
EPI_ISL_20208457|A/Turkey/AB/FAV-0274/2025|H5N1|Canada-AB|Unknown|2025-09-09|domestic_avian|D1.1,Canada,AB,Unknown,2025-09-09
EPI_ISL_19751742|A/Peregrine_Falcon/BC/AIVPHL-2576/2024|H5N1|Canada-BC|Unknown|2024-10-28|wild_avian|D1.1,Canada,BC,Unknown,2024-10-28
EPI_ISL_19751768|A/Snow_Goose/BC/AIVPHL-2636/2024|H5N1|Canada-BC|Unknown|2024-11-02|wild_avian|D1.1,Canada,BC,Unknown,2024-11-02
EPI_ISL_19787968|A/Canada_Goose/BC/AIVPHL-2656/2024|H5N1|Canada-BC|Unknown|2024-10-17|wild_avian|D1.1,Canada,BC,Unknown,2024-10-17
EPI_ISL_19787978|A/Snow_Goose/BC/AIVPHL-2667/2024|H5N1|Canada-BC|Unknown|2024-11-11|wild_avian|D1.1,Canada,BC,Unknown,2024-11-11
EPI_ISL_19788007|A/Canada_Goose/BC/AIVPHL-3503/2025|H5N1|Canada-BC|Unknown|2025-02-20|wild_avian|D1.1,Canada,BC,Unknown,2025-02-20
EPI_ISL_19788008|A/Cooper_s_Hawk/BC/AIVPHL-3515/2025|H5N1|Canada-BC|Unknown|2025-02-14|wild_avian|D1.1,Canada,BC,Unknown,2025-02-14
EPI_ISL_19788009|A/Red_Tailed_Hawk/BC/AIVPHL-2966/2025|H5N1|Canada-BC|Unknown|2025-01-06|wild_avian|D1.1,Canada,BC,Unknown,2025-01-06
EPI_ISL_19788013|A/Bald_Eagle/BC/AIVPHL-2979/2025|H5N1|Canada-BC|Unknown|2025-01-03|wild_avian|D1.1,Canada,BC,Unknown,2025-01-03
EPI_ISL_20208383|A/Bald_Eagle/BC/OTH-0030-26/2025|H5N1|Canada-BC|Unknown|2024-12-30|wild_avian|D1.1,Canada,BC,Unknown,2024-12-30
EPI_ISL_20208417|A/Chicken/BC/FAV-0421-2/2024|H5N1|Canada-BC|Unknown|2024-12-08|domestic_avian|D1.1,Canada,BC,Unknown,2024-12-08
EPI_ISL_20212940|A/Bald_Eagle/BC/AIVPHL-3618/2025|H5N1|Canada-BC|Unknown|2025-05-16|wild_avian|D1.1,Canada,BC,Unknown,2025-05-16
EPI_ISL_20258472|A/American_Wigeon/BC/AIVPHL-3746/2025|H5N1|Canada-BC|Unknown|2025-10-09|wild_avian|D1.1,Canada,BC,Unknown,2025-10-09
EPI_ISL_20258482|A/Barred_Owl/BC/AIVPHL-3767/2025|H5N1|Canada-BC|Unknown|2025-10-22|wild_avian|D1.1,Canada,BC,Unknown,2025-10-22
EPI_ISL_20258508|A/Canada_Goose/BC/AIVPHL-3850/2025|H5N1|Canada-BC|Unknown|2025-11-03|wild_avian|D1.1,Canada,BC,Unknown,2025-11-03
EPI_ISL_20258525|A/American_Crow/BC/AIVPHL-3863/2025|H5N1|Canada-BC|Unknown|2025-11-12|wild_avian|D1.1,Canada,BC,Unknown,2025-11-12
EPI_ISL_20208444|A/Snow_Goose/MB/FAV-0163-3/2025|H5N1|Canada-MB|Unknown|2025-04-26|wild_avian|D1.1,Canada,MB,Unknown,2025-04-26
EPI_ISL_20208446|A/Snow_Goose/MB/FAV-0170-16/2025|H5N1|Canada-MB|Unknown|2025-04-19|wild_avian|D1.1,Canada,MB,Unknown,2025-04-19
EPI_ISL_20208450|A/Striped_Skunk/MB/FAV-0164-2/2025|H5N1|Canada-MB|Unknown|2025-05-01|other_mammal|D1.1,Canada,MB,Unknown,2025-05-01
EPI_ISL_20208451|A/Striped_Skunk/MB/FAV-0174-1/2025|H5N1|Canada-MB|Unknown|2025-05-10|other_mammal|D1.1,Canada,MB,Unknown,2025-05-10
EPI_ISL_20208427|A/Mallard/NL/FAV-0141-13/2025|H5N1|Canada-NL|Unknown|2025-03-12|wild_avian|D1.1,Canada,NL,Unknown,2025-03-12
EPI_ISL_19792237|A/Chicken/NS/FAV-0075-2/2025|H5N1|Canada-NS|Unknown|2025-03-03|domestic_avian|D1.1,Canada,NS,Unknown,2025-03-03
EPI_ISL_20208379|A/American_Black_Duck/NS/FAV-0078-2/2025|H5N1|Canada-NS|Unknown|2025-02-04|wild_avian|D1.1,Canada,NS,Unknown,2025-02-04
EPI_ISL_20208385|A/Bald_Eagle/NS/FAV-0148/2025|H5N1|Canada-NS|Unknown|2025-02-19|wild_avian|D1.1,Canada,NS,Unknown,2025-02-19
EPI_ISL_20208452|A/Striped_Skunk/NS/FAV-0143/2025|H5N1|Canada-NS|Unknown|2025-03-26|other_mammal|D1.1,Canada,NS,Unknown,2025-03-26
EPI_ISL_19792241|A/Duck/ON/FAV-0025/2025|H5N1|Canada-ON|Unknown|2025-01-09|domestic_avian|D1.1,Canada,ON,Unknown,2025-01-09
EPI_ISL_19792248|A/Turkey/ON/FAV-0069-2/2025|H5N1|Canada-ON|Unknown|2025-02-27|domestic_avian|D1.1,Canada,ON,Unknown,2025-02-27
EPI_ISL_20208395|A/Canada_Goose/ON/FAV-0038-2/2025|H5N1|Canada-ON|Unknown|2025-01-11|wild_avian|D1.1,Canada,ON,Unknown,2025-01-11
EPI_ISL_20208401|A/Canada_Goose/ON/FAV-0070-2/2025|H5N1|Canada-ON|Unknown|2025-02-19|wild_avian|D1.1,Canada,ON,Unknown,2025-02-19
EPI_ISL_20208403|A/Caspian_Tern/ON/FAV-0181-4/2025|H5N1|Canada-ON|Unknown|2025-05-22|wild_avian|D1.1,Canada,ON,Unknown,2025-05-22
EPI_ISL_20208432|A/Mallard/ON/FAV-0059-8/2025|H5N1|Canada-ON|Unknown|2024-12-09|wild_avian|D1.1,Canada,ON,Unknown,2024-12-09
EPI_ISL_20208437|A/Red-Tailed_Hawk/ON/FAV-0121-4/2025|H5N1|Canada-ON|Unknown|2025-03-17|wild_avian|D1.1,Canada,ON,Unknown,2025-03-17
EPI_ISL_20208449|A/Snowy_Owl/ON/FAV-0035-8/2025|H5N1|Canada-ON|Unknown|2024-12-28|wild_avian|D1.1,Canada,ON,Unknown,2024-12-28
EPI_ISL_20208455|A/Turkey_Vulture/ON/FAV-0138-2/2025|H5N1|Canada-ON|Unknown|2025-04-03|wild_avian|D1.1,Canada,ON,Unknown,2025-04-03
EPI_ISL_19792232|A/Canada_goose/PE/FAV-0072-1/2025|H5N1|Canada-PE|Unknown|2025-02-22|wild_avian|D1.1,Canada,PE,Unknown,2025-02-22
EPI_ISL_20208402|A/Canada_Goose/PE/FAV-0072-5/2025|H5N1|Canada-PE|Unknown|2025-02-22|wild_avian|D1.1,Canada,PE,Unknown,2025-02-22
EPI_ISL_19792250|A/Turkey/QC/FAV-0046-1/2025|H5N1|Canada-QC|Unknown|2025-01-29|domestic_avian|D1.1,Canada,QC,Unknown,2025-01-29
EPI_ISL_20208424|A/Duck/QC/FAV-0272-2/2025|H5N1|Canada-QC|Unknown|2025-09-15|domestic_avian|D1.1,Canada,QC,Unknown,2025-09-15
EPI_ISL_20208447|A/Snow_Goose/QC/FAV-0146-5/2025|H5N1|Canada-QC|Unknown|2025-04-03|wild_avian|D1.1,Canada,QC,Unknown,2025-04-03
EPI_ISL_19792227|A/Cackling_Goose/SK/FAV-0407-8/2024|H5N1|Canada-SK|Unknown|2024-11-13|wild_avian|D1.1,Canada,SK,Unknown,2024-11-13
EPI_ISL_19792243|A/Mallard/SK/FAV-0391-21/2024|H5N1|Canada-SK|Unknown|2024-11-17|wild_avian|D1.1,Canada,SK,Unknown,2024-11-17
EPI_ISL_20208420|A/Chicken/SK/FAV-0272-1/2024|H5N1|Canada-SK|Unknown|2024-10-25|domestic_avian|D1.1,Canada,SK,Unknown,2024-10-25
EPI_ISL_20208421|A/Chicken/SK/FAV-0326-1/2025|H5N1|Canada-SK|Unknown|2025-10-01|domestic_avian|D1.1,Canada,SK,Unknown,2025-10-01
EPI_ISL_20208438|A/Rosss_Goose/SK/FAV-0170-4/2025|H5N1|Canada-SK|Unknown|2025-04-22|wild_avian|D1.1,Canada,SK,Unknown,2025-04-22
EPI_ISL_20208439|A/Rosss_Goose/SK/FAV-0170-51/2025|H5N1|Canada-SK|Unknown|2025-04-23|wild_avian|D1.1,Canada,SK,Unknown,2025-04-23
EPI_ISL_20208448|A/Snow_Goose/SK/FAV-0407-6/2024|H5N1|Canada-SK|Unknown|2024-10-30|wild_avian|D1.1,Canada,SK,Unknown,2024-10-30
EPI_ISL_20249109|A/Whooping_crane/SK/FAV-0436-1/2025|H5N1|Canada-SK|Unknown|2025-10-09|wild_avian|D1.1,Canada,SK,Unknown,2025-10-09
EPI_ISL_20180701|A/duck/Izabal/FLU-340/2025|H5N1|Guatemala-Izabal|Unknown|2025-08-25|domestic_avian|D1.1,Guatemala,Izabal,Unknown,2025-08-25
EPI_ISL_20254739|A/chicken/San_Marcos/FLU-383/2025|H5N1|Guatemala-San_Marcos|Unknown|2025-11-12|domestic_avian|D1.1,Guatemala,San_Marcos,Unknown,2025-11-12
EPI_ISL_20227034|A/Mexico/Dur_Indre_2292/2025|H5N1|Mexico-Durango|Unknown|2025-03-18|human|D1.1,Mexico,Durango,Unknown,2025-03-18
GenBank|A/goose/Durango/CPA-00444-25/2025|H5N1|Mexico-Durango|Unknown|2025-02-08|domestic_avian|D1.1,Mexico,Durango,Unknown,2025-02-08
GenBank|A/Ostrich/Sonora/CPA-00009-25/2025|H5N1|Mexico-Sonora|Unknown|2025-01-04|domestic_avian|D1.1,Mexico,Sonora,Unknown,2025-01-04
SRR34491422|A/bald_eagle/AK/24-032749-001/2024|H5N1|USA-AK|Haines|2024-10-25|wild_avian|D1.1,USA,AK,Haines,2024-10-25
SRR34491577|A/green_winged_teal/AK/24-029315-007/2024|H5N1|USA-AK|Juneau|2024-09-26|wild_avian|D1.1,USA,AK,Juneau,2024-09-26
SRR34542596|A/bald_eagle/AK/25-017393-001/2025|H5N1|USA-AK|Yukon-Koyukuk|2025-05-31|wild_avian|D1.1,USA,AK,Yukon-Koyukuk,2025-05-31
SRR36617615|A/northern_pintail/AK/24-037862-007/2024|H5N1|USA-AK|Aleutians_East|2024-10-15|wild_avian|D1.1,USA,AK,Aleutians_East,2024-10-15
SRR36617632|A/mallard_duck/AK/24-037772-039/2024|H5N1|USA-AK|Matanuska-Susitna|2024-12-05|wild_avian|D1.1,USA,AK,Matanuska-Susitna,2024-12-05
SRR36627907|A/mallard_duck/AK/24-037772-023/2024|H5N1|USA-AK|Matanuska-Susitna|2024-12-05|wild_avian|D1.1,USA,AK,Matanuska-Susitna,2024-12-05
SRR31596883|A/chicken/AK/24-034057-002-original/2024|H5N1|USA-AK|Unknown|2024-11-12|domestic_avian|D1.1,USA,AK,Unknown,2024-11-12
SRR31914376|A/chicken/AK/24-035126-001-original/2024|H5N1|USA-AK|Unknown|2024-11-21|domestic_avian|D1.1,USA,AK,Unknown,2024-11-21
SRR32254417|A/bald_eagle/AL/25-001791-001/2025|H5N1|USA-AL|Baldwin|2025-01-09|wild_avian|D1.1,USA,AL,Baldwin,2025-01-09
SRR32254443|A/snow_goose/AL/25-001388-002/2025|H5N1|USA-AL|Limestone|2025-01-02|wild_avian|D1.1,USA,AL,Limestone,2025-01-02
SRR36582196|A/Wood_duck/AL/25G05286-007/2025|H5N1|USA-AL|Barbour|2025-11-29|wild_avian|D1.1,USA,AL,Barbour,2025-11-29
SRR31885765|A/Guineafowl/AL/24-037980-001-original/2024|H5N1|USA-AL|Unknown|2024-12-13|domestic_avian|D1.1,USA,AL,Unknown,2024-12-13
SRR33029853|A/Black_Vulture/AL/25-010338-002-original/2025|H5N1|USA-AL|Unknown|2025-03-19|wild_avian|D1.1,USA,AL,Unknown,2025-03-19
SRR33125038|A/Canada_Goose/AL/25-006220-001-original/2025|H5N1|USA-AL|Unknown|2025-02-12|wild_avian|D1.1,USA,AL,Unknown,2025-02-12
SRR36203333|A/Canada_Goose/AL/25G03828-001-original/2025|H5N1|USA-AL|Unknown|2025-10-27|wild_avian|D1.1,USA,AL,Unknown,2025-10-27
SRR36212524|A/Domestic_Goose/AL/25G03044-002-original/2025|H5N1|USA-AL|Unknown|2025-10-27|domestic_avian|D1.1,USA,AL,Unknown,2025-10-27
SRR34491394|A/snow_goose/AR/24-035819-001/2024|H5N1|USA-AR|Prairie|2024-12-01|wild_avian|D1.1,USA,AR,Prairie,2024-12-01
SRR34491402|A/mallard/AR/24-036997-003/2024|H5N1|USA-AR|Prairie|2024-11-27|wild_avian|D1.1,USA,AR,Prairie,2024-11-27
SRR36538271|A/black_vulture/AR/25G04946-001/2025|H5N1|USA-AR|Washington|2025-11-20|wild_avian|D1.1,USA,AR,Washington,2025-11-20
SRR36617233|A/mallard_duck/AR/24-037952-006/2024|H5N1|USA-AR|Prairie|2024-12-11|wild_avian|D1.1,USA,AR,Prairie,2024-12-11
SRR32416354|A/American_Woodcock/AR/25-003125-001-original/2025|H5N1|USA-AR|Unknown|2025-01-13|wild_avian|D1.1,USA,AR,Unknown,2025-01-13
SRR36211667|A/Black_Vulture/AR/25G03056-001-original/2025|H5N1|USA-AR|Unknown|2025-10-21|wild_avian|D1.1,USA,AR,Unknown,2025-10-21
SRR36212242|A/Canada_Goose/AR/25G01638-001-original/2025|H5N1|USA-AR|Unknown|2025-10-04|wild_avian|D1.1,USA,AR,Unknown,2025-10-04
SRR32512601|A/american_wigeon/AZ/25-004049-003/2025|H5N1|USA-AZ|Mohave|2025-01-08|wild_avian|D1.1,USA,AZ,Mohave,2025-01-08
SRR33508711|A/barn_owl/AZ/25-000514-002/2025|H5N1|USA-AZ|Maricopa|2025-01-08|wild_avian|D1.1,USA,AZ,Maricopa,2025-01-08
SRR36617418|A/harris_hawk/AZ/24-038176-001/2024|H5N1|USA-AZ|Maricopa|2024-12-04|wild_avian|D1.1,USA,AZ,Maricopa,2024-12-04
SRR36617849|A/house_sparrow/AZ/24-036612-005/2024|H5N1|USA-AZ|Pinal|2024-11-22|wild_avian|D1.1,USA,AZ,Pinal,2024-11-22
SRR36617855|A/black_necked_stilt/AZ/24-036610-002/2024|H5N1|USA-AZ|Pinal|2024-11-25|wild_avian|D1.1,USA,AZ,Pinal,2024-11-25
SRR36628748|A/mallard_duck/AZ/25-000743-025/2024|H5N1|USA-AZ|La_Paz|2024-12-19|wild_avian|D1.1,USA,AZ,La_Paz,2024-12-19
SRR32415932|A/cattle/AZ/25-004003-002-original/2025|H5N1|USA-AZ|Unknown|2025-02-03|cattle|D1.1,USA,AZ,Unknown,2025-02-03
SRR32415933|A/cattle/AZ/25-004003-001-original/2025|H5N1|USA-AZ|Unknown|2025-02-03|cattle|D1.1,USA,AZ,Unknown,2025-02-03
SRR33319085|A/cattle/AZ/25-010942-001-original/2025|H5N1|USA-AZ|Unknown|2025-03-25|cattle|D1.1,USA,AZ,Unknown,2025-03-25
SRR33764593|A/cattle/AZ/25-013772-001-original-repeat2/2025|H5N1|USA-AZ|Unknown|2025-04-23|cattle|D1.1,USA,AZ,Unknown,2025-04-23
SRR33830342|A/chicken/AZ/25-016339-007-original/2025|H5N1|USA-AZ|Unknown|2025-05-22|domestic_avian|D1.1,USA,AZ,Unknown,2025-05-22
SRR34270136|A/chicken/AZ/25-017630-002-original/2025|H5N1|USA-AZ|Unknown|2025-06-05|domestic_avian|D1.1,USA,AZ,Unknown,2025-06-05
SRR35150577|A/cattle/AZ/25-021143-001-original-repeat2/2025|H5N1|USA-AZ|Unknown|2025-07-22|cattle|D1.1,USA,AZ,Unknown,2025-07-22
SRR36212241|A/Canada_Goose/AZ/25G01642-001-original/2025|H5N1|USA-AZ|Unknown|2025-09-30|wild_avian|D1.1,USA,AZ,Unknown,2025-09-30
SRR33029846|A/barn_owl/CA/25-010283-002/2025|H5N1|USA-CA|San_Mateo|2025-03-06|wild_avian|D1.1,USA,CA,San_Mateo,2025-03-06
SRR33125090|A/western_gull/CA/25-004499-005/2025|H5N1|USA-CA|San_Mateo|2025-01-24|wild_avian|D1.1,USA,CA,San_Mateo,2025-01-24
SRR33476783|A/Sanderling/CA/25-012990-001/2025|H5N1|USA-CA|Alameda|2025-02-27|wild_avian|D1.1,USA,CA,Alameda,2025-02-27
SRR33476791|A/Peregrine_falcon/CA/25-012990-002/2025|H5N1|USA-CA|Solano|2025-02-27|wild_avian|D1.1,USA,CA,Solano,2025-02-27
SRR33508816|A/canada_goose/CA/25-003254-006/2025|H5N1|USA-CA|San_Luis_Obispo|2025-01-30|wild_avian|D1.1,USA,CA,San_Luis_Obispo,2025-01-30
SRR33682329|A/great_blue_heron/CA/25-014655-001/2025|H5N1|USA-CA|Alameda|2025-03-12|wild_avian|D1.1,USA,CA,Alameda,2025-03-12
SRR34491403|A/western_gull/CA/24-036324-002/2024|H5N1|USA-CA|Santa_Barbara|2024-11-27|wild_avian|D1.1,USA,CA,Santa_Barbara,2024-11-27
SRR34491407|A/american_white_pelican/CA/24-031867-001/2024|H5N1|USA-CA|San_Diego|2024-10-19|wild_avian|D1.1,USA,CA,San_Diego,2024-10-19
SRR34491569|A/gadwall/CA/24-035297-036/2024|H5N1|USA-CA|Fresno|2024-11-16|wild_avian|D1.1,USA,CA,Fresno,2024-11-16
SRR36406399|A/american_green_winged_teal/CA/25G03928-006/2025|H5N1|USA-CA|Yolo|2025-10-29|wild_avian|D1.1,USA,CA,Yolo,2025-10-29
SRR36406410|A/american_wigeon/CA/25G03928-001/2025|H5N1|USA-CA|Yolo|2025-10-29|wild_avian|D1.1,USA,CA,Yolo,2025-10-29
SRR36538343|A/western_gull/CA/25G04840-001/2025|H5N1|USA-CA|Contra_Costa|2025-11-20|wild_avian|D1.1,USA,CA,Contra_Costa,2025-11-20
SRR36538375|A/red_tailed_hawk/CA/25G04838-002/2025|H5N1|USA-CA|Sacramento|2025-11-20|wild_avian|D1.1,USA,CA,Sacramento,2025-11-20
SRR36617365|A/mallard_duck/CA/24-032544-016/2024|H5N1|USA-CA|Yolo|2024-10-26|wild_avian|D1.1,USA,CA,Yolo,2024-10-26
SRR36617838|A/western_gull/CA/24-036784-001/2024|H5N1|USA-CA|Los_Angeles|2024-12-05|wild_avian|D1.1,USA,CA,Los_Angeles,2024-12-05
SRR36617878|A/western_gull/CA/25-004506-003/2024|H5N1|USA-CA|Monterey|2024-12-23|wild_avian|D1.1,USA,CA,Monterey,2024-12-23
SRR33682331|A/Cougar/CA/25-014656-002-original/2025|H5N1|USA-CA|Unknown|2025-04-13|feline|D1.1,USA,CA,Unknown,2025-04-13
SRR32254489|A/cackling_goose/CO/25-000848-001/2025|H5N1|USA-CO|Weld|2025-01-07|wild_avian|D1.1,USA,CO,Weld,2025-01-07
SRR32512607|A/canada_goose/CO/25-003832-001/2025|H5N1|USA-CO|Chaffee|2025-01-27|wild_avian|D1.1,USA,CO,Chaffee,2025-01-27
SRR32512655|A/canada_goose/CO/25-004662-001/2025|H5N1|USA-CO|Larimer|2025-02-03|wild_avian|D1.1,USA,CO,Larimer,2025-02-03
SRR32513282|A/red_tailed_hawk/CO/25-004838-001/2025|H5N1|USA-CO|Weld|2025-02-05|wild_avian|D1.1,USA,CO,Weld,2025-02-05
SRR36211975|A/mallard_duck/CO/25G02242-003/2025|H5N1|USA-CO|Jackson|2025-10-04|wild_avian|D1.1,USA,CO,Jackson,2025-10-04
SRR36212302|A/canada_goose/CO/25G02439-001/2025|H5N1|USA-CO|Weld|2025-10-14|wild_avian|D1.1,USA,CO,Weld,2025-10-14
SRR36406276|A/snow_goose/CO/25G04393-001/2025|H5N1|USA-CO|Sedgwick|2025-11-12|wild_avian|D1.1,USA,CO,Sedgwick,2025-11-12
SRR36538318|A/canada_goose/CO/25G04853-001/2025|H5N1|USA-CO|Larimer|2025-11-18|wild_avian|D1.1,USA,CO,Larimer,2025-11-18
SRR36617491|A/Peregrine_falcon/CO/25-019366-001/2024|H5N1|USA-CO|Denver|2024-11-24|wild_avian|D1.1,USA,CO,Denver,2024-11-24
SRR36617493|A/golden_eagle/CO/25-010611-001/2024|H5N1|USA-CO|Morgan|2024-11-15|wild_avian|D1.1,USA,CO,Morgan,2024-11-15
SRR36617718|A/snow_goose/CO/25-000365-002/2024|H5N1|USA-CO|Pueblo|2024-12-28|wild_avian|D1.1,USA,CO,Pueblo,2024-12-28
SRR36617816|A/red_tailed_hawk/CO/24-037418-001/2024|H5N1|USA-CO|Weld|2024-12-10|wild_avian|D1.1,USA,CO,Weld,2024-12-10
SRR33508736|A/Red-tailed_Hawk/CO/25-010882-001-original/2025|H5N1|USA-CO|Unknown|2025-03-26|wild_avian|D1.1,USA,CO,Unknown,2025-03-26
SRR33993061|A/Red_Fox/CO/25-017245-001-original/2025|H5N1|USA-CO|Unknown|2025-05-29|other_mammal|D1.1,USA,CO,Unknown,2025-05-29
SRR34710266|A/Red-tailed_Hawk/CO/25-019366-002-original/2025|H5N1|USA-CO|Unknown|2025-04-10|wild_avian|D1.1,USA,CO,Unknown,2025-04-10
SRR36212521|A/Mallard_Duck/CO/25-025267-001-original/2025|H5N1|USA-CO|Unknown|2025-09-09|wild_avian|D1.1,USA,CO,Unknown,2025-09-09
SRR32512614|A/american_black_duck/CT/25-004298-002/2025|H5N1|USA-CT|New_Haven|2025-01-29|wild_avian|D1.1,USA,CT,New_Haven,2025-01-29
SRR32512673|A/american_black_duck/CT/25-003143-002/2025|H5N1|USA-CT|New_Haven|2025-01-23|wild_avian|D1.1,USA,CT,New_Haven,2025-01-23
SRR33029808|A/Mallard/CT/25-010197-001-original/2025|H5N1|USA-CT|Unknown|2025-03-18|wild_avian|D1.1,USA,CT,Unknown,2025-03-18
SRR33125072|A/Great_Horned_Owl/CT/25-005886-001-original/2025|H5N1|USA-CT|Unknown|2025-02-04|wild_avian|D1.1,USA,CT,Unknown,2025-02-04
SRR33764586|A/Great_Horned_Owl/CT/25-013382-001-original-repeat2/2025|H5N1|USA-CT|Unknown|2025-04-23|wild_avian|D1.1,USA,CT,Unknown,2025-04-23
SRR36203383|A/Black_Vulture/CT/25G03770-001-original/2025|H5N1|USA-CT|Unknown|2025-11-10|wild_avian|D1.1,USA,CT,Unknown,2025-11-10
SRR32006864|A/chicken/DE/25-000201-001-original/2025|H5N1|USA-DE|Unknown|2025-01-02|domestic_avian|D1.1,USA,DE,Unknown,2025-01-02
SRR32512885|A/chicken/DE/25-005230-002-original/2025|H5N1|USA-DE|Unknown|2025-02-10|domestic_avian|D1.1,USA,DE,Unknown,2025-02-10
SRR32654186|A/chicken/DE/25-002825-001-original/2025|H5N1|USA-DE|Unknown|2025-01-25|domestic_avian|D1.1,USA,DE,Unknown,2025-01-25
SRR36202234|A/chicken/DE/25G03562-002-original/2025|H5N1|USA-DE|Unknown|2025-11-06|domestic_avian|D1.1,USA,DE,Unknown,2025-11-06
SRR36212136|A/Peregrine_Falcon/DE/25G02350-001-original/2025|H5N1|USA-DE|Unknown|2025-10-08|wild_avian|D1.1,USA,DE,Unknown,2025-10-08
SRR32416454|A/bald_eagle/FL/25-003208-001/2025|H5N1|USA-FL|Lee|2025-01-27|wild_avian|D1.1,USA,FL,Lee,2025-01-27
SRR33508814|A/lesser_scaup/FL/25-003912-002/2025|H5N1|USA-FL|Indian_River|2025-01-14|wild_avian|D1.1,USA,FL,Indian_River,2025-01-14
SRR34491474|A/blue_winged_teal/FL/24-036665-008/2024|H5N1|USA-FL|Palm_Beach|2024-11-23|wild_avian|D1.1,USA,FL,Palm_Beach,2024-11-23
SRR34491475|A/blue_winged_teal/FL/24-036665-004/2024|H5N1|USA-FL|Palm_Beach|2024-11-23|wild_avian|D1.1,USA,FL,Palm_Beach,2024-11-23
SRR36406277|A/Fish_crow/FL/25G04379-001/2025|H5N1|USA-FL|Lee|2025-11-17|wild_avian|D1.1,USA,FL,Lee,2025-11-17
SRR36538366|A/ring_necked_duck/FL/25G04963-061/2025|H5N1|USA-FL|Lake|2025-11-22|wild_avian|D1.1,USA,FL,Lake,2025-11-22
SRR36617659|A/green_winged_teal/FL/24-037597-003/2024|H5N1|USA-FL|St_Johns|2024-12-07|wild_avian|D1.1,USA,FL,St_Johns,2024-12-07
SRR36628218|A/green_winged_teal/FL/24-037597-021/2024|H5N1|USA-FL|St_Johns|2024-12-07|wild_avian|D1.1,USA,FL,St_Johns,2024-12-07
SRR32653680|A/Canada_Goose/FL/25-004847-003-original/2025|H5N1|USA-FL|Unknown|2025-02-03|wild_avian|D1.1,USA,FL,Unknown,2025-02-03
SRR33029789|A/Bald_Eagle/FL/25-009986-004-original/2025|H5N1|USA-FL|Unknown|2025-03-20|wild_avian|D1.1,USA,FL,Unknown,2025-03-20
SRR33124756|A/chicken/FL/25-006816-001-original/2025|H5N1|USA-FL|Unknown|2025-02-25|domestic_avian|D1.1,USA,FL,Unknown,2025-02-25
SRR33370194|A/Great_Horned_Owl/FL/25-012397-001-original/2025|H5N1|USA-FL|Unknown|2025-03-20|wild_avian|D1.1,USA,FL,Unknown,2025-03-20
SRR36209051|A/Muscovy_Duck/FL/25G03354-001-original/2025|H5N1|USA-FL|Unknown|2025-10-30|wild_avian|D1.1,USA,FL,Unknown,2025-10-30
SRR36211970|A/Mottled_Duck/FL/25G01837-001-original/2025|H5N1|USA-FL|Unknown|2025-09-25|wild_avian|D1.1,USA,FL,Unknown,2025-09-25
SRR36212429|A/blue-winged_Teal/FL/25-026196-001-original/2025|H5N1|USA-FL|Unknown|2025-09-24|wild_avian|D1.1,USA,FL,Unknown,2025-09-24
SRR36582243|A/american_green_winged_teal/GA/25G05285-010/2025|H5N1|USA-GA|McIntosh|2025-11-22|wild_avian|D1.1,USA,GA,McIntosh,2025-11-22
SRR32868886|A/bald_eagle/GA/25-007707-001/2025|H5N1|USA-GA|Walton|2025-03-03|wild_avian|D1.1,USA,GA,Walton,2025-03-03
SRR34270262|A/black_vulture/GA/25-017626-002/2025|H5N1|USA-GA|Monroe|2025-04-18|wild_avian|D1.1,USA,GA,Monroe,2025-04-18
SRR36538281|A/black_vulture/GA/25G04368-001/2025|H5N1|USA-GA|Houston|2025-11-13|wild_avian|D1.1,USA,GA,Houston,2025-11-13
SRR36617263|A/ring_necked_duck/GA/24-036176-005/2024|H5N1|USA-GA|Seminole|2024-11-23|wild_avian|D1.1,USA,GA,Seminole,2024-11-23
SRR36617264|A/ring_necked_duck/GA/24-036176-004/2024|H5N1|USA-GA|Seminole|2024-11-23|wild_avian|D1.1,USA,GA,Seminole,2024-11-23
SRR36617304|A/bald_eagle/GA/25-001590-001/2024|H5N1|USA-GA|Fulton|2024-12-19|wild_avian|D1.1,USA,GA,Fulton,2024-12-19
SRR36617408|A/bald_eagle/GA/24-038226-003/2024|H5N1|USA-GA|Glynn|2024-12-12|wild_avian|D1.1,USA,GA,Glynn,2024-12-12
SRR32125549|A/chicken/GA/25-000538-001-original/2025|H5N1|USA-GA|Unknown|2025-01-06|domestic_avian|D1.1,USA,GA,Unknown,2025-01-06
SRR33125081|A/Black_Vulture/GA/25-005756-004-original/2025|H5N1|USA-GA|Unknown|2025-02-10|wild_avian|D1.1,USA,GA,Unknown,2025-02-10
SRR33943918|A/Muscovy_Duck/GA/25-016493-001-original/2025|H5N1|USA-GA|Unknown|2025-05-10|wild_avian|D1.1,USA,GA,Unknown,2025-05-10
SRR35949432|A/chicken/GA/25-024057-002-original/2025|H5N1|USA-GA|Unknown|2025-08-29|domestic_avian|D1.1,USA,GA,Unknown,2025-08-29
SRR36162703|A/chicken/GA/25G02650-001-original/2025|H5N1|USA-GA|Unknown|2025-10-23|domestic_avian|D1.1,USA,GA,Unknown,2025-10-23
SRR32226692|A/Great_Horned_Owl/IA/25-000440-001/2025|H5N1|USA-IA|Polk|2025-01-05|wild_avian|D1.1,USA,IA,Polk,2025-01-05
SRR34491401|A/mallard/IA/24-036924-003/2024|H5N1|USA-IA|Marion|2024-11-29|wild_avian|D1.1,USA,IA,Marion,2024-11-29
SRR34491424|A/blue_jay/IA/24-037140-001/2024|H5N1|USA-IA|Cerro_Gordo|2024-12-10|wild_avian|D1.1,USA,IA,Cerro_Gordo,2024-12-10
SRR36538358|A/snow_goose/IA/25G05071-001/2025|H5N1|USA-IA|Story|2025-12-03|wild_avian|D1.1,USA,IA,Story,2025-12-03
SRR36617433|A/snow_goose/IA/24-037657-004/2024|H5N1|USA-IA|Woodbury|2024-12-10|wild_avian|D1.1,USA,IA,Woodbury,2024-12-10
SRR36617578|A/red_tailed_hawk/IA/25-000527-002/2024|H5N1|USA-IA|Polk|2025-01-02|wild_avian|D1.1,USA,IA,Polk,2025-01-02
SRR36628221|A/mallard_duck/IA/24-037337-003/2024|H5N1|USA-IA|Jackson|2024-11-26|wild_avian|D1.1,USA,IA,Jackson,2024-11-26
SRR32974022|A/Peregrine_Falcon/IA/25-009016-001-original/2025|H5N1|USA-IA|Unknown|2025-03-13|wild_avian|D1.1,USA,IA,Unknown,2025-03-13
SRR33029828|A/cat/IA/25-010114-001-original/2025|H5N1|USA-IA|Unknown|2025-03-24|feline|D1.1,USA,IA,Unknown,2025-03-24
SRR33125097|A/Snowy_Owl/IA/25-005856-001-original/2025|H5N1|USA-IA|Unknown|2025-02-18|wild_avian|D1.1,USA,IA,Unknown,2025-02-18
SRR33370176|A/Trumpeter_Swan/IA/25-011816-001-original/2025|H5N1|USA-IA|Unknown|2025-04-08|wild_avian|D1.1,USA,IA,Unknown,2025-04-08
SRR33764581|A/Turkey_Vulture/IA/25-014877-002-original/2025|H5N1|USA-IA|Unknown|2025-05-07|wild_avian|D1.1,USA,IA,Unknown,2025-05-07
SRR33764582|A/Turkey_Vulture/IA/25-014877-001-original/2025|H5N1|USA-IA|Unknown|2025-05-07|wild_avian|D1.1,USA,IA,Unknown,2025-05-07
SRR36209083|A/Green-winged_Teal/IA/25G03115-001-original/2025|H5N1|USA-IA|Unknown|2025-10-17|wild_avian|D1.1,USA,IA,Unknown,2025-10-17
SRR36211924|A/Red-tailed_Hawk/IA/25-025278-001-original/2025|H5N1|USA-IA|Unknown|2025-09-16|wild_avian|D1.1,USA,IA,Unknown,2025-09-16
SRR32254472|A/red_tailed_hawk/ID/25-001246-001/2025|H5N1|USA-ID|Unknown|2025-01-06|wild_avian|D1.1,USA,ID,Unknown,2025-01-06
SRR33508721|A/snow_goose/ID/24-037540-001/2024|H5N1|USA-ID|Canyon|2024-12-10|wild_avian|D1.1,USA,ID,Canyon,2024-12-10
SRR34491487|A/trumpeter_swan/ID/24-034853-004/2024|H5N1|USA-ID|Jefferson|2024-11-13|wild_avian|D1.1,USA,ID,Jefferson,2024-11-13
SRR34491488|A/trumpeter_swan/ID/24-034853-002/2024|H5N1|USA-ID|Jefferson|2024-11-13|wild_avian|D1.1,USA,ID,Jefferson,2024-11-13
SRR35949988|A/duck_mallard/ID/25-023507-024/2025|H5N1|USA-ID|Cassia|2025-08-14|wild_avian|D1.1,USA,ID,Cassia,2025-08-14
SRR36406329|A/trumpeter_swan/ID/25G04021-001/2025|H5N1|USA-ID|Ada|2025-11-12|wild_avian|D1.1,USA,ID,Ada,2025-11-12
SRR36406343|A/trumpeter_swan/ID/25G03984-001/2025|H5N1|USA-ID|Bannock|2025-11-10|wild_avian|D1.1,USA,ID,Bannock,2025-11-10
SRR36617414|A/snow_goose/ID/24-038179-001/2024|H5N1|USA-ID|Owyhee|2024-12-16|wild_avian|D1.1,USA,ID,Owyhee,2024-12-16
SRR32125547|A/chicken/ID/25-000539-001-original/2025|H5N1|USA-ID|Unknown|2025-01-06|domestic_avian|D1.1,USA,ID,Unknown,2025-01-06
SRR32804615|A/cat/ID/25-007150-001-original/2025|H5N1|USA-ID|Unknown|2025-02-21|feline|D1.1,USA,ID,Unknown,2025-02-21
SRR33682316|A/Red-tailed_Hawk/ID/25-014530-001-original/2025|H5N1|USA-ID|Unknown|2025-04-25|wild_avian|D1.1,USA,ID,Unknown,2025-04-25
SRR33682328|A/Great_Horned_Owl/ID/25-014531-001-original/2025|H5N1|USA-ID|Unknown|2025-04-25|wild_avian|D1.1,USA,ID,Unknown,2025-04-25
SRR35705730|A/Mallard_Duck/ID/25-024960-007-original/2025|H5N1|USA-ID|Unknown|2025-09-04|wild_avian|D1.1,USA,ID,Unknown,2025-09-04
SRR36162806|A/Peafowl/ID/25G01896-003-original/2025|H5N1|USA-ID|Unknown|2025-10-07|wild_avian|D1.1,USA,ID,Unknown,2025-10-07
SRR36162812|A/Guinea_Fowl/ID/25G01895-002-original/2025|H5N1|USA-ID|Unknown|2025-10-07|domestic_avian|D1.1,USA,ID,Unknown,2025-10-07
SRR32226683|A/Canada_Goose/IL/25-000616-010/2025|H5N1|USA-IL|Cook|2025-01-02|wild_avian|D1.1,USA,IL,Cook,2025-01-02
SRR32226691|A/Canada_Goose/IL/25-000616-002/2025|H5N1|USA-IL|Cook|2025-01-02|wild_avian|D1.1,USA,IL,Cook,2025-01-02
SRR32653607|A/red_breasted_merganser/IL/25-005366-003/2025|H5N1|USA-IL|Cook|2025-02-06|wild_avian|D1.1,USA,IL,Cook,2025-02-06
SRR32868800|A/herring_gull/IL/25-007474-006/2025|H5N1|USA-IL|Cook|2025-02-14|wild_avian|D1.1,USA,IL,Cook,2025-02-14
SRR34425894|A/Peregrine_falcon/IL/25-018249-001/2025|H5N1|USA-IL|DuPage|2025-06-11|wild_avian|D1.1,USA,IL,DuPage,2025-06-11
SRR34491566|A/northern_pintail/IL/24-035154-001/2024|H5N1|USA-IL|Clinton|2024-11-17|wild_avian|D1.1,USA,IL,Clinton,2024-11-17
SRR34491574|A/green_winged_teal/IL/24-035153-025/2024|H5N1|USA-IL|Clinton|2024-11-16|wild_avian|D1.1,USA,IL,Clinton,2024-11-16
SRR36406371|A/canvasback_duck/IL/25G04631-002/2025|H5N1|USA-IL|Jefferson|2025-11-16|wild_avian|D1.1,USA,IL,Jefferson,2025-11-16
SRR36406429|A/mallard_duck/IL/25G04430-008/2025|H5N1|USA-IL|Clinton|2025-11-17|wild_avian|D1.1,USA,IL,Clinton,2025-11-17
SRR36617388|A/trumpeter_swan/IL/24-038496-001/2024|H5N1|USA-IL|Pike|2024-12-18|wild_avian|D1.1,USA,IL,Pike,2024-12-18
SRR36628220|A/american_wigeon/IL/24-037535-005/2024|H5N1|USA-IL|Fulton|2024-12-09|wild_avian|D1.1,USA,IL,Fulton,2024-12-09
SRR32973826|A/chicken/IL/25-009367-001-original/2025|H5N1|USA-IL|Unknown|2025-03-12|domestic_avian|D1.1,USA,IL,Unknown,2025-03-12
SRR33508852|A/Turkey/IL/25-009630-001-original/2025|H5N1|USA-IL|Unknown|2025-03-18|domestic_avian|D1.1,USA,IL,Unknown,2025-03-18
SRR33564627|A/Guineafowl/IL/25-014146-002-original/2025|H5N1|USA-IL|Unknown|2025-04-30|domestic_avian|D1.1,USA,IL,Unknown,2025-04-30
SRR35705728|A/blue-winged_Teal/IL/25-025061-004-original/2025|H5N1|USA-IL|Unknown|2025-09-06|wild_avian|D1.1,USA,IL,Unknown,2025-09-06
SRR36162674|A/Domestic_Duck/IL/25G03338-009-original/2025|H5N1|USA-IL|Unknown|2025-10-03|domestic_avian|D1.1,USA,IL,Unknown,2025-10-03
SRR36162678|A/chicken/IL/25G03338-005-original/2025|H5N1|USA-IL|Unknown|2025-10-03|domestic_avian|D1.1,USA,IL,Unknown,2025-10-03
SRR36212424|A/Canada_Goose/IL/25-026184-001-original/2025|H5N1|USA-IL|Unknown|2025-09-25|wild_avian|D1.1,USA,IL,Unknown,2025-09-25
SRR36209119|A/black_vulture/IN/25G01855-003/2025|H5N1|USA-IN|Franklin|2025-10-01|wild_avian|D1.1,USA,IN,Franklin,2025-10-01
SRR34491436|A/snow_goose/IN/24-037289-004/2024|H5N1|USA-IN|Gibson|2024-12-06|wild_avian|D1.1,USA,IN,Gibson,2024-12-06
SRR36203391|A/wood_duck/IN/25G03805-006/2025|H5N1|USA-IN|Newton|2025-11-08|wild_avian|D1.1,USA,IN,Newton,2025-11-08
SRR36211652|A/canada_goose/IN/25G02680-001/2025|H5N1|USA-IN|Johnson|2025-10-21|wild_avian|D1.1,USA,IN,Johnson,2025-10-21
SRR36538290|A/bald_eagle/IN/25G04807-001/2025|H5N1|USA-IN|Hamilton|2025-11-08|wild_avian|D1.1,USA,IN,Hamilton,2025-11-08
SRR36617246|A/snow_goose/IN/24-037868-001/2024|H5N1|USA-IN|Lake|2024-12-09|wild_avian|D1.1,USA,IN,Lake,2024-12-09
SRR32654185|A/chicken/IN/25-002875-001-original/2025|H5N1|USA-IN|Unknown|2025-01-25|domestic_avian|D1.1,USA,IN,Unknown,2025-01-25
SRR32868618|A/chicken/IN/25-008062-001-original/2025|H5N1|USA-IN|Unknown|2025-03-06|domestic_avian|D1.1,USA,IN,Unknown,2025-03-06
SRR32868795|A/Bald_Eagle/IN/25-007837-001-original/2025|H5N1|USA-IN|Unknown|2025-03-03|wild_avian|D1.1,USA,IN,Unknown,2025-03-03
SRR33564631|A/chicken/IN/25-014151-001-original/2025|H5N1|USA-IN|Unknown|2025-04-30|domestic_avian|D1.1,USA,IN,Unknown,2025-04-30
SRR33682307|A/Turkey_Vulture/IN/25-014056-001-original/2025|H5N1|USA-IN|Unknown|2025-04-11|wild_avian|D1.1,USA,IN,Unknown,2025-04-11
SRR36212441|A/Black_Vulture/IN/25G01314-001-original/2025|H5N1|USA-IN|Unknown|2025-09-24|wild_avian|D1.1,USA,IN,Unknown,2025-09-24
SRR36582213|A/snow_goose/KS/25G05234-001/2025|H5N1|USA-KS|Riley|2025-12-02|wild_avian|D1.1,USA,KS,Riley,2025-12-02
SRR34491382|A/snow_goose/KS/24-036679-005/2024|H5N1|USA-KS|Montgomery|2024-12-02|wild_avian|D1.1,USA,KS,Montgomery,2024-12-02
SRR34491498|A/green_winged_teal/KS/24-034557-008/2024|H5N1|USA-KS|Neosho|2024-11-09|wild_avian|D1.1,USA,KS,Neosho,2024-11-09
SRR34491499|A/green_winged_teal/KS/24-034556-004/2024|H5N1|USA-KS|Crawford|2024-11-09|wild_avian|D1.1,USA,KS,Crawford,2024-11-09
SRR36211782|A/blue_winged_teal/KS/25-025843-038/2025|H5N1|USA-KS|Barton|2025-09-13|wild_avian|D1.1,USA,KS,Barton,2025-09-13
SRR36211787|A/blue_winged_teal/KS/25-025843-026/2025|H5N1|USA-KS|Barton|2025-09-13|wild_avian|D1.1,USA,KS,Barton,2025-09-13
SRR36211847|A/american_blue_winged_teal/KS/25G02173-002/2025|H5N1|USA-KS|McPherson|2025-10-11|wild_avian|D1.1,USA,KS,McPherson,2025-10-11
SRR36406324|A/gadwall/KS/25G04225-001/2025|H5N1|USA-KS|Neosho|2025-11-08|wild_avian|D1.1,USA,KS,Neosho,2025-11-08
SRR36406423|A/canada_goose/KS/25G02613-001/2025|H5N1|USA-KS|Butler|2025-10-10|wild_avian|D1.1,USA,KS,Butler,2025-10-10
SRR36538311|A/gadwall/KS/25G04225-031/2025|H5N1|USA-KS|Neosho|2025-11-08|wild_avian|D1.1,USA,KS,Neosho,2025-11-08
SRR36617797|A/snow_goose/KS/24-038036-002/2024|H5N1|USA-KS|Mitchell|2024-12-12|wild_avian|D1.1,USA,KS,Mitchell,2024-12-12
SRR32653665|A/cat/KS/25-005576-002-original/2025|H5N1|USA-KS|Unknown|2025-02-07|feline|D1.1,USA,KS,Unknown,2025-02-07
SRR32804611|A/cat/KS/25-007581-001-original/2025|H5N1|USA-KS|Unknown|2025-02-27|feline|D1.1,USA,KS,Unknown,2025-02-27
SRR32974002|A/Skunk/KS/25-008665-001-original/2025|H5N1|USA-KS|Unknown|2025-03-03|other_mammal|D1.1,USA,KS,Unknown,2025-03-03
SRR33029751|A/chicken/KS/25-009496-002-original/2025|H5N1|USA-KS|Unknown|2025-03-18|domestic_avian|D1.1,USA,KS,Unknown,2025-03-18
SRR33682350|A/Bobcat/KS/25-014574-001-original/2025|H5N1|USA-KS|Unknown|2025-01-30|feline|D1.1,USA,KS,Unknown,2025-01-30
SRR33476805|A/black_vulture/KY/25-013218-001/2025|H5N1|USA-KY|Mason|2025-04-10|wild_avian|D1.1,USA,KY,Mason,2025-04-10
SRR33476809|A/canada_goose/KY/25-013218-002/2025|H5N1|USA-KY|Mason|2025-04-10|wild_avian|D1.1,USA,KY,Mason,2025-04-10
SRR36538272|A/black_vulture/KY/25G04374-002/2025|H5N1|USA-KY|Grant|2025-10-27|wild_avian|D1.1,USA,KY,Grant,2025-10-27
SRR36538273|A/black_vulture/KY/25G04374-001/2025|H5N1|USA-KY|Grant|2025-10-27|wild_avian|D1.1,USA,KY,Grant,2025-10-27
SRR32512591|A/canada_goose/KY/25-004132-002/2025|H5N1|USA-KY|Kenton|2025-01-22|wild_avian|D1.1,USA,KY,Kenton,2025-01-22
SRR32974113|A/turkey_vulture/KY/25-009319-001/2025|H5N1|USA-KY|Oldham|2025-03-06|wild_avian|D1.1,USA,KY,Oldham,2025-03-06
SRR33029806|A/raccoon/KY/25-006499-002/2025|H5N1|USA-KY|Boone|2025-01-22|other_mammal|D1.1,USA,KY,Boone,2025-01-22
SRR34491531|A/snow_goose/KY/24-036682-002/2024|H5N1|USA-KY|Henderson|2024-12-04|wild_avian|D1.1,USA,KY,Henderson,2024-12-04
SRR36617765|A/ring_necked_duck/KY/24-038721-028/2024|H5N1|USA-KY|Ballard|2024-12-14|wild_avian|D1.1,USA,KY,Ballard,2024-12-14
SRR33319056|A/Great_Horned_Owl/KY/25-006499-001-original-repeat/2025|H5N1|USA-KY|Unknown|2025-02-12|wild_avian|D1.1,USA,KY,Unknown,2025-02-12
SRR36212433|A/Black_Vulture/KY/25G01831-001-original/2025|H5N1|USA-KY|Unknown|2025-09-25|wild_avian|D1.1,USA,KY,Unknown,2025-09-25
SRR32416436|A/mallard/LA/25-001905-003/2025|H5N1|USA-LA|Richland|2025-01-07|wild_avian|D1.1,USA,LA,Richland,2025-01-07
SRR32513218|A/vulture/LA/25-003600-001/2025|H5N1|USA-LA|Orleans|2025-01-27|wild_avian|D1.1,USA,LA,Orleans,2025-01-27
SRR34491454|A/blue_winged_teal/LA/24-035708-014/2024|H5N1|USA-LA|Cameron|2024-11-25|wild_avian|D1.1,USA,LA,Cameron,2024-11-25
SRR34491460|A/blue_winged_teal/LA/24-035708-007/2024|H5N1|USA-LA|Cameron|2024-11-25|wild_avian|D1.1,USA,LA,Cameron,2024-11-25
SRR34491514|A/snow_goose/LA/24-036681-005/2024|H5N1|USA-LA|Cameron|2024-12-05|wild_avian|D1.1,USA,LA,Cameron,2024-12-05
SRR34491517|A/snow_goose/LA/24-036681-003/2024|H5N1|USA-LA|Cameron|2024-12-05|wild_avian|D1.1,USA,LA,Cameron,2024-12-05
SRR36538417|A/ross_s_goose/LA/25G04375-002/2025|H5N1|USA-LA|Vernon|2025-11-12|wild_avian|D1.1,USA,LA,Vernon,2025-11-12
SRR32415110|A/chicken/LA/25-004414-001-original/2025|H5N1|USA-LA|Unknown|2025-02-03|domestic_avian|D1.1,USA,LA,Unknown,2025-02-03
SRR36211605|A/American_blue-winged_Teal/LA/25G01386-003-original/2025|H5N1|USA-LA|Unknown|2025-09-22|wild_avian|D1.1,USA,LA,Unknown,2025-09-22
SRR32512553|A/canada_goose/MA/25-003297-004/2025|H5N1|USA-MA|Plymouth|2025-01-22|wild_avian|D1.1,USA,MA,Plymouth,2025-01-22
SRR32512620|A/great_horned_owl/MA/25-003297-003/2025|H5N1|USA-MA|Barnstable|2025-01-22|wild_avian|D1.1,USA,MA,Barnstable,2025-01-22
SRR32804565|A/mallard/MA/25-006665-001/2025|H5N1|USA-MA|Worcester|2025-02-18|wild_avian|D1.1,USA,MA,Worcester,2025-02-18
SRR32868847|A/bufflehead/MA/25-007118-042/2025|H5N1|USA-MA|Barnstable|2025-02-06|wild_avian|D1.1,USA,MA,Barnstable,2025-02-06
SRR33508772|A/black_vulture/MA/25-010531-001/2025|H5N1|USA-MA|Harford|2025-03-24|wild_avian|D1.1,USA,MA,Harford,2025-03-24
SRR34710268|A/red_tailed_hawk/MA/25-019390-004/2025|H5N1|USA-MA|Middlesex|2025-03-01|wild_avian|D1.1,USA,MA,Middlesex,2025-03-01
SRR36617325|A/snow_goose/MA/25-001222-002/2024|H5N1|USA-MA|Dorchester|2024-12-31|wild_avian|D1.1,USA,MA,Dorchester,2024-12-31
SRR36617326|A/snow_goose/MA/25-001222-001/2024|H5N1|USA-MA|Dorchester|2024-12-31|wild_avian|D1.1,USA,MA,Dorchester,2024-12-31
SRR33764587|A/Fox/MA/25-015209-001-original/2025|H5N1|USA-MA|Unknown|2025-05-05|other_mammal|D1.1,USA,MA,Unknown,2025-05-05
SRR34710258|A/Common_Eider/MA/25-019390-025-original/2025|H5N1|USA-MA|Unknown|2025-06-02|wild_avian|D1.1,USA,MA,Unknown,2025-06-02
SRR34710290|A/Great_Black-Backed_Gull/MA/25-019390-021-original/2025|H5N1|USA-MA|Unknown|2025-05-16|wild_avian|D1.1,USA,MA,Unknown,2025-05-16
SRR35089323|A/Great_black-backed_gull/MA/25-021407-024-original/2025|H5N1|USA-MA|Unknown|2025-07-13|wild_avian|D1.1,USA,MA,Unknown,2025-07-13
SRR35089324|A/Great_black-backed_gull/MA/25-021407-023-original/2025|H5N1|USA-MA|Unknown|2025-07-04|wild_avian|D1.1,USA,MA,Unknown,2025-07-04
SRR35319688|A/Common_Eider/MA/25-021407-030-original/2025|H5N1|USA-MA|Unknown|2025-04-20|wild_avian|D1.1,USA,MA,Unknown,2025-04-20
SRR32415153|A/chicken/MD/25-003830-002-original/2025|H5N1|USA-MD|Unknown|2025-01-31|domestic_avian|D1.1,USA,MD,Unknown,2025-01-31
SRR32868593|A/chicken/MD/25-008577-002-original/2025|H5N1|USA-MD|Unknown|2025-03-10|domestic_avian|D1.1,USA,MD,Unknown,2025-03-10
SRR33125054|A/Mallard/MD/25-005882-005-original/2025|H5N1|USA-MD|Unknown|2025-01-30|wild_avian|D1.1,USA,MD,Unknown,2025-01-30
SRR33764507|A/chicken/MD/25-014921-001-original/2025|H5N1|USA-MD|Unknown|2025-05-06|domestic_avian|D1.1,USA,MD,Unknown,2025-05-06
SRR34710271|A/Turkey_Vulture/MD/25-019391-002-original/2025|H5N1|USA-MD|Unknown|2025-03-24|wild_avian|D1.1,USA,MD,Unknown,2025-03-24
SRR35705785|A/Vulture/MD/25-024862-001-original/2025|H5N1|USA-MD|Unknown|2025-09-10|wild_avian|D1.1,USA,MD,Unknown,2025-09-10
SRR36203399|A/Black_Vulture/MD/25-026167-001-original/2025|H5N1|USA-MD|Unknown|2025-09-26|wild_avian|D1.1,USA,MD,Unknown,2025-09-26
SRR32512597|A/canada_goose/ME/25-003295-004/2025|H5N1|USA-ME|York|2025-01-23|wild_avian|D1.1,USA,ME,York,2025-01-23
SRR32512599|A/canada_goose/ME/25-003295-001/2025|H5N1|USA-ME|York|2025-01-05|wild_avian|D1.1,USA,ME,York,2025-01-05
SRR33125120|A/mallard/ME/25-006143-001/2025|H5N1|USA-ME|Kennebec|2025-02-06|wild_avian|D1.1,USA,ME,Kennebec,2025-02-06
SRR33125151|A/mallard/ME/25-006144-064/2025|H5N1|USA-ME|York|2025-02-07|wild_avian|D1.1,USA,ME,York,2025-02-07
SRR36538185|A/Domestic_goose/ME/25G04880-003/2025|H5N1|USA-ME|Penobscot|2025-11-25|domestic_avian|D1.1,USA,ME,Penobscot,2025-11-25
SRR36538193|A/Domestic_chicken/ME/25G05080-001/2025|H5N1|USA-ME|Penobscot|2025-11-25|domestic_avian|D1.1,USA,ME,Penobscot,2025-11-25
SRR34710257|A/Bald_Eagle/ME/25-019392-005-original/2025|H5N1|USA-ME|Unknown|2025-03-27|wild_avian|D1.1,USA,ME,Unknown,2025-03-27
SRR34710269|A/Snowy_Owl/ME/25-019392-006-original/2025|H5N1|USA-ME|Unknown|2025-04-19|wild_avian|D1.1,USA,ME,Unknown,2025-04-19
SRR34980293|A/Common_Eider/ME/25-021406-010-original/2025|H5N1|USA-ME|Unknown|2025-07-03|wild_avian|D1.1,USA,ME,Unknown,2025-07-03
SRR34980362|A/Common_Eider/ME/25-021406-018-original/2025|H5N1|USA-ME|Unknown|2025-06-29|wild_avian|D1.1,USA,ME,Unknown,2025-06-29
SRR34980370|A/American_Crow/ME/25-021406-005-original/2025|H5N1|USA-ME|Unknown|2025-03-07|wild_avian|D1.1,USA,ME,Unknown,2025-03-07
SRR35151393|A/Common_Tern/ME/25-021406-008-original-repeat2/2025|H5N1|USA-ME|Unknown|2025-07-16|wild_avian|D1.1,USA,ME,Unknown,2025-07-16
SRR33370139|A/red_breasted_merganser/MI/25-011271-008/2025|H5N1|USA-MI|Allegan|2025-04-02|wild_avian|D1.1,USA,MI,Allegan,2025-04-02
SRR36212068|A/wood_duck/MI/25-025965-014/2025|H5N1|USA-MI|Saginaw|2025-09-18|wild_avian|D1.1,USA,MI,Saginaw,2025-09-18
SRR32512665|A/canada_goose/MI/25-004311-004/2025|H5N1|USA-MI|Washtenaw|2025-01-29|wild_avian|D1.1,USA,MI,Washtenaw,2025-01-29
SRR32512666|A/canada_goose/MI/25-004311-003/2025|H5N1|USA-MI|Shiawassee|2025-01-29|wild_avian|D1.1,USA,MI,Shiawassee,2025-01-29
SRR33508810|A/bufflehead/MI/25-004779-004/2025|H5N1|USA-MI|St_Clair|2025-02-05|wild_avian|D1.1,USA,MI,St_Clair,2025-02-05
SRR33508812|A/bald_eagle/MI/25-004779-002/2025|H5N1|USA-MI|Tuscola|2025-02-05|wild_avian|D1.1,USA,MI,Tuscola,2025-02-05
SRR33764590|A/bald_eagle/MI/25-013929-001/2025|H5N1|USA-MI|Manistee|2025-04-24|wild_avian|D1.1,USA,MI,Manistee,2025-04-24
SRR33993065|A/bald_eagle/MI/25-017061-002/2025|H5N1|USA-MI|Mason|2025-05-29|wild_avian|D1.1,USA,MI,Mason,2025-05-29
SRR33993066|A/bald_eagle/MI/25-017061-001/2025|H5N1|USA-MI|Osceola|2025-05-29|wild_avian|D1.1,USA,MI,Osceola,2025-05-29
SRR36211770|A/canada_goose/MI/25G01985-002/2025|H5N1|USA-MI|Isabella|2025-10-09|wild_avian|D1.1,USA,MI,Isabella,2025-10-09
SRR36211854|A/wood_duck/MI/25G01274-008/2025|H5N1|USA-MI|Saginaw|2025-09-23|wild_avian|D1.1,USA,MI,Saginaw,2025-09-23
SRR36212006|A/mallard_duck/MI/25G01983-007/2025|H5N1|USA-MI|Washtenaw|2025-10-03|wild_avian|D1.1,USA,MI,Washtenaw,2025-10-03
SRR36538286|A/bald_eagle/MI/25G04925-005/2025|H5N1|USA-MI|Newaygo|2025-11-24|wild_avian|D1.1,USA,MI,Newaygo,2025-11-24
SRR36538288|A/bald_eagle/MI/25G04925-001/2025|H5N1|USA-MI|Saginaw|2025-11-24|wild_avian|D1.1,USA,MI,Saginaw,2025-11-24
SRR36617866|A/trumpeter_swan/MI/24-036239-001/2024|H5N1|USA-MI|Eaton|2024-12-02|wild_avian|D1.1,USA,MI,Eaton,2024-12-02
SRR33508738|A/Great_Horned_Owl/MI/25-010812-002-original/2025|H5N1|USA-MI|Unknown|2025-03-26|wild_avian|D1.1,USA,MI,Unknown,2025-03-26
SRR34491425|A/canada_goose/MN/24-037100-001/2024|H5N1|USA-MN|Murray|2024-12-10|wild_avian|D1.1,USA,MN,Murray,2024-12-10
SRR34491441|A/american_coot/MN/24-032215-006/2024|H5N1|USA-MN|Itasca|2024-10-24|wild_avian|D1.1,USA,MN,Itasca,2024-10-24
SRR34491479|A/canvasback/MN/24-035695-001/2024|H5N1|USA-MN|Wabasha|2024-11-14|wild_avian|D1.1,USA,MN,Wabasha,2024-11-14
SRR34491480|A/ring_necked_duck/MN/24-035413-001/2024|H5N1|USA-MN|Cass|2024-11-14|wild_avian|D1.1,USA,MN,Cass,2024-11-14
SRR34491527|A/american_coot/MN/24-032215-004/2024|H5N1|USA-MN|Itasca|2024-10-24|wild_avian|D1.1,USA,MN,Itasca,2024-10-24
SRR36212111|A/mallard_duck/MN/25-025867-005/2025|H5N1|USA-MN|Scott|2025-09-15|wild_avian|D1.1,USA,MN,Scott,2025-09-15
SRR36212318|A/canada_goose/MN/25G01920-001/2025|H5N1|USA-MN|Otter_Tail|2025-09-29|wild_avian|D1.1,USA,MN,Otter_Tail,2025-09-29
SRR36212344|A/sandhill_crane/MN/25G02201-001/2025|H5N1|USA-MN|Hennepin|2025-10-06|wild_avian|D1.1,USA,MN,Hennepin,2025-10-06
SRR36406409|A/wood_duck/MN/25G04157-001/2025|H5N1|USA-MN|Anoka|2025-10-31|wild_avian|D1.1,USA,MN,Anoka,2025-10-31
SRR36406411|A/great_horned_owl/MN/25G04156-001/2025|H5N1|USA-MN|Kandiyohi|2025-11-10|wild_avian|D1.1,USA,MN,Kandiyohi,2025-11-10
SRR36406424|A/trumpeter_swan/MN/25G04483-001/2025|H5N1|USA-MN|Rice|2025-11-14|wild_avian|D1.1,USA,MN,Rice,2025-11-14
SRR36617403|A/canada_goose/MN/24-038291-006/2024|H5N1|USA-MN|Ramsey|2024-12-10|wild_avian|D1.1,USA,MN,Ramsey,2024-12-10
SRR32512844|A/chicken/MN/25-004931-004-original/2025|H5N1|USA-MN|Unknown|2025-02-08|domestic_avian|D1.1,USA,MN,Unknown,2025-02-08
SRR33029793|A/Trumpeter_Swan/MN/25-002569-001-original/2025|H5N1|USA-MN|Unknown|2025-01-12|wild_avian|D1.1,USA,MN,Unknown,2025-01-12
SRR33370162|A/Mallard/MN/25-012246-005-original/2025|H5N1|USA-MN|Unknown|2025-03-27|wild_avian|D1.1,USA,MN,Unknown,2025-03-27
SRR33476668|A/chicken/MN/25-013149-001-original/2025|H5N1|USA-MN|Unknown|2025-04-21|domestic_avian|D1.1,USA,MN,Unknown,2025-04-21
SRR32804645|A/Cooper_s_Hawk/MO/25-007115-002-original/2025|H5N1|USA-MO|Unknown|2025-02-24|wild_avian|D1.1,USA,MO,Unknown,2025-02-24
SRR33476799|A/Cooper_s_Hawk/MO/25-012813-008-original/2025|H5N1|USA-MO|Unknown|2025-04-10|wild_avian|D1.1,USA,MO,Unknown,2025-04-10
SRR33029790|A/turkey_vulture/MO/25-007994-001/2025|H5N1|USA-MO|Howell|2025-03-03|wild_avian|D1.1,USA,MO,Howell,2025-03-03
SRR33319026|A/turkey_vulture/MO/25-011519-002/2025|H5N1|USA-MO|Cape_Girardeau|2025-03-20|wild_avian|D1.1,USA,MO,Cape_Girardeau,2025-03-20
SRR36538302|A/mallard_duck/MO/25G04856-003/2025|H5N1|USA-MO|St_Louis|2025-11-24|wild_avian|D1.1,USA,MO,St_Louis,2025-11-24
SRR36538359|A/snow_goose/MO/25G04856-004/2025|H5N1|USA-MO|Clay|2025-11-24|wild_avian|D1.1,USA,MO,Clay,2025-11-24
SRR36617748|A/canada_goose/MO/24-038745-013/2024|H5N1|USA-MO|St_Charles|2024-12-18|wild_avian|D1.1,USA,MO,St_Charles,2024-12-18
SRR36617758|A/mallard_duck/MO/24-038745-003/2024|H5N1|USA-MO|Nodaway|2024-12-18|wild_avian|D1.1,USA,MO,Nodaway,2024-12-18
SRR32654208|A/chicken/MO/25-003398-001-original/2025|H5N1|USA-MO|Unknown|2025-01-30|domestic_avian|D1.1,USA,MO,Unknown,2025-01-30
SRR33125126|A/Red-tailed_Hawk/MO/25-004415-009-original/2025|H5N1|USA-MO|Unknown|2025-01-28|wild_avian|D1.1,USA,MO,Unknown,2025-01-28
SRR33476774|A/Turkey_Vulture/MO/25-012813-002-original/2025|H5N1|USA-MO|Unknown|2025-04-10|wild_avian|D1.1,USA,MO,Unknown,2025-04-10
SRR36209114|A/Red-tailed_Hawk/MO/25G02853-005-original/2025|H5N1|USA-MO|Unknown|2025-10-22|wild_avian|D1.1,USA,MO,Unknown,2025-10-22
SRR36212529|A/Canada_Goose/MO/25G02853-004-original/2025|H5N1|USA-MO|Unknown|2025-10-22|wild_avian|D1.1,USA,MO,Unknown,2025-10-22
SRR36617445|A/wild_duck/MS/24-037653-002/2024|H5N1|USA-MS|Tallahatchie|2024-12-09|wild_avian|D1.1,USA,MS,Tallahatchie,2024-12-09
SRR36617835|A/snow_goose/MS/24-036916-001/2024|H5N1|USA-MS|Washington|2024-12-06|wild_avian|D1.1,USA,MS,Washington,2024-12-06
SRR32416380|A/Wood_Duck/MS/25-002206-001-original/2025|H5N1|USA-MS|Unknown|2025-01-15|wild_avian|D1.1,USA,MS,Unknown,2025-01-15
SRR36211724|A/Black_Vulture/MS/25G02635-003-original/2025|H5N1|USA-MS|Unknown|2025-10-20|wild_avian|D1.1,USA,MS,Unknown,2025-10-20
SRR33508820|A/snow_goose/MT/24-035974-001/2024|H5N1|USA-MT|Gallatin|2024-11-27|wild_avian|D1.1,USA,MT,Gallatin,2024-11-27
SRR34491342|A/bald_eagle/MT/24-033248-001/2024|H5N1|USA-MT|Flathead|2024-10-30|wild_avian|D1.1,USA,MT,Flathead,2024-10-30
SRR36582205|A/snow_goose/MT/25G05372-001/2025|H5N1|USA-MT|Gallatin|2025-12-01|wild_avian|D1.1,USA,MT,Gallatin,2025-12-01
SRR36582231|A/canada_goose/MT/25G05375-001/2025|H5N1|USA-MT|Roosevelt|2025-11-25|wild_avian|D1.1,USA,MT,Roosevelt,2025-11-25
SRR36617643|A/trumpeter_swan/MT/24-037728-001/2024|H5N1|USA-MT|Big_Horn|2024-11-28|wild_avian|D1.1,USA,MT,Big_Horn,2024-11-28
SRR36628213|A/mallard_duck/MT/24-037783-006/2024|H5N1|USA-MT|Big_Horn|2024-12-06|wild_avian|D1.1,USA,MT,Big_Horn,2024-12-06
SRR36628224|A/mallard_duck/MT/24-036921-002/2024|H5N1|USA-MT|Big_Horn|2024-12-03|wild_avian|D1.1,USA,MT,Big_Horn,2024-12-03
SRR36628568|A/green_winged_teal/MT/24-031811-004/2024|H5N1|USA-MT|Broadwater|2024-10-19|wild_avian|D1.1,USA,MT,Broadwater,2024-10-19
SRR32973819|A/Duck/MT/25-009376-001-original/2025|H5N1|USA-MT|Unknown|2025-03-18|domestic_avian|D1.1,USA,MT,Unknown,2025-03-18
SRR32974108|A/Bald_Eagle/MT/25-009371-001-original/2025|H5N1|USA-MT|Unknown|2025-02-14|wild_avian|D1.1,USA,MT,Unknown,2025-02-14
SRR33125070|A/Great_Horned_Owl/MT/25-006102-001-original/2025|H5N1|USA-MT|Unknown|2025-01-21|wild_avian|D1.1,USA,MT,Unknown,2025-01-21
SRR33370196|A/Great_Horned_Owl/MT/25-012288-002-original/2025|H5N1|USA-MT|Unknown|2025-04-08|wild_avian|D1.1,USA,MT,Unknown,2025-04-08
SRR33830328|A/Great_Horned_Owl/MT/25-015870-001-original/2025|H5N1|USA-MT|Unknown|2025-05-02|wild_avian|D1.1,USA,MT,Unknown,2025-05-02
SRR36163011|A/chicken/MT/25-026086-002-original/2025|H5N1|USA-MT|Unknown|2025-09-29|domestic_avian|D1.1,USA,MT,Unknown,2025-09-29
SRR36212238|A/Canada_Goose/MT/25G01677-001-original/2025|H5N1|USA-MT|Unknown|2025-10-01|wild_avian|D1.1,USA,MT,Unknown,2025-10-01
SRR36212466|A/Great_horned_Owl/MT/25-025599-001-original/2025|H5N1|USA-MT|Unknown|2025-09-17|wild_avian|D1.1,USA,MT,Unknown,2025-09-17
SRR36538195|A/Domestic_turkey/NC/25G05083-001/2025|H5N1|USA-NC|Wayne|2025-11-27|domestic_avian|D1.1,USA,NC,Wayne,2025-11-27
SRR32513216|A/wood_duck/NC/25-003927-016/2025|H5N1|USA-NC|Tyrrell|2025-01-25|wild_avian|D1.1,USA,NC,Tyrrell,2025-01-25
SRR32513217|A/wood_duck/NC/25-003923-002/2025|H5N1|USA-NC|Hyde|2025-01-25|wild_avian|D1.1,USA,NC,Hyde,2025-01-25
SRR33682355|A/black_vulture/NC/25-013413-001/2025|H5N1|USA-NC|Mecklenburg|2025-04-21|wild_avian|D1.1,USA,NC,Mecklenburg,2025-04-21
SRR34270261|A/turkey_vulture/NC/25-017667-001/2025|H5N1|USA-NC|Durham|2025-06-06|wild_avian|D1.1,USA,NC,Durham,2025-06-06
SRR36538326|A/canada_goose/NC/25G04376-001/2025|H5N1|USA-NC|New_Hanover|2025-11-07|wild_avian|D1.1,USA,NC,New_Hanover,2025-11-07
SRR36617328|A/snow_goose/NC/25-001068-002/2024|H5N1|USA-NC|Hyde|2024-12-28|wild_avian|D1.1,USA,NC,Hyde,2024-12-28
SRR36617384|A/snow_goose/NC/24-038497-002/2024|H5N1|USA-NC|Hyde|2024-12-16|wild_avian|D1.1,USA,NC,Hyde,2024-12-16
SRR32868875|A/Bald_Eagle/NC/25-007708-003-original/2025|H5N1|USA-NC|Unknown|2025-02-21|wild_avian|D1.1,USA,NC,Unknown,2025-02-21
SRR32974111|A/Brown_Pelican/NC/25-009321-002-original/2025|H5N1|USA-NC|Unknown|2025-03-07|wild_avian|D1.1,USA,NC,Unknown,2025-03-07
SRR35705677|A/Black_Vulture/NC/25-025013-001-original/2025|H5N1|USA-NC|Unknown|2025-09-06|wild_avian|D1.1,USA,NC,Unknown,2025-09-06
SRR35949967|A/Black_Vulture/NC/25-023724-001-original/2025|H5N1|USA-NC|Unknown|2025-08-14|wild_avian|D1.1,USA,NC,Unknown,2025-08-14
SRR36162690|A/chicken/NC/25G01772-001-original/2025|H5N1|USA-NC|Unknown|2025-10-03|domestic_avian|D1.1,USA,NC,Unknown,2025-10-03
SRR36163010|A/chicken/NC/25-026098-002-original/2025|H5N1|USA-NC|Unknown|2025-09-26|domestic_avian|D1.1,USA,NC,Unknown,2025-09-26
SRR36211960|A/Vulture/NC/25G02114-001-original/2025|H5N1|USA-NC|Unknown|2025-10-12|wild_avian|D1.1,USA,NC,Unknown,2025-10-12
SRR33319040|A/Ross_s_Goose/ND/25-011280-001-original/2025|H5N1|USA-ND|Unknown|2025-03-21|wild_avian|D1.1,USA,ND,Unknown,2025-03-21
SRR35705788|A/Swainson_s_Hawk/ND/25-024871-001-original/2025|H5N1|USA-ND|Unknown|2025-09-10|other|D1.1,USA,ND,Unknown,2025-09-10
SRR32416347|A/canada_goose/ND/25-003472-002/2025|H5N1|USA-ND|Oliver|2025-01-27|wild_avian|D1.1,USA,ND,Oliver,2025-01-27
SRR32512609|A/canada_goose/ND/25-003829-001/2025|H5N1|USA-ND|Mercer|2025-01-29|wild_avian|D1.1,USA,ND,Mercer,2025-01-29
SRR34491320|A/ross_s_goose/ND/24-034667-001/2024|H5N1|USA-ND|Divide|2024-11-07|wild_avian|D1.1,USA,ND,Divide,2024-11-07
SRR34491411|A/green_winged_teal/ND/24-034964-002/2024|H5N1|USA-ND|LaMoure|2024-11-15|wild_avian|D1.1,USA,ND,LaMoure,2024-11-15
SRR35151399|A/snow_goose/ND/25-020340-001/2025|H5N1|USA-ND|Ward|2025-07-10|wild_avian|D1.1,USA,ND,Ward,2025-07-10
SRR33319029|A/Snow_Goose/ND/25-011281-001-original/2025|H5N1|USA-ND|Unknown|2025-04-01|wild_avian|D1.1,USA,ND,Unknown,2025-04-01
SRR33319054|A/Great_Horned_Owl/ND/25-011283-001-original/2025|H5N1|USA-ND|Unknown|2025-04-01|wild_avian|D1.1,USA,ND,Unknown,2025-04-01
SRR33682396|A/goose/ND/25-014293-001-original-repeat/2025|H5N1|USA-ND|Unknown|2025-05-01|domestic_avian|D1.1,USA,ND,Unknown,2025-05-01
SRR35949426|A/Domestic_Grower/Meat-type_Turkey/ND/25-024186-001-original/2025|H5N1|USA-ND|Unknown|2025-08-30|domestic_avian|D1.1,USA,ND,Unknown,2025-08-30
SRR36202277|A/Domestic_Cat/ND/25G03436-001-original/2025|H5N1|USA-ND|Unknown|2025-11-04|feline|D1.1,USA,ND,Unknown,2025-11-04
SRR36211905|A/Canada_Goose/ND/25-025249-001-original/2025|H5N1|USA-ND|Unknown|2025-09-12|wild_avian|D1.1,USA,ND,Unknown,2025-09-12
SRR36212274|A/Pintail_Duck/ND/25G02720-001-original/2025|H5N1|USA-ND|Unknown|2025-10-16|wild_avian|D1.1,USA,ND,Unknown,2025-10-16
SRR36582206|A/snow_goose/NE/25G05295-001/2025|H5N1|USA-NE|Adams|2025-12-01|wild_avian|D1.1,USA,NE,Adams,2025-12-01
SRR34491427|A/great_horned_owl/NE/24-036852-002/2024|H5N1|USA-NE|Douglas|2024-12-09|wild_avian|D1.1,USA,NE,Douglas,2024-12-09
SRR36406289|A/canada_goose/NE/25G04294-001/2025|H5N1|USA-NE|Box_Butte|2025-11-13|wild_avian|D1.1,USA,NE,Box_Butte,2025-11-13
SRR36582207|A/snow_goose/NE/25G05294-001/2025|H5N1|USA-NE|Sarpy|2025-12-01|wild_avian|D1.1,USA,NE,Sarpy,2025-12-01
SRR36582209|A/snow_goose/NE/25G05292-001/2025|H5N1|USA-NE|York|2025-11-30|wild_avian|D1.1,USA,NE,York,2025-11-30
SRR36617504|A/mallard_duck/NE/25-004748-004/2024|H5N1|USA-NE|Buffalo|2024-11-24|wild_avian|D1.1,USA,NE,Buffalo,2024-11-24
SRR36617524|A/mallard_duck/NE/25-003309-011/2024|H5N1|USA-NE|Buffalo|2024-11-25|wild_avian|D1.1,USA,NE,Buffalo,2024-11-25
SRR36628199|A/wild_goose/NE/24-038832-001/2024|H5N1|USA-NE|Douglas|2024-12-21|wild_avian|D1.1,USA,NE,Douglas,2024-12-21
SRR32654124|A/Guineafowl/NE/25-003247-003-original/2025|H5N1|USA-NE|Unknown|2025-01-27|domestic_avian|D1.1,USA,NE,Unknown,2025-01-27
SRR32654188|A/Turkey/NE/25-002670-003-original/2025|H5N1|USA-NE|Unknown|2025-01-23|domestic_avian|D1.1,USA,NE,Unknown,2025-01-23
SRR32868560|A/chicken/NE/25-008023-001-original/2025|H5N1|USA-NE|Unknown|2025-03-06|domestic_avian|D1.1,USA,NE,Unknown,2025-03-06
SRR32973810|A/chicken/NE/25-005224-001-original-repeat2/2025|H5N1|USA-NE|Unknown|2025-02-11|domestic_avian|D1.1,USA,NE,Unknown,2025-02-11
SRR33508770|A/Duck/NE/25-010532-002-original/2025|H5N1|USA-NE|Unknown|2025-03-24|domestic_avian|D1.1,USA,NE,Unknown,2025-03-24
SRR32416416|A/mallard/NH/25-003045-041/2025|H5N1|USA-NH|Merrimack|2025-01-17|wild_avian|D1.1,USA,NH,Merrimack,2025-01-17
SRR32513176|A/mallard/NH/25-003045-054/2025|H5N1|USA-NH|Merrimack|2025-01-17|wild_avian|D1.1,USA,NH,Merrimack,2025-01-17
SRR32653687|A/american_black_duck/NH/25-005332-016/2025|H5N1|USA-NH|Belknap|2025-02-06|wild_avian|D1.1,USA,NH,Belknap,2025-02-06
SRR32804576|A/red_tailed_hawk/NH/25-006653-001/2025|H5N1|USA-NH|Strafford|2025-02-13|wild_avian|D1.1,USA,NH,Strafford,2025-02-13
SRR34980303|A/Common_Eider/NH/25-021405-004-original/2025|H5N1|USA-NH|Unknown|2025-07-12|wild_avian|D1.1,USA,NH,Unknown,2025-07-12
SRR34980314|A/Common_Eider/NH/25-021405-003-original/2025|H5N1|USA-NH|Unknown|2025-07-09|wild_avian|D1.1,USA,NH,Unknown,2025-07-09
SRR34980327|A/Herring_Gull/NH/25-021405-002-original/2025|H5N1|USA-NH|Unknown|2025-06-26|wild_avian|D1.1,USA,NH,Unknown,2025-06-26
SRR34980328|A/Gull/NH/25-021405-005-original/2025|H5N1|USA-NH|Unknown|2025-03-19|wild_avian|D1.1,USA,NH,Unknown,2025-03-19
SRR36202283|A/chicken/NH/25G03769-001-original/2025|H5N1|USA-NH|Unknown|2025-11-06|domestic_avian|D1.1,USA,NH,Unknown,2025-11-06
SRR36212518|A/Mallard_Duck/NH/25-025612-017-original-repeat2/2025|H5N1|USA-NH|Unknown|2025-09-16|wild_avian|D1.1,USA,NH,Unknown,2025-09-16
SRR36582240|A/Bald_eagle/NJ/25G05298-001/2025|H5N1|USA-NJ|Burlington|2025-11-28|wild_avian|D1.1,USA,NJ,Burlington,2025-11-28
SRR32254496|A/snow_goose/NJ/25-000810-002/2025|H5N1|USA-NJ|Warren|2025-01-05|wild_avian|D1.1,USA,NJ,Warren,2025-01-05
SRR32254501|A/snow_goose/NJ/25-000806-001/2025|H5N1|USA-NJ|Morris|2025-01-03|wild_avian|D1.1,USA,NJ,Morris,2025-01-03
SRR32868891|A/dark_eyed_junco/NJ/25-007152-004/2025|H5N1|USA-NJ|Somerset|2025-02-27|wild_avian|D1.1,USA,NJ,Somerset,2025-02-27
SRR32974069|A/bald_eagle/NJ/25-009514-002/2025|H5N1|USA-NJ|Camden|2025-03-17|wild_avian|D1.1,USA,NJ,Camden,2025-03-17
SRR32974073|A/bald_eagle/NJ/25-009512-004/2025|H5N1|USA-NJ|Bergen|2025-03-12|wild_avian|D1.1,USA,NJ,Bergen,2025-03-12
SRR33125172|A/bald_eagle/NJ/25-006329-001/2025|H5N1|USA-NJ|Sussex|2025-02-11|wild_avian|D1.1,USA,NJ,Sussex,2025-02-11
SRR34425892|A/red_fox/NJ/25-018509-002/2025|H5N1|USA-NJ|Mercer|2025-04-17|other_mammal|D1.1,USA,NJ,Mercer,2025-04-17
SRR34425893|A/red_fox/NJ/25-018509-001/2025|H5N1|USA-NJ|Mercer|2025-04-17|other_mammal|D1.1,USA,NJ,Mercer,2025-04-17
SRR36538387|A/american_crow/NJ/25G04652-002/2025|H5N1|USA-NJ|Salem|2025-10-21|wild_avian|D1.1,USA,NJ,Salem,2025-10-21
SRR36538388|A/american_crow/NJ/25G04652-001/2025|H5N1|USA-NJ|Salem|2025-10-21|wild_avian|D1.1,USA,NJ,Salem,2025-10-21
SRR33682397|A/Duck/NJ/25-015044-006-original/2025|H5N1|USA-NJ|Unknown|2025-05-09|domestic_avian|D1.1,USA,NJ,Unknown,2025-05-09
SRR34542590|A/Domestic_Cat/NJ/25-019482-001-original/2025|H5N1|USA-NJ|Unknown|2025-06-25|feline|D1.1,USA,NJ,Unknown,2025-06-25
SRR35949975|A/Black_Vulture/NJ/25-023587-003-original/2025|H5N1|USA-NJ|Unknown|2025-08-19|wild_avian|D1.1,USA,NJ,Unknown,2025-08-19
SRR35950028|A/Black_Vulture/NJ/25-023587-001-original/2025|H5N1|USA-NJ|Unknown|2025-08-19|wild_avian|D1.1,USA,NJ,Unknown,2025-08-19
SRR36212060|A/Black_Vulture/NJ/25-025220-002-original/2025|H5N1|USA-NJ|Unknown|2025-09-11|wild_avian|D1.1,USA,NJ,Unknown,2025-09-11
SRR36212431|A/Black_Vulture/NJ/25-025220-003-original/2025|H5N1|USA-NJ|Unknown|2025-09-11|wild_avian|D1.1,USA,NJ,Unknown,2025-09-11
SRR32254439|A/snow_goose/NM/25-001448-001/2025|H5N1|USA-NM|Socorro|2025-01-03|wild_avian|D1.1,USA,NM,Socorro,2025-01-03
SRR32513271|A/great_horned_owl/NM/25-002820-001/2025|H5N1|USA-NM|Chaves|2025-01-18|wild_avian|D1.1,USA,NM,Chaves,2025-01-18
SRR34491450|A/green_winged_teal/NM/24-036318-014/2024|H5N1|USA-NM|San_Miguel|2024-11-26|wild_avian|D1.1,USA,NM,San_Miguel,2024-11-26
SRR34491451|A/green_winged_teal/NM/24-036318-011/2024|H5N1|USA-NM|San_Miguel|2024-11-26|wild_avian|D1.1,USA,NM,San_Miguel,2024-11-26
SRR32653667|A/cat/NM/25-005387-001-original/2025|H5N1|USA-NM|Unknown|2025-02-10|feline|D1.1,USA,NM,Unknown,2025-02-10
SRR32804608|A/Skunk/NM/25-006932-001-original/2025|H5N1|USA-NM|Unknown|2025-02-24|other_mammal|D1.1,USA,NM,Unknown,2025-02-24
SRR32973825|A/chicken/NM/25-009470-001-original/2025|H5N1|USA-NM|Unknown|2025-03-17|domestic_avian|D1.1,USA,NM,Unknown,2025-03-17
SRR36203396|A/wild_goose/NM/25G03506-001-original/2025|H5N1|USA-NM|Unknown|2025-11-04|wild_avian|D1.1,USA,NM,Unknown,2025-11-04
SRR34491317|A/mallard/NV/24-030919-002/2024|H5N1|USA-NV|Churchill|2024-10-12|wild_avian|D1.1,USA,NV,Churchill,2024-10-12
SRR34491332|A/mallard/NV/24-033109-013/2024|H5N1|USA-NV|Churchill|2024-11-02|wild_avian|D1.1,USA,NV,Churchill,2024-11-02
SRR36538296|A/american_green_winged_teal/NV/25G04893-003/2025|H5N1|USA-NV|Lyon|2025-10-11|wild_avian|D1.1,USA,NV,Lyon,2025-10-11
SRR36538389|A/american_blue_winged_teal/NV/25G04892-001/2025|H5N1|USA-NV|Churchill|2025-10-11|wild_avian|D1.1,USA,NV,Churchill,2025-10-11
SRR36617967|A/gadwall/NV/24-039032-002/2024|H5N1|USA-NV|Elko|2024-12-17|wild_avian|D1.1,USA,NV,Elko,2024-12-17
SRR36617969|A/mallard_duck/NV/24-039032-001/2024|H5N1|USA-NV|Elko|2024-12-17|wild_avian|D1.1,USA,NV,Elko,2024-12-17
SRR36628797|A/northern_shoveler/NV/24-033106-004/2024|H5N1|USA-NV|Churchill|2024-11-01|wild_avian|D1.1,USA,NV,Churchill,2024-11-01
SRR32254304|A/cattle/NV/25-002645-003-original/2025|H5N1|USA-NV|Unknown|2025-01-21|cattle|D1.1,USA,NV,Unknown,2025-01-21
SRR32653594|A/Red-tailed_Hawk/NV/25-005369-001-original/2025|H5N1|USA-NV|Unknown|2025-02-05|wild_avian|D1.1,USA,NV,Unknown,2025-02-05
SRR33319031|A/Skunk/NV/25-011566-001-original/2025|H5N1|USA-NV|Unknown|2025-03-20|other_mammal|D1.1,USA,NV,Unknown,2025-03-20
SRR36211763|A/Gadwell/NV/25G01828-004-original/2025|H5N1|USA-NV|Unknown|2025-09-16|wild_avian|D1.1,USA,NV,Unknown,2025-09-16
SRR32254429|A/snow_goose/NY/25-001673-001/2025|H5N1|USA-NY|Ontario|2025-01-13|wild_avian|D1.1,USA,NY,Ontario,2025-01-13
SRR32254487|A/canada_goose/NY/25-000858-002/2025|H5N1|USA-NY|Saratoga|2025-01-06|wild_avian|D1.1,USA,NY,Saratoga,2025-01-06
SRR32513235|A/snow_goose/NY/25-004092-002/2025|H5N1|USA-NY|Tompkins|2025-02-03|wild_avian|D1.1,USA,NY,Tompkins,2025-02-03
SRR32868713|A/red_tailed_hawk/NY/25-007155-001/2025|H5N1|USA-NY|Tioga|2025-02-26|wild_avian|D1.1,USA,NY,Tioga,2025-02-26
SRR32868755|A/red_tailed_hawk/NY/25-007854-001/2025|H5N1|USA-NY|Steuben|2025-03-03|wild_avian|D1.1,USA,NY,Steuben,2025-03-03
SRR32974019|A/bald_eagle/NY/25-009027-001/2025|H5N1|USA-NY|Erie|2025-03-10|wild_avian|D1.1,USA,NY,Erie,2025-03-10
SRR33565201|A/canada_goose/NY/25-013428-001/2025|H5N1|USA-NY|Niagara|2025-04-21|wild_avian|D1.1,USA,NY,Niagara,2025-04-21
SRR33830326|A/red_tailed_hawk/NY/25-013427-001/2025|H5N1|USA-NY|Jefferson|2025-04-21|wild_avian|D1.1,USA,NY,Jefferson,2025-04-21
SRR34784272|A/caspian_tern/NY/25-019811-002/2025|H5N1|USA-NY|Jefferson|2025-07-02|wild_avian|D1.1,USA,NY,Jefferson,2025-07-02
SRR34784273|A/caspian_tern/NY/25-019811-001/2025|H5N1|USA-NY|Jefferson|2025-07-02|wild_avian|D1.1,USA,NY,Jefferson,2025-07-02
SRR36203306|A/mallard_duck/NY/25G02284-011/2025|H5N1|USA-NY|Genesee|2025-10-11|wild_avian|D1.1,USA,NY,Genesee,2025-10-11
SRR36211866|A/wood_duck/NY/25-026198-009/2025|H5N1|USA-NY|Monroe|2025-09-23|wild_avian|D1.1,USA,NY,Monroe,2025-09-23
SRR36212325|A/american_green_winged_teal/NY/25G02284-024/2025|H5N1|USA-NY|Genesee|2025-10-11|wild_avian|D1.1,USA,NY,Genesee,2025-10-11
SRR36406342|A/Striped_skunk/NY/25G03988-001/2025|H5N1|USA-NY|St_Lawrence|2025-11-06|other_mammal|D1.1,USA,NY,St_Lawrence,2025-11-06
SRR36406419|A/american_green_winged_teal/NY/25G02842-011/2025|H5N1|USA-NY|Jefferson|2025-09-24|wild_avian|D1.1,USA,NY,Jefferson,2025-09-24
SRR36538317|A/canada_goose/NY/25G04881-001/2025|H5N1|USA-NY|Chemung|2025-11-25|wild_avian|D1.1,USA,NY,Chemung,2025-11-25
SRR36617989|A/cooper_s_hawk/NY/24-038846-001/2024|H5N1|USA-NY|Cayuga|2024-12-20|wild_avian|D1.1,USA,NY,Cayuga,2024-12-20
SRR36617991|A/Peregrine_falcon/NY/24-038845-001/2024|H5N1|USA-NY|Cortland|2024-12-20|wild_avian|D1.1,USA,NY,Cortland,2024-12-20
SRR33993059|A/Turkey_Vulture/NY/25-016857-001-original/2025|H5N1|USA-NY|Unknown|2025-05-27|wild_avian|D1.1,USA,NY,Unknown,2025-05-27
SRR34542593|A/Caspian_Tern/NY/25-019019-002-original/2025|H5N1|USA-NY|Unknown|2025-06-23|wild_avian|D1.1,USA,NY,Unknown,2025-06-23
SRR35318191|A/chicken/NY/25-023583-002-original/2025|H5N1|USA-NY|Unknown|2025-08-21|domestic_avian|D1.1,USA,NY,Unknown,2025-08-21
SRR35950029|A/Bald_Eagle/NY/25-023581-001-original/2025|H5N1|USA-NY|Unknown|2025-08-18|wild_avian|D1.1,USA,NY,Unknown,2025-08-18
SRR33370169|A/vulture/OH/25-012105-004/2025|H5N1|USA-OH|Unknown|2025-04-07|wild_avian|D1.1,USA,OH,Unknown,2025-04-07
SRR32512588|A/bald_eagle/OH/25-004768-001/2025|H5N1|USA-OH|Unknown|2025-02-06|wild_avian|D1.1,USA,OH,Unknown,2025-02-06
SRR32804602|A/bald_eagle/OH/25-006046-002/2025|H5N1|USA-OH|Lorain|2025-01-29|wild_avian|D1.1,USA,OH,Lorain,2025-01-29
SRR32804603|A/bald_eagle/OH/25-006046-001/2025|H5N1|USA-OH|Mahoning|2025-01-29|wild_avian|D1.1,USA,OH,Mahoning,2025-01-29
SRR33029849|A/black_vulture/OH/25-009864-005/2025|H5N1|USA-OH|Highland|2025-03-18|wild_avian|D1.1,USA,OH,Highland,2025-03-18
SRR33370172|A/vulture/OH/25-012105-001/2025|H5N1|USA-OH|Unknown|2025-04-07|wild_avian|D1.1,USA,OH,Unknown,2025-04-07
SRR33476771|A/black_vulture/OH/25-012888-001/2025|H5N1|USA-OH|Licking|2025-03-15|wild_avian|D1.1,USA,OH,Licking,2025-03-15
SRR36406301|A/american_wigeon/OH/25G04131-008/2025|H5N1|USA-OH|Ottawa|2025-10-23|wild_avian|D1.1,USA,OH,Ottawa,2025-10-23
SRR36406415|A/american_green_winged_teal/OH/25G04131-027/2025|H5N1|USA-OH|Ottawa|2025-11-01|wild_avian|D1.1,USA,OH,Ottawa,2025-11-01
SRR36406418|A/northern_shoveler/OH/25G03080-047/2025|H5N1|USA-OH|Ottawa|2025-10-18|wild_avian|D1.1,USA,OH,Ottawa,2025-10-18
SRR36538390|A/american_black_duck/OH/25G04930-025/2025|H5N1|USA-OH|Ottawa|2025-11-16|wild_avian|D1.1,USA,OH,Ottawa,2025-11-16
SRR36617726|A/canada_goose/OH/25-000228-002/2024|H5N1|USA-OH|Stark|2024-12-30|wild_avian|D1.1,USA,OH,Stark,2024-12-30
SRR36617800|A/canada_goose/OH/24-038006-001/2024|H5N1|USA-OH|Mercer|2024-12-14|wild_avian|D1.1,USA,OH,Mercer,2024-12-14
SRR36209098|A/Blue-winged_Teal/OH/25G02925-001-original/2025|H5N1|USA-OH|Unknown|2025-07-09|wild_avian|D1.1,USA,OH,Unknown,2025-07-09
SRR36211881|A/Black_Vulture/OH/25-026070-003-original/2025|H5N1|USA-OH|Unknown|2025-09-22|wild_avian|D1.1,USA,OH,Unknown,2025-09-22
SRR36211892|A/Mallard_Duck/OH/25-025982-002-original/2025|H5N1|USA-OH|Unknown|2025-09-18|wild_avian|D1.1,USA,OH,Unknown,2025-09-18
SRR32416465|A/bald_eagle/OK/25-003111-001/2025|H5N1|USA-OK|Le_Flore|2025-01-22|wild_avian|D1.1,USA,OK,Le_Flore,2025-01-22
SRR32804590|A/snow_goose/OK/25-006648-001/2025|H5N1|USA-OK|Texas|2025-02-14|wild_avian|D1.1,USA,OK,Texas,2025-02-14
SRR32804591|A/snow_goose/OK/25-006647-001/2025|H5N1|USA-OK|Texas|2025-02-14|wild_avian|D1.1,USA,OK,Texas,2025-02-14
SRR34491500|A/green_winged_teal/OK/24-034551-045/2024|H5N1|USA-OK|Sequoyah|2024-11-09|wild_avian|D1.1,USA,OK,Sequoyah,2024-11-09
SRR36538295|A/american_green_winged_teal/OK/25G04973-021/2025|H5N1|USA-OK|Sequoyah|2025-11-08|wild_avian|D1.1,USA,OK,Sequoyah,2025-11-08
SRR36538357|A/snow_goose/OK/25G05185-001/2025|H5N1|USA-OK|Cleveland|2025-11-20|wild_avian|D1.1,USA,OK,Cleveland,2025-11-20
SRR36628704|A/green_winged_teal/OK/24-034551-041/2024|H5N1|USA-OK|Sequoyah|2024-11-09|wild_avian|D1.1,USA,OK,Sequoyah,2024-11-09
SRR31820756|A/chicken/OK/24-036668-002-original/2024|H5N1|USA-OK|Unknown|2024-12-08|domestic_avian|D1.1,USA,OK,Unknown,2024-12-08
SRR32868567|A/Guineafowl/OK/25-008449-003-original/2025|H5N1|USA-OK|Unknown|2025-03-08|domestic_avian|D1.1,USA,OK,Unknown,2025-03-08
SRR32868813|A/Canada_Goose/OK/25-009017-002-original/2025|H5N1|USA-OK|Unknown|2025-03-12|wild_avian|D1.1,USA,OK,Unknown,2025-03-12
SRR36211957|A/Wild_Goose/OK/25G02530-001-original/2025|H5N1|USA-OK|Unknown|2025-10-17|wild_avian|D1.1,USA,OK,Unknown,2025-10-17
SRR36212343|A/Swan/OK/25G02155-001-original/2025|H5N1|USA-OK|Unknown|2025-10-13|wild_avian|D1.1,USA,OK,Unknown,2025-10-13
SRR33508718|A/snow_goose/OR/24-037758-001/2024|H5N1|USA-OR|Malheur|2024-12-09|wild_avian|D1.1,USA,OR,Malheur,2024-12-09
SRR34491321|A/cackling_goose/OR/24-033931-001/2024|H5N1|USA-OR|Washington|2024-11-07|wild_avian|D1.1,USA,OR,Washington,2024-11-07
SRR34491330|A/canada_goose/OR/24-033933-001/2024|H5N1|USA-OR|Crook|2024-11-02|wild_avian|D1.1,USA,OR,Crook,2024-11-02
SRR34491351|A/canada_goose/OR/24-033934-001/2024|H5N1|USA-OR|Lincoln|2024-10-22|wild_avian|D1.1,USA,OR,Lincoln,2024-10-22
SRR34491396|A/cackling_goose/OR/24-031821-001/2024|H5N1|USA-OR|Marion|2024-10-21|wild_avian|D1.1,USA,OR,Marion,2024-10-21
SRR36406291|A/red_tailed_hawk/OR/25G04260-001/2025|H5N1|USA-OR|Klamath|2025-11-13|wild_avian|D1.1,USA,OR,Klamath,2025-11-13
SRR36406292|A/red_tailed_hawk/OR/25G04259-001/2025|H5N1|USA-OR|Klamath|2025-11-13|wild_avian|D1.1,USA,OR,Klamath,2025-11-13
SRR36617634|A/snow_goose/OR/24-037761-001/2024|H5N1|USA-OR|Union|2024-12-09|wild_avian|D1.1,USA,OR,Union,2024-12-09
SRR32125546|A/chicken/OR/25-000540-001-original/2025|H5N1|USA-OR|Unknown|2025-01-05|domestic_avian|D1.1,USA,OR,Unknown,2025-01-05
SRR32415199|A/chicken/OR/25-003575-001-original/2025|H5N1|USA-OR|Unknown|2025-01-23|domestic_avian|D1.1,USA,OR,Unknown,2025-01-23
SRR32974026|A/Red-tailed_Hawk/OR/25-008819-001-original/2025|H5N1|USA-OR|Unknown|2025-03-05|wild_avian|D1.1,USA,OR,Unknown,2025-03-05
SRR33682322|A/Owl/OR/25-014765-001-original/2025|H5N1|USA-OR|Unknown|2025-03-10|wild_avian|D1.1,USA,OR,Unknown,2025-03-10
SRR36162760|A/chicken/OR/25G01792-001-original/2025|H5N1|USA-OR|Unknown|2025-10-05|domestic_avian|D1.1,USA,OR,Unknown,2025-10-05
SRR36211600|A/American_blue-winged_Teal/OR/25G01565-017-original/2025|H5N1|USA-OR|Unknown|2025-09-27|wild_avian|D1.1,USA,OR,Unknown,2025-09-27
SRR36212130|A/Ring-necked_Duck/OR/25G02626-019-original/2025|H5N1|USA-OR|Unknown|2025-10-19|wild_avian|D1.1,USA,OR,Unknown,2025-10-19
SRR32254446|A/red_tailed_hawk/PA/25-001322-001/2025|H5N1|USA-PA|Northampton|2025-01-02|wild_avian|D1.1,USA,PA,Northampton,2025-01-02
SRR32513297|A/red_tailed_hawk/PA/25-003148-002/2025|H5N1|USA-PA|Lehigh|2025-01-16|wild_avian|D1.1,USA,PA,Lehigh,2025-01-16
SRR32804547|A/red_shouldered_hawk/PA/25-006939-001/2025|H5N1|USA-PA|Lancaster|2025-02-11|wild_avian|D1.1,USA,PA,Lancaster,2025-02-11
SRR33125061|A/herring_gull/PA/25-005864-001/2025|H5N1|USA-PA|Erie|2025-02-11|wild_avian|D1.1,USA,PA,Erie,2025-02-11
SRR33319024|A/black_vulture/PA/25-011728-001/2025|H5N1|USA-PA|York|2025-04-03|wild_avian|D1.1,USA,PA,York,2025-04-03
SRR33370215|A/black_vulture/PA/25-011842-001/2025|H5N1|USA-PA|Dauphin|2025-03-17|wild_avian|D1.1,USA,PA,Dauphin,2025-03-17
SRR33508749|A/black_vulture/PA/25-010745-004/2025|H5N1|USA-PA|Lancaster|2025-03-27|wild_avian|D1.1,USA,PA,Lancaster,2025-03-27
SRR33830330|A/black_vulture/PA/25-015563-001/2025|H5N1|USA-PA|Chester|2025-04-28|wild_avian|D1.1,USA,PA,Chester,2025-04-28
SRR34270258|A/black_vulture/PA/25-017748-002/2025|H5N1|USA-PA|Lehigh|2025-06-03|wild_avian|D1.1,USA,PA,Lehigh,2025-06-03
SRR34270259|A/black_vulture/PA/25-017748-001/2025|H5N1|USA-PA|Lehigh|2025-06-03|wild_avian|D1.1,USA,PA,Lehigh,2025-06-03
SRR36406338|A/black_vulture/PA/25G03999-001/2025|H5N1|USA-PA|Adams|2025-11-12|wild_avian|D1.1,USA,PA,Adams,2025-11-12
SRR36617737|A/lesser_snow_goose/PA/25-000169-003/2024|H5N1|USA-PA|Lehigh|2024-12-30|wild_avian|D1.1,USA,PA,Lehigh,2024-12-30
SRR36628766|A/lesser_snow_goose/PA/25-000167-005/2024|H5N1|USA-PA|Northampton|2024-12-30|wild_avian|D1.1,USA,PA,Northampton,2024-12-30
SRR33993064|A/Black_Vulture/PA/25-017251-001-original/2025|H5N1|USA-PA|Unknown|2025-05-15|wild_avian|D1.1,USA,PA,Unknown,2025-05-15
SRR34542496|A/Mallard_Duck/PA/25-019408-006-original/2025|H5N1|USA-PA|Unknown|2025-07-01|wild_avian|D1.1,USA,PA,Unknown,2025-07-01
SRR35319489|A/Black_Vulture/PA/25-023113-001-original/2025|H5N1|USA-PA|Unknown|2025-08-13|wild_avian|D1.1,USA,PA,Unknown,2025-08-13
SRR36209076|A/Black_Swan/PA/25G03182-002-original/2025|H5N1|USA-PA|Unknown|2025-10-30|wild_avian|D1.1,USA,PA,Unknown,2025-10-30
SRR36209116|A/Mallard_Duck/PA/25G02313-006-original-repeat2/2025|H5N1|USA-PA|Unknown|2025-10-11|wild_avian|D1.1,USA,PA,Unknown,2025-10-11
SRR36212204|A/Black_Vulture/PA/25-025223-001-original/2025|H5N1|USA-PA|Unknown|2025-09-08|wild_avian|D1.1,USA,PA,Unknown,2025-09-08
SRR32254418|A/canada_goose/RI/25-001721-001/2025|H5N1|USA-RI|Newport|2025-01-02|wild_avian|D1.1,USA,RI,Newport,2025-01-02
SRR32868681|A/canada_goose/RI/25-007119-019/2025|H5N1|USA-RI|Kent|2025-02-13|wild_avian|D1.1,USA,RI,Kent,2025-02-13
SRR33319045|A/hooded_merganser/RI/25-007119-005/2025|H5N1|USA-RI|Washington|2025-01-19|wild_avian|D1.1,USA,RI,Washington,2025-01-19
SRR34784269|A/herring_gull/RI/25-019394-001/2025|H5N1|USA-RI|Kent|2025-02-25|wild_avian|D1.1,USA,RI,Kent,2025-02-25
SRR34710265|A/Peregrine_Falcon/RI/25-019394-007-original/2025|H5N1|USA-RI|Unknown|2025-03-04|wild_avian|D1.1,USA,RI,Unknown,2025-03-04
SRR35089326|A/Fish_Crow/RI/25-021409-001-original/2025|H5N1|USA-RI|Unknown|2025-03-18|wild_avian|D1.1,USA,RI,Unknown,2025-03-18
SRR32254425|A/bald_eagle/SC/25-000782-001/2025|H5N1|USA-SC|Charleston|2025-01-02|wild_avian|D1.1,USA,SC,Charleston,2025-01-02
SRR32513174|A/great_horned_owl/SC/25-004165-001/2025|H5N1|USA-SC|Charleston|2025-01-30|wild_avian|D1.1,USA,SC,Charleston,2025-01-30
SRR33943914|A/black_vulture/SC/25-016638-004/2025|H5N1|USA-SC|Chester|2025-05-20|wild_avian|D1.1,USA,SC,Chester,2025-05-20
SRR33943915|A/black_vulture/SC/25-016638-003/2025|H5N1|USA-SC|Chester|2025-05-20|wild_avian|D1.1,USA,SC,Chester,2025-05-20
SRR34491447|A/blue_winged_teal/SC/24-036315-006/2024|H5N1|USA-SC|Colleton|2024-11-27|wild_avian|D1.1,USA,SC,Colleton,2024-11-27
SRR36582221|A/Mute_swan/SC/25G05056-001/2025|H5N1|USA-SC|Sumter|2025-11-25|wild_avian|D1.1,USA,SC,Sumter,2025-11-25
SRR36582238|A/Black_vulture/SC/25G05160-001/2025|H5N1|USA-SC|Charleston|2025-11-20|wild_avian|D1.1,USA,SC,Charleston,2025-11-20
SRR36617572|A/green_winged_teal/SC/25-000649-005/2024|H5N1|USA-SC|Charleston|2024-12-19|wild_avian|D1.1,USA,SC,Charleston,2024-12-19
SRR36617711|A/american_wigeon/SC/25-000504-002/2024|H5N1|USA-SC|Colleton|2024-12-28|wild_avian|D1.1,USA,SC,Colleton,2024-12-28
SRR36209096|A/Black_Vulture/SC/25G03063-001-original/2025|H5N1|USA-SC|Unknown|2025-10-28|wild_avian|D1.1,USA,SC,Unknown,2025-10-28
SRR32254411|A/cat/SD/25-002248-002/2025|H5N1|USA-SD|Faulk|2025-01-16|feline|D1.1,USA,SD,Faulk,2025-01-16
SRR32254412|A/cat/SD/25-002248-001/2025|H5N1|USA-SD|Faulk|2025-01-16|feline|D1.1,USA,SD,Faulk,2025-01-16
SRR34491526|A/snow_goose/SD/24-036845-001/2024|H5N1|USA-SD|Spink|2024-12-04|wild_avian|D1.1,USA,SD,Spink,2024-12-04
SRR36538310|A/gadwall/SD/25G04284-006/2025|H5N1|USA-SD|Day|2025-11-10|wild_avian|D1.1,USA,SD,Day,2025-11-10
SRR36538363|A/ross_s_goose/SD/25G04635-003/2025|H5N1|USA-SD|McPherson|2025-11-20|wild_avian|D1.1,USA,SD,McPherson,2025-11-20
SRR36617972|A/canada_goose/SD/24-038946-001/2024|H5N1|USA-SD|Union|2024-12-24|wild_avian|D1.1,USA,SD,Union,2024-12-24
SRR31914406|A/Turkey/SD/24-035288-003-original/2024|H5N1|USA-SD|Unknown|2024-11-25|domestic_avian|D1.1,USA,SD,Unknown,2024-11-25
SRR31914411|A/Turkey/SD/24-035157-004-original/2024|H5N1|USA-SD|Unknown|2024-11-24|domestic_avian|D1.1,USA,SD,Unknown,2024-11-24
SRR32512905|A/chicken/SD/25-004736-001-original/2025|H5N1|USA-SD|Unknown|2025-02-06|domestic_avian|D1.1,USA,SD,Unknown,2025-02-06
SRR32974025|A/Red-tailed_Hawk/SD/25-008825-001-original/2025|H5N1|USA-SD|Unknown|2025-03-03|wild_avian|D1.1,USA,SD,Unknown,2025-03-03
SRR33476801|A/Canada_Goose/SD/25-013305-001-original/2025|H5N1|USA-SD|Unknown|2025-04-10|wild_avian|D1.1,USA,SD,Unknown,2025-04-10
SRR33764588|A/cat/SD/25-015467-001-original/2025|H5N1|USA-SD|Unknown|2025-05-06|feline|D1.1,USA,SD,Unknown,2025-05-06
SRR35318189|A/Turkey/SD/25-023747-001-original/2025|H5N1|USA-SD|Unknown|2025-08-26|domestic_avian|D1.1,USA,SD,Unknown,2025-08-26
SRR35586405|A/Turkey/SD/25-024550-002-original/2025|H5N1|USA-SD|Unknown|2025-09-07|domestic_avian|D1.1,USA,SD,Unknown,2025-09-07
SRR35705007|A/Turkey/SD/25-024863-004-original/2025|H5N1|USA-SD|Unknown|2025-09-05|domestic_avian|D1.1,USA,SD,Unknown,2025-09-05
SRR35949424|A/Domestic_Grower/Meat-type_Turkey/SD/25-024189-001-original/2025|H5N1|USA-SD|Unknown|2025-08-31|domestic_avian|D1.1,USA,SD,Unknown,2025-08-31
SRR36162647|A/Turkey/SD/25G02403-003-original/2025|H5N1|USA-SD|Unknown|2025-10-19|domestic_avian|D1.1,USA,SD,Unknown,2025-10-19
SRR34491391|A/green_winged_teal/TN/24-036998-013/2024|H5N1|USA-TN|Obion|2024-12-01|wild_avian|D1.1,USA,TN,Obion,2024-12-01
SRR36617313|A/snow_goose/TN/25-001379-007/2024|H5N1|USA-TN|Humphreys|2024-12-30|wild_avian|D1.1,USA,TN,Humphreys,2024-12-30
EPI_ISL_19777455|A/northern_pintail/Tennessee/158/2024|H5N1|USA-TN|Unknown|2024-11-23|wild_avian|D1.1,USA,TN,Unknown,2024-11-23
SRR31914398|A/chicken/TN/24-035519-005-original/2024|H5N1|USA-TN|Unknown|2024-11-26|domestic_avian|D1.1,USA,TN,Unknown,2024-11-26
SRR32416368|A/Canada_Goose/TN/25-003129-001-original/2025|H5N1|USA-TN|Unknown|2025-01-02|wild_avian|D1.1,USA,TN,Unknown,2025-01-02
SRR33125079|A/Black_Vulture/TN/25-006120-003-original/2025|H5N1|USA-TN|Unknown|2025-02-08|wild_avian|D1.1,USA,TN,Unknown,2025-02-08
SRR36162625|A/Red-breasted_Goose/TN/25G03365-002-original/2025|H5N1|USA-TN|Unknown|2025-11-03|wild_avian|D1.1,USA,TN,Unknown,2025-11-03
SRR36582198|A/Wild_duck/TX/25G05240-001/2025|H5N1|USA-TX|Galveston|2025-12-02|wild_avian|D1.1,USA,TX,Galveston,2025-12-02
SRR36618001|A/Muscovy_duck/TX/24-038475-001/2024|H5N1|USA-TX|Harris|2024-12-17|wild_avian|D1.1,USA,TX,Harris,2024-12-17
SRR32512557|A/cackling_goose/TX/25-003592-001/2025|H5N1|USA-TX|Lubbock|2025-01-29|wild_avian|D1.1,USA,TX,Lubbock,2025-01-29
SRR32513289|A/red_tailed_hawk/TX/25-003592-003/2025|H5N1|USA-TX|Lubbock|2025-01-29|wild_avian|D1.1,USA,TX,Lubbock,2025-01-29
SRR32804616|A/black_vulture/TX/25-006661-005/2025|H5N1|USA-TX|Bexar|2025-02-13|wild_avian|D1.1,USA,TX,Bexar,2025-02-13
SRR32804622|A/black_vulture/TX/25-006660-004/2025|H5N1|USA-TX|Bexar|2025-02-13|wild_avian|D1.1,USA,TX,Bexar,2025-02-13
SRR36538334|A/wild_goose/TX/25G04762-002/2025|H5N1|USA-TX|Randall|2025-11-12|wild_avian|D1.1,USA,TX,Randall,2025-11-12
SRR36538338|A/wild_goose/TX/25G04760-001/2025|H5N1|USA-TX|Potter|2025-11-18|wild_avian|D1.1,USA,TX,Potter,2025-11-18
SRR36582197|A/wild_goose/TX/25G05380-001/2025|H5N1|USA-TX|Lubbock|2025-12-01|wild_avian|D1.1,USA,TX,Lubbock,2025-12-01
SRR36617252|A/green_winged_teal/TX/24-037863-003/2024|H5N1|USA-TX|Chambers|2024-11-08|wild_avian|D1.1,USA,TX,Chambers,2024-11-08
SRR36617600|A/gadwall/TX/24-038543-056/2024|H5N1|USA-TX|Jefferson|2024-12-14|wild_avian|D1.1,USA,TX,Jefferson,2024-12-14
SRR36628420|A/blue_winged_teal/TX/24-037863-008/2024|H5N1|USA-TX|Chambers|2024-11-08|wild_avian|D1.1,USA,TX,Chambers,2024-11-08
SRR33508799|A/Skunk/TX/25-010819-006-original/2025|H5N1|USA-TX|Unknown|2025-03-13|other_mammal|D1.1,USA,TX,Unknown,2025-03-13
SRR33508800|A/Skunk/TX/25-010819-005-original/2025|H5N1|USA-TX|Unknown|2025-03-18|other_mammal|D1.1,USA,TX,Unknown,2025-03-18
SRR36212386|A/wild_duck/TX/25G01488-001-original/2025|H5N1|USA-TX|Unknown|2025-09-30|wild_avian|D1.1,USA,TX,Unknown,2025-09-30
SRR32513288|A/red_tailed_hawk/UT/25-003824-002/2025|H5N1|USA-UT|Unknown|2025-01-29|wild_avian|D1.1,USA,UT,Unknown,2025-01-29
SRR34491344|A/owl/UT/24-036341-002/2024|H5N1|USA-UT|Box_Elder|2024-12-03|wild_avian|D1.1,USA,UT,Box_Elder,2024-12-03
SRR34491413|A/mallard/UT/24-034892-003/2024|H5N1|USA-UT|Box_Elder|2024-11-15|wild_avian|D1.1,USA,UT,Box_Elder,2024-11-15
SRR36617487|A/canada_goose/UT/24-035683-001/2024|H5N1|USA-UT|Weber|2024-11-26|wild_avian|D1.1,USA,UT,Weber,2024-11-26
SRR36628227|A/canada_goose/UT/24-036341-001/2024|H5N1|USA-UT|Davis|2024-12-03|wild_avian|D1.1,USA,UT,Davis,2024-12-03
SRR33319032|A/Skunk/UT/25-011119-002-original/2025|H5N1|USA-UT|Unknown|2025-03-31|other_mammal|D1.1,USA,UT,Unknown,2025-03-31
SRR33682297|A/Turkey_Vulture/UT/25-014690-001-original/2025|H5N1|USA-UT|Unknown|2025-04-30|wild_avian|D1.1,USA,UT,Unknown,2025-04-30
SRR36203296|A/Swan/UT/25G03453-001-original/2025|H5N1|USA-UT|Unknown|2025-11-04|wild_avian|D1.1,USA,UT,Unknown,2025-11-04
SRR36203374|A/Canada_Goose/UT/25G03448-005-original/2025|H5N1|USA-UT|Unknown|2025-10-22|wild_avian|D1.1,USA,UT,Unknown,2025-10-22
SRR36211907|A/Canada_Goose/UT/25-024323-001-original/2025|H5N1|USA-UT|Unknown|2025-09-02|wild_avian|D1.1,USA,UT,Unknown,2025-09-02
SRR32254410|A/African_crowned_crane/VA/25-002296-001/2025|H5N1|USA-VA|Powhatan|2025-01-17|wild_avian|D1.1,USA,VA,Powhatan,2025-01-17
SRR32513231|A/snow_goose/VA/25-004135-011/2025|H5N1|USA-VA|Northampton|2025-01-22|wild_avian|D1.1,USA,VA,Northampton,2025-01-22
SRR36538305|A/greater_scaup/VA/25G04885-001/2025|H5N1|USA-VA|Suffolk|2025-11-22|wild_avian|D1.1,USA,VA,Suffolk,2025-11-22
SRR36582245|A/american_green_winged_teal/VA/25G05021-005/2025|H5N1|USA-VA|Surry|2025-11-22|wild_avian|D1.1,USA,VA,Surry,2025-11-22
SRR36617982|A/wood_duck/VA/24-038859-013/2024|H5N1|USA-VA|Henrico|2024-12-19|wild_avian|D1.1,USA,VA,Henrico,2024-12-19
SRR36617986|A/green_winged_teal/VA/24-038857-002/2024|H5N1|USA-VA|Virginia_Beach|2024-12-19|wild_avian|D1.1,USA,VA,Virginia_Beach,2024-12-19
SRR32868736|A/Peregrine_Falcon/VA/25-007709-003-original/2025|H5N1|USA-VA|Unknown|2025-02-14|wild_avian|D1.1,USA,VA,Unknown,2025-02-14
SRR32973981|A/Brown_Pelican/VA/25-008328-003-original/2025|H5N1|USA-VA|Unknown|2025-02-26|wild_avian|D1.1,USA,VA,Unknown,2025-02-26
SRR33319022|A/Black_Vulture/VA/25-011541-002-original/2025|H5N1|USA-VA|Unknown|2025-04-01|wild_avian|D1.1,USA,VA,Unknown,2025-04-01
SRR33370138|A/Red_Fox/VA/25-012694-001-original/2025|H5N1|USA-VA|Unknown|2025-03-31|other_mammal|D1.1,USA,VA,Unknown,2025-03-31
SRR33370209|A/Black_Vulture/VA/25-012471-002-original/2025|H5N1|USA-VA|Unknown|2025-04-10|wild_avian|D1.1,USA,VA,Unknown,2025-04-10
SRR34710267|A/Black_Vulture/VA/25-019364-001-original/2025|H5N1|USA-VA|Unknown|2025-05-23|wild_avian|D1.1,USA,VA,Unknown,2025-05-23
SRR36211670|A/Black_Vulture/VA/25G03055-006-original/2025|H5N1|USA-VA|Unknown|2025-10-22|wild_avian|D1.1,USA,VA,Unknown,2025-10-22
SRR32254424|A/mallard/VT/25-001682-021/2025|H5N1|USA-VT|Grand_Isle|2025-01-13|wild_avian|D1.1,USA,VT,Grand_Isle,2025-01-13
SRR32254427|A/mallard/VT/25-001682-012/2025|H5N1|USA-VT|Grand_Isle|2025-01-13|wild_avian|D1.1,USA,VT,Grand_Isle,2025-01-13
SRR31959989|A/chicken/VT/24-038443-001-original/2024|H5N1|USA-VT|Unknown|2024-12-19|domestic_avian|D1.1,USA,VT,Unknown,2024-12-19
SRR32974049|A/Canada_Goose/VT/25-009472-001-original/2025|H5N1|USA-VT|Unknown|2025-03-14|wild_avian|D1.1,USA,VT,Unknown,2025-03-14
SRR34491564|A/northern_pintail/WA/24-030720-008/2024|H5N1|USA-WA|Grant|2024-10-15|wild_avian|D1.1,USA,WA,Grant,2024-10-15
SRR36617269|A/mallard_duck/WA/24-036061-007/2024|H5N1|USA-WA|Grant|2024-11-24|wild_avian|D1.1,USA,WA,Grant,2024-11-24
SRR34491322|A/green_winged_teal/WA/24-033431-002/2024|H5N1|USA-WA|Grant|2024-11-05|wild_avian|D1.1,USA,WA,Grant,2024-11-05
SRR34491467|A/mallard/WA/24-031817-001/2024|H5N1|USA-WA|Grant|2024-10-19|wild_avian|D1.1,USA,WA,Grant,2024-10-19
SRR36406349|A/red_tailed_hawk/WA/25G03976-001/2025|H5N1|USA-WA|Whatcom|2025-11-01|wild_avian|D1.1,USA,WA,Whatcom,2025-11-01
SRR36406351|A/cackling_goose/WA/25G03973-001/2025|H5N1|USA-WA|Whatcom|2025-10-30|wild_avian|D1.1,USA,WA,Whatcom,2025-10-30
SRR36406354|A/cackling_goose/WA/25G03972-002/2025|H5N1|USA-WA|Whatcom|2025-10-28|wild_avian|D1.1,USA,WA,Whatcom,2025-10-28
SRR36538351|A/trumpeter_swan/WA/25G04846-002/2025|H5N1|USA-WA|Snohomish|2025-11-18|wild_avian|D1.1,USA,WA,Snohomish,2025-11-18
SRR36582220|A/Raccoon/WA/25G05425-001/2025|H5N1|USA-WA|San_Juan|2025-12-05|other_mammal|D1.1,USA,WA,San_Juan,2025-12-05
SRR36617580|A/mallard_duck/WA/25-000523-001/2024|H5N1|USA-WA|Grant|2024-12-20|wild_avian|D1.1,USA,WA,Grant,2024-12-20
SRR36617585|A/canvasback_duck/WA/24-038667-005/2024|H5N1|USA-WA|Walla_Walla|2024-12-14|wild_avian|D1.1,USA,WA,Walla_Walla,2024-12-14
GenBank|A/chicken/WA/W250220054-7/2025|H5N1|USA-WA|Unknown|2025-01-22|domestic_avian|D1.1,USA,WA,Unknown,2025-01-22
SRR32512878|A/Duck/WA/25-004661-001-original/2025|H5N1|USA-WA|Unknown|2025-02-03|domestic_avian|D1.1,USA,WA,Unknown,2025-02-03
SRR32653596|A/Weasel/WA/25-002912-001-original-repeat2/2025|H5N1|USA-WA|Unknown|2025-01-16|other_mammal|D1.1,USA,WA,Unknown,2025-01-16
SRR33476782|A/Bald_Eagle/WA/25-013105-001-original/2025|H5N1|USA-WA|Unknown|2025-03-03|wild_avian|D1.1,USA,WA,Unknown,2025-03-03
SRR33682312|A/Sand_Crane/WA/25-014081-001-original/2025|H5N1|USA-WA|Unknown|2025-04-24|wild_avian|D1.1,USA,WA,Unknown,2025-04-24
SRR33682347|A/Canada_Goose/WA/25-014080-001-original/2025|H5N1|USA-WA|Unknown|2025-04-01|wild_avian|D1.1,USA,WA,Unknown,2025-04-01
SRR36212227|A/Great_horned_Owl/WA/25G01455-001-original/2025|H5N1|USA-WA|Unknown|2025-09-22|wild_avian|D1.1,USA,WA,Unknown,2025-09-22
SRR36212382|A/wild_goose/WA/25G01700-001-original/2025|H5N1|USA-WA|Unknown|2025-09-24|wild_avian|D1.1,USA,WA,Unknown,2025-09-24
SRR36538194|A/peafowl/WI/25G05091-001/2025|H5N1|USA-WI|Marquette|2025-12-02|wild_avian|D1.1,USA,WI,Marquette,2025-12-02
SRR32254451|A/red_tailed_hawk/WI/25-001295-001/2025|H5N1|USA-WI|Columbia|2025-01-06|wild_avian|D1.1,USA,WI,Columbia,2025-01-06
SRR32512646|A/cougar/WI/25-004744-001/2025|H5N1|USA-WI|Redacted|2025-02-05|feline|D1.1,USA,WI,Redacted,2025-02-05
SRR33508795|A/red_breasted_merganser/WI/25-005001-001/2025|H5N1|USA-WI|Milwaukee|2025-02-03|wild_avian|D1.1,USA,WI,Milwaukee,2025-02-03
SRR34425901|A/caspian_tern/WI/25-018001-001/2025|H5N1|USA-WI|Door|2025-06-05|wild_avian|D1.1,USA,WI,Door,2025-06-05
SRR34980358|A/bald_eagle/WI/25-021326-002/2025|H5N1|USA-WI|Door|2025-01-21|wild_avian|D1.1,USA,WI,Door,2025-01-21
SRR36582215|A/ring_necked_duck/WI/25G05226-008/2025|H5N1|USA-WI|Burnet|2025-11-21|wild_avian|D1.1,USA,WI,Burnet,2025-11-21
SRR36582225|A/mallard_duck/WI/25G04982-005/2025|H5N1|USA-WI|Oconto|2025-11-13|wild_avian|D1.1,USA,WI,Oconto,2025-11-13
SRR36617307|A/canada_goose/WI/25-001449-006/2024|H5N1|USA-WI|St_Croix|2024-12-17|wild_avian|D1.1,USA,WI,St_Croix,2024-12-17
SRR36617819|A/tundra_swan/WI/24-037346-003/2024|H5N1|USA-WI|Dane|2024-12-07|wild_avian|D1.1,USA,WI,Dane,2024-12-07
SRR32974035|A/Peregrine_Falcon/WI/25-008493-001-original/2025|H5N1|USA-WI|Unknown|2025-03-01|wild_avian|D1.1,USA,WI,Unknown,2025-03-01
SRR33370177|A/Snowy_Owl/WI/25-012050-001-original/2025|H5N1|USA-WI|Unknown|2025-04-08|wild_avian|D1.1,USA,WI,Unknown,2025-04-08
SRR36163013|A/chicken/WI/25-026290-001-original/2025|H5N1|USA-WI|Unknown|2025-09-30|domestic_avian|D1.1,USA,WI,Unknown,2025-09-30
SRR36211964|A/Trumpeter_Swan/WI/25G01871-001-original/2025|H5N1|USA-WI|Unknown|2025-10-07|wild_avian|D1.1,USA,WI,Unknown,2025-10-07
SRR36212149|A/Mallard_Duck/WI/25G02258-001-original/2025|H5N1|USA-WI|Unknown|2025-09-24|wild_avian|D1.1,USA,WI,Unknown,2025-09-24
SRR36538325|A/canada_goose/WV/25G04377-001/2025|H5N1|USA-WV|Mason|2025-11-10|wild_avian|D1.1,USA,WV,Mason,2025-11-10
SRR32006892|A/chicken/WV/25-000049-006-original/2024|H5N1|USA-WV|Unknown|2024-12-31|domestic_avian|D1.1,USA,WV,Unknown,2024-12-31
SRR32653672|A/Canada_Goose/WV/25-005199-001-original/2025|H5N1|USA-WV|Unknown|2025-01-28|wild_avian|D1.1,USA,WV,Unknown,2025-01-28
SRR32868711|A/Red-tailed_Hawk/WV/25-007392-001-original/2025|H5N1|USA-WV|Unknown|2025-02-27|wild_avian|D1.1,USA,WV,Unknown,2025-02-27
SRR32868825|A/Canada_Goose/WV/25-001893-003-original/2025|H5N1|USA-WV|Unknown|2025-01-02|wild_avian|D1.1,USA,WV,Unknown,2025-01-02
SRR32974090|A/Canada_Goose/WV/25-005755-001-original-repeat2/2025|H5N1|USA-WV|Unknown|2025-02-07|wild_avian|D1.1,USA,WV,Unknown,2025-02-07
SRR36211659|A/Black_Vulture/WV/25G03060-003-original/2025|H5N1|USA-WV|Unknown|2025-10-17|wild_avian|D1.1,USA,WV,Unknown,2025-10-17
SRR36212366|A/Black_Vulture/WV/25G02062-001-original/2025|H5N1|USA-WV|Unknown|2025-10-06|wild_avian|D1.1,USA,WV,Unknown,2025-10-06
SRR36212435|A/Black_Vulture/WV/25G01830-002-original/2025|H5N1|USA-WV|Unknown|2025-09-26|wild_avian|D1.1,USA,WV,Unknown,2025-09-26
SRR36212436|A/Black_Vulture/WV/25G01830-001-original/2025|H5N1|USA-WV|Unknown|2025-09-26|wild_avian|D1.1,USA,WV,Unknown,2025-09-26
SRR32512649|A/Common_goldeneye/WY/25-004669-001/2025|H5N1|USA-WY|Natrona|2025-02-04|wild_avian|D1.1,USA,WY,Natrona,2025-02-04
SRR32513187|A/great_horned_owl/WY/25-002742-001/2025|H5N1|USA-WY|Goshen|2025-01-16|wild_avian|D1.1,USA,WY,Goshen,2025-01-16
SRR32513192|A/hawk/WY/25-004351-001/2025|H5N1|USA-WY|Fremont|2025-01-30|wild_avian|D1.1,USA,WY,Fremont,2025-01-30
SRR32868818|A/canada_goose/WY/25-008078-001/2025|H5N1|USA-WY|Platte|2025-02-26|wild_avian|D1.1,USA,WY,Platte,2025-02-26
SRR36406281|A/trumpeter_swan/WY/25G04344-003/2025|H5N1|USA-WY|Lincoln|2025-11-15|wild_avian|D1.1,USA,WY,Lincoln,2025-11-15
SRR36406282|A/trumpeter_swan/WY/25G04344-002/2025|H5N1|USA-WY|Lincoln|2025-11-15|wild_avian|D1.1,USA,WY,Lincoln,2025-11-15
SRR36617265|A/great_horned_owl/WY/24-036166-001/2024|H5N1|USA-WY|Lincoln|2024-11-25|wild_avian|D1.1,USA,WY,Lincoln,2024-11-25
SRR36617586|A/canada_goose/WY/24-038662-001/2024|H5N1|USA-WY|Big_Horn|2024-12-19|wild_avian|D1.1,USA,WY,Big_Horn,2024-12-19
SRR36617768|A/great_horned_owl/WY/24-033104-001/2024|H5N1|USA-WY|Albany|2024-11-01|wild_avian|D1.1,USA,WY,Albany,2024-11-01
SRR32868817|A/Canada_Goose/WY/25-008079-001-original/2025|H5N1|USA-WY|Unknown|2025-03-03|wild_avian|D1.1,USA,WY,Unknown,2025-03-03
SRR33476770|A/Turkey_Vulture/WY/25-013045-001-original/2025|H5N1|USA-WY|Unknown|2025-04-21|wild_avian|D1.1,USA,WY,Unknown,2025-04-21
SRR36211769|A/Canada_Goose/WY/25G01869-001-original/2025|H5N1|USA-WY|Unknown|2025-09-29|wild_avian|D1.1,USA,WY,Unknown,2025-09-29
SRR36211962|A/Turkey_Vulture/WY/25G02109-001-original/2025|H5N1|USA-WY|Unknown|2025-10-10|wild_avian|D1.1,USA,WY,Unknown,2025-10-10
SRR36212527|A/Canada_Goose/WY/25G02891-001-original/2025|H5N1|USA-WY|Unknown|2025-10-23|wild_avian|D1.1,USA,WY,Unknown,2025-10-23
SRR36212532|A/Mallard_Duck/WY/25-025186-001-original/2025|H5N1|USA-WY|Unknown|2025-09-11|wild_avian|D1.1,USA,WY,Unknown,2025-09-11
EPI_ISL_20261049|H5N1/chicken/CaymanIslands/25AIV50/2025|H5N1|CaymanIslands|Unknown|2025-11-27|domestic_avian|D1.1,Cayman_Islands,West_Bay,Unknown,2025-11-27
