node1,node2,length,startLon,startLat,endLon,endLat,endNodeL,startNodeL,startYear,endYear,tipLabel
146,147,0.00166939382558873,-115.517488136403,47.9536262258876,-115.197016180448,47.6705400864684,0.00166939382558873,0,2022.17632164978,2022.17799104361,NA
147,148,0.000654126978556491,-115.197016180448,47.6705400864684,-115.443642039672,47.9253872485867,0.00232352080414522,0.00166939382558873,2022.17799104361,2022.17864517059,NA
147,157,0.000851714379494162,-115.197016180448,47.6705400864684,-115.253769475792,47.600676461239,0.00252110820508289,0.00166939382558873,2022.17799104361,2022.17884275799,NA
157,173,0.00000442633948738447,-115.253769475792,47.600676461239,-115.262902630786,47.6125721738494,0.00252553454457027,0.00252110820508289,2022.17884275799,2022.17884718433,NA
148,149,0.00294633070140016,-115.443642039672,47.9253872485867,-115.473875763256,47.8540531913577,0.00526985150554538,0.00232352080414522,2022.17864517059,2022.18159150129,NA
148,154,0.0428438695179212,-115.443642039672,47.9253872485867,-114.67510402994,48.7884117858711,0.0451673903220664,0.00232352080414522,2022.17864517059,2022.22148904011,NA
157,158,0.069378722170697,-115.253769475792,47.600676461239,-114.859563871682,47.1787152649462,0.0718998303757798,0.00252110820508289,2022.17884275799,2022.24822148016,NA
154,155,0.0682034969558365,-114.67510402994,48.7884117858711,-114.33972224167,48.387127911129,0.113370887277903,0.0451673903220664,2022.22148904011,2022.28969253706,NA
146,284,0.149067717932436,-115.517488136403,47.9536262258876,-117.077749642245,47.2616443928214,0.149067717932436,0,2022.17632164978,2022.32538936772,NA
284,285,0.00818308390221478,-117.077749642245,47.2616443928214,-116.759142231833,47.4761486481835,0.157250801834651,0.149067717932436,2022.32538936772,2022.33357245162,NA
285,286,0.00455727209626566,-116.759142231833,47.4761486481835,-116.699608890033,47.7277442886388,0.161808073930917,0.157250801834651,2022.33357245162,2022.33812972372,NA
155,156,0.0543892031913074,-114.33972224167,48.387127911129,-113.617324209619,48.0403822457686,0.16776009046921,0.113370887277903,2022.28969253706,2022.34408174025,NA
149,150,0.207109793387914,-115.473875763256,47.8540531913577,-115.425492003173,46.8947230534027,0.212379644893459,0.00526985150554538,2022.18159150129,2022.38870129468,NA
286,287,0.084089505618087,-116.699608890033,47.7277442886388,-117.007130077642,49.5347845155355,0.245897579549004,0.161808073930917,2022.33812972372,2022.42221922933,NA
173,176,0.280855638405164,-115.262902630786,47.6125721738494,-117.796251825934,49.554127993399,0.283381172949734,0.00252553454457027,2022.17884718433,2022.45970282273,NA
158,161,0.216623193609889,-114.859563871682,47.1787152649462,-118.328410973766,48.7119139890162,0.288523023985669,0.0718998303757798,2022.24822148016,2022.46484467377,NA
176,246,0.0942360226890146,-117.796251825934,49.554127993399,-123.260956641975,49.7136330371467,0.377617195638749,0.283381172949734,2022.45970282273,2022.55393884542,NA
173,174,0.444585487743081,-115.262902630786,47.6125721738494,-111.222340193952,49.5052279401669,0.447111022287651,0.00252553454457027,2022.17884718433,2022.62343267207,NA
161,172,0.252402553186946,-118.328410973766,48.7119139890162,-118.46894484225,49.2467013073854,0.540925577172615,0.288523023985669,2022.46484467377,2022.71724722696,NA
150,151,0.341207800700009,-115.425492003173,46.8947230534027,-119.04195073541,48.2638933443649,0.553587445593468,0.212379644893459,2022.38870129468,2022.72990909538,NA
151,153,0.0280060988336936,-119.04195073541,48.2638933443649,-118.273567043585,47.9964165677798,0.581593544427162,0.553587445593468,2022.72990909538,2022.75791519421,NA
155,13,0.480170476635922,-114.33972224167,48.387127911129,-105.334531971695,40.6704237091008,0.593541363913825,0.113370887277903,2022.28969253706,2022.7698630137,EPI_ISL_19606610|A/bald_eagle/Colorado/22-033430-001/2022|H5N1|USA-CO|2022-10-09|avian|A3
174,175,0.150730677103601,-111.222340193952,49.5052279401669,-110.567446108145,50.0399762113727,0.597841699391252,0.447111022287651,2022.62343267207,2022.77416334918,NA
158,159,0.537166707193619,-114.859563871682,47.1787152649462,-107.491553270335,43.3510783591591,0.609066537569399,0.0718998303757798,2022.24822148016,2022.78538818735,NA
246,277,0.239230586534112,-123.260956641975,49.7136330371467,-129.770983332244,54.276545902407,0.616847782172861,0.377617195638749,2022.55393884542,2022.79316943196,NA
172,26,0.099191129206968,-118.46894484225,49.2467013073854,-120.462706031369,60.4536157393333,0.640116706379583,0.540925577172615,2022.71724722696,2022.81643835616,EPI_ISL_19775488|A/Common_Raven/NT/FAV-0275-16/2023|H5N1|Canada-NT|2022-10-26|avian|A3
159,160,0.0365076769654378,-107.491553270335,43.3510783591591,-107.908213317994,42.9674279880682,0.645574214534836,0.609066537569399,2022.78538818735,2022.82189586432,NA
161,162,0.380454127864469,-118.328410973766,48.7119139890162,-109.535744175808,30.7315390057786,0.668977151850138,0.288523023985669,2022.46484467377,2022.84529880163,NA
287,288,0.42309094039032,-117.007130077642,49.5347845155355,-118.975071094197,51.6508312043076,0.668988519939323,0.245897579549004,2022.42221922933,2022.84531016972,NA
286,289,0.524340385481819,-116.699608890033,47.7277442886388,-118.821025994806,39.845602419936,0.686148459412736,0.161808073930917,2022.33812972372,2022.8624701092,NA
154,12,0.647004110578217,-114.67510402994,48.7884117858711,-110.548226739572,58.1249880854764,0.692171500900283,0.0451673903220664,2022.22148904011,2022.86849315069,EPI_ISL_19154703|A/Black-billed_Magpie/AB/FAV-1655-1/2022|H5N1|Canada-AB|2022-11-14|avian|A3
285,1,0.534920699065632,-116.759142231833,47.4761486481835,-122.810043586787,55.1268902237692,0.692171500900283,0.157250801834651,2022.33357245162,2022.86849315069,EPI_ISL_19154711|A/Wood_Duck/BC/FAV-0053-7/2022|H5N1|Canada-BC|2022-11-14|avian|A3
149,27,0.689641375422095,-115.473875763256,47.8540531913577,-121.880972156413,47.6542635922053,0.69491122692764,0.00526985150554538,2022.18159150129,2022.87123287671,EPI_ISL_19606640|A/american_crow/Washington/22-037636-003/2022|H5N1|USA-WA|2022-11-15|avian|A3
284,10,0.554062687077276,-117.077749642245,47.2616443928214,-118.165904294492,42.5412707421962,0.703130405009713,0.149067717932436,2022.32538936772,2022.87945205479,EPI_ISL_19605592|A/red_tailed_hawk/Oregon/22-038528-001/2022|H5N1|USA-OR|2022-11-18|avian|A3
172,25,0.170424005919397,-118.46894484225,49.2467013073854,-117.856704303167,49.4286077530251,0.711349583092012,0.540925577172615,2022.71724722696,2022.88767123288,EPI_ISL_19775512|A/Snow_Goose/BC/FAV-0014-48/2023|H5N1|Canada-BC|2022-11-21|avian|A3
288,5,0.0560596932897033,-118.975071094197,51.6508312043076,-119.216075545295,51.6895553342575,0.725048213229027,0.668988519939323,2022.84531016972,2022.90136986301,EPI_ISL_19154868|A/Red-tailed_Hawk/BC/FAV-0053-38/2022|H5N1|Canada-BC|2022-11-26|avian|A3
156,145,0.562767574814531,-113.617324209619,48.0403822457686,-103.25092243803,39.9633769332811,0.730527665283741,0.16776009046921,2022.34408174025,2022.90684931507,EPI_ISL_19606609|A/bald_eagle/Colorado/22-038658-001/2022|H5N1|USA-CO|2022-11-28|avian|A3
153,33,0.168112203048309,-118.273567043585,47.9964165677798,-109.34759932603,42.5885586249602,0.74970574747547,0.581593544427162,2022.75791519421,2022.92602739726,EPI_ISL_19607276|A/great_horned_owl/Wyoming/22-039756-001-3/2022|H5N1|USA-WY|2022-12-05|avian|A3
156,11,0.598384013170632,-113.617324209619,48.0403822457686,-117.04206708135,45.1600136053924,0.766144103639842,0.16776009046921,2022.34408174025,2022.94246575342,EPI_ISL_19604092|A/mallard/Oregon/22-041048-001/2022|H5N1|USA-OR|2022-12-11|avian|A3
153,32,0.206468367431994,-118.273567043585,47.9964165677798,-120.586004845397,53.6626149683826,0.788061911859156,0.581593544427162,2022.75791519421,2022.96438356164,EPI_ISL_18665546|A/Great_Horned_Owl/BC/AIVPHL-853/2022|H5N1|Canada-BC|2022-12-19|avian|A3
160,30,0.183583587735135,-107.908213317994,42.9674279880682,-106.933580031931,42.5298709624275,0.829157802269972,0.645574214534836,2022.82189586432,2023.00547945205,EPI_ISL_19605588|A/red_tailed_hawk/Wyoming/23-000979-001/2023|H5N1|USA-WY|2023-01-03|avian|A3
289,3,0.162187425049192,-118.821025994806,39.845602419936,-122.67069456408,43.9299205421195,0.848335884461928,0.686148459412736,2022.8624701092,2023.02465753425,EPI_ISL_19605595|A/red_tailed_hawk/Oregon/23-002977-001/2023|H5N1|USA-OR|2023-01-10|avian|A3
277,278,0.233467777028167,-129.770983332244,54.276545902407,-136.956790450006,59.5675512728997,0.850315559201028,0.616847782172861,2022.79316943196,2023.02663720899,NA
159,29,0.242009072919887,-107.491553270335,43.3510783591591,-109.283834225953,43.1967646921583,0.851075610489286,0.609066537569399,2022.78538818735,2023.02739726027,EPI_ISL_19605578|A/red_tailed_hawk/Wyoming/23-002118-001/2023|H5N1|USA-WY|2023-01-11|avian|A3
174,7,0.412183766283706,-111.222340193952,49.5052279401669,-108.148053811769,52.3069573480319,0.859294788571358,0.447111022287651,2022.62343267207,2023.03561643836,EPI_ISL_19775550|A/Common_Goldeneye/SK/FAV-0275-22/2023|H5N1|Canada-SK|2023-01-14|avian|A3
278,279,0.0121103571835888,-136.956790450006,59.5675512728997,-137.499430022881,59.838383558204,0.862425916384617,0.850315559201028,2023.02663720899,2023.03874756617,NA
288,6,0.195785720686977,-118.975071094197,51.6508312043076,-120.360326188664,53.166323469208,0.8647742406263,0.668988519939323,2022.84531016972,2023.04109589041,EPI_ISL_17051482|A/canada_goose/BC/AIVPHL-371/2023|H5N1|Canada-BC|2023-01-16|avian|A3
175,8,0.280631171372062,-110.567446108145,50.0399762113727,-104.128893774798,53.8803446524895,0.878472870763314,0.597841699391252,2022.77416334918,2023.05479452055,EPI_ISL_19775554|A/Common_Goldeneye/SK/FAV-0275-24/2023|H5N1|Canada-SK|2023-01-21|avian|A3
175,9,0.291590075481492,-110.567446108145,50.0399762113727,-107.666087650102,50.5600768228247,0.889431774872744,0.597841699391252,2022.77416334918,2023.06575342466,EPI_ISL_19775556|A/Common_Goldeneye/SK/FAV-0275-27/2023|H5N1|Canada-SK|2023-01-25|avian|A3
150,31,0.690750760116299,-115.425492003173,46.8947230534027,-112.551153265624,47.1701134720988,0.903130405009758,0.212379644893459,2022.38870129468,2023.07945205479,EPI_ISL_19604243|A/raven/Montana/23-003666-004/2023|H5N1|USA-MT|2023-01-30|avian|A3
160,28,0.28495345074895,-107.908213317994,42.9674279880682,-110.341585333617,41.2611467593421,0.930527665283787,0.645574214534836,2022.82189586432,2023.10684931507,EPI_ISL_17964855|A/red-tailed_hawk/Wyoming/23-005384-001/2023|H5N1|USA-WY|2023-02-09|avian|A3
162,163,0.350886276577288,-109.535744175808,30.7315390057786,-110.155761689965,30.6393405533386,1.01986342842743,0.668977151850138,2022.84529880163,2023.19618507821,NA
162,164,0.359945301892151,-109.535744175808,30.7315390057786,-112.650741178697,32.8384376848365,1.02892245374229,0.668977151850138,2022.84529880163,2023.20524410353,NA
164,167,0.00365757309959713,-112.650741178697,32.8384376848365,-112.494167534824,32.6853922551212,1.03258002684189,1.02892245374229,2023.20524410353,2023.20890167663,NA
289,2,0.353968246966938,-118.821025994806,39.845602419936,-121.348866421559,40.1460697119578,1.04011670637967,0.686148459412736,2022.8624701092,2023.21643835616,EPI_ISL_17964921|A/glaucous_gull/California/23-010132-001/2023|H5N1|USA-CA|2023-03-21|avian|A3
176,177,0.761551306337351,-117.796251825934,49.554127993399,-126.355834346246,54.5241342904857,1.04493247928708,0.283381172949734,2022.45970282273,2023.22125412907,NA
167,168,0.0172671969900571,-112.494167534824,32.6853922551212,-113.243679480967,33.106992795527,1.04984722383194,1.03258002684189,2023.20890167663,2023.22616887362,NA
168,169,0.00879504102029416,-113.243679480967,33.106992795527,-113.508829894015,33.3449182120284,1.05864226485224,1.04984722383194,2023.22616887362,2023.23496391464,NA
169,170,0.001536998302198,-113.508829894015,33.3449182120284,-113.587290455485,33.3118834228053,1.06017926315444,1.05864226485224,2023.23496391464,2023.23650091294,NA
164,165,0.0337644000201507,-112.650741178697,32.8384376848365,-113.110997317253,33.5572560202094,1.06268685376244,1.02892245374229,2023.20524410353,2023.23900850355,NA
168,24,0.0149270167941749,-113.243679480967,33.106992795527,-114.06901788059,35.0683744794908,1.06477424062612,1.04984722383194,2023.22616887362,2023.24109589041,EPI_ISL_19608615|A/california_condor/Arizona/23-010675-002/2023|H5N1|USA-AZ|2023-03-30|avian|A3
170,23,0.00459497747168269,-113.587290455485,33.3118834228053,-113.532886032105,32.8473738466604,1.06477424062612,1.06017926315444,2023.23650091294,2023.24109589041,EPI_ISL_19608614|A/california_condor/Arizona/23-010675-001/2023|H5N1|USA-AZ|2023-03-30|avian|A3
165,18,0.00208738686367838,-113.110997317253,33.5572560202094,-112.69542338659,34.1163482767782,1.06477424062612,1.06268685376244,2023.23900850355,2023.24109589041,EPI_ISL_19606427|A/california_condor/Arizona/23-010558-001/2023|H5N1|USA-AZ|2023-03-30|avian|A3
167,171,0.0332597477454248,-112.494167534824,32.6853922551212,-110.138407624574,33.4449783147735,1.06583977458731,1.03258002684189,2023.20890167663,2023.24216142437,NA
165,166,0.00372522813202458,-113.110997317253,33.5572560202094,-113.394529392243,33.4871782914959,1.06641208189446,1.06268685376244,2023.23900850355,2023.24273373168,NA
171,15,0.0126330961758214,-110.138407624574,33.4449783147735,-109.31369027355,32.7649615929957,1.07847287076313,1.06583977458731,2023.24216142437,2023.25479452055,EPI_ISL_19608616|A/california_condor/Arizona/23-010946-001/2023|H5N1|USA-AZ|2023-04-04|avian|A3
171,14,0.0181125482307636,-110.138407624574,33.4449783147735,-109.708248611469,32.0225936280361,1.08395232281807,1.06583977458731,2023.24216142437,2023.2602739726,EPI_ISL_19608612|A/california_condor/Arizona/23-011580-002/2023|H5N1|USA-AZ|2023-04-06|avian|A3
166,17,0.0175402409236103,-113.394529392243,33.4871782914959,-113.420078160376,33.5331437323884,1.08395232281807,1.06641208189446,2023.24273373168,2023.2602739726,EPI_ISL_19608613|A/california_condor/Arizona/23-011580-001/2023|H5N1|USA-AZ|2023-04-06|avian|A3
163,20,0.0805272505550205,-110.155761689965,30.6393405533386,-109.964967943433,31.6104872993189,1.10039067898245,1.01986342842743,2023.19618507821,2023.27671232877,EPI_ISL_19608611|A/california_condor/Arizona/23-011582-001/2023|H5N1|USA-AZ|2023-04-12|avian|A3
166,16,0.033978597087982,-113.394529392243,33.4871782914959,-110.676773725918,32.5042403492567,1.10039067898245,1.06641208189446,2023.24273373168,2023.27671232877,EPI_ISL_19608610|A/california_condor/Arizona/23-011582-002/2023|H5N1|USA-AZ|2023-04-12|avian|A3
151,152,0.550845594057091,-119.04195073541,48.2638933443649,-118.612625640209,58.0402130303686,1.10443303965056,0.553587445593468,2022.72990909538,2023.28075468944,NA
177,185,0.0609328963382354,-126.355834346246,54.5241342904857,-122.715093378136,51.4798409432766,1.10586537562532,1.04493247928708,2023.22125412907,2023.28218702541,NA
185,186,0.00198904642226361,-122.715093378136,51.4798409432766,-123.966242165361,51.9936878772922,1.10785442204758,1.10586537562532,2023.28218702541,2023.28417607183,NA
186,190,0.000165468265757251,-123.966242165361,51.9936878772922,-124.02478382102,51.9925370184777,1.10801989031334,1.10785442204758,2023.28417607183,2023.2843415401,NA
279,280,0.245794709169861,-137.499430022881,59.838383558204,-139.627968309553,61.812485629239,1.10822062555448,0.862425916384617,2023.03874756617,2023.28454227534,NA
163,19,0.0969656067193922,-110.155761689965,30.6393405533386,-110.248564917359,31.3448011407061,1.11682903514682,1.01986342842743,2023.19618507821,2023.29315068493,EPI_ISL_19608607|A/california_condor/Arizona/23-012519-002/2023|H5N1|USA-AZ|2023-04-18|avian|A3
169,21,0.0581867702945806,-113.508829894015,33.3449182120284,-113.700061347524,34.8606927969458,1.11682903514682,1.05864226485224,2023.23496391464,2023.29315068493,EPI_ISL_19608608|A/california_condor/Arizona/23-012521-001/2023|H5N1|USA-AZ|2023-04-18|avian|A3
170,22,0.0566497719923826,-113.587290455485,33.3118834228053,-114.413297893234,33.6333225463046,1.11682903514682,1.06017926315444,2023.23650091294,2023.29315068493,EPI_ISL_19608609|A/california_condor/Arizona/23-012522-002/2023|H5N1|USA-AZ|2023-04-18|avian|A3
185,206,0.0111482460050396,-122.715093378136,51.4798409432766,-122.045161252421,50.8715117957544,1.11701362163036,1.10586537562532,2023.28218702541,2023.29333527142,NA
190,198,0.00990626118833116,-124.02478382102,51.9925370184777,-123.346200126386,52.3510043787373,1.11792615150167,1.10801989031334,2023.2843415401,2023.29424780129,NA
206,207,0.00193035622154114,-122.045161252421,50.8715117957544,-121.117030903461,50.9335160237512,1.1189439778519,1.11701362163036,2023.29333527142,2023.29526562764,NA
152,35,0.0178754475509739,-118.612625640209,58.0402130303686,-118.294617040966,58.3124426796558,1.12230848720153,1.10443303965056,2023.28075468944,2023.29863013699,EPI_ISL_19775615|A/Chicken/AB/FAV-0190-1/2023|H5N1|Canada-AB|2023-04-20|avian|A3
152,34,0.0178754475509739,-118.612625640209,58.0402130303686,-118.675874588824,58.0373202041729,1.12230848720153,1.10443303965056,2023.28075468944,2023.29863013699,EPI_ISL_19775616|A/Chicken/AB/FAV-0190-2/2023|H5N1|Canada-AB|2023-04-20|avian|A3
190,191,0.0149524759489825,-124.02478382102,51.9925370184777,-122.292854477093,51.7230771893182,1.12297236626232,1.10801989031334,2023.2843415401,2023.29929401605,NA
206,228,0.0177692058079861,-122.045161252421,50.8715117957544,-124.651313786314,51.6854322765677,1.13478282743835,1.11701362163036,2023.29333527142,2023.31110447722,NA
198,201,0.0219421721192363,-123.346200126386,52.3510043787373,-125.209998483583,53.2453810222697,1.13986832362091,1.11792615150167,2023.29424780129,2023.31618997341,NA
280,281,0.043389872655974,-139.627968309553,61.812485629239,-145.428297992718,69.0856829291266,1.15161049821045,1.10822062555448,2023.28454227534,2023.327932148,NA
177,178,0.111063168905803,-126.355834346246,54.5241342904857,-127.116416174335,54.2459653024167,1.15599564819289,1.04493247928708,2023.22125412907,2023.33231729798,NA
186,187,0.0490939353179984,-123.966242165361,51.9936878772922,-124.352020101535,52.3228620143979,1.15694835736558,1.10785442204758,2023.28417607183,2023.33327000715,NA
178,183,0.00603037563139641,-127.116416174335,54.2459653024167,-128.002843397852,53.1657888863872,1.16202602382428,1.15599564819289,2023.33231729798,2023.33834767361,NA
207,223,0.0432689558026249,-121.117030903461,50.9335160237512,-118.570796643717,51.0592751809476,1.16221293365453,1.1189439778519,2023.29526562764,2023.33853458344,NA
228,238,0.0308893907014332,-124.651313786314,51.6854322765677,-124.696883343203,51.7118071025006,1.16567221813978,1.13478282743835,2023.31110447722,2023.34199386792,NA
281,283,0.0172901772053113,-145.428297992718,69.0856829291266,-144.788104755868,65.4734832626319,1.16890067541576,1.15161049821045,2023.327932148,2023.3452223252,NA
207,208,0.0531927538349912,-121.117030903461,50.9335160237512,-124.39314456824,52.4118894250698,1.17213673168689,1.1189439778519,2023.29526562764,2023.34845838147,NA
228,229,0.0374098484193932,-124.651313786314,51.6854322765677,-124.871322826322,52.7659225726929,1.17219267585774,1.13478282743835,2023.31110447722,2023.34851432564,NA
201,204,0.0334467332010078,-125.209998483583,53.2453810222697,-125.177162099621,53.1760179504113,1.17331505682192,1.13986832362091,2023.31618997341,2023.34963670661,NA
208,209,0.00378206734575315,-124.39314456824,52.4118894250698,-124.34991940725,52.4410412038341,1.17591879903265,1.17213673168689,2023.34845838147,2023.35224044882,NA
209,212,0.00366781677139061,-124.34991940725,52.4410412038341,-124.038346130329,52.4866082413458,1.17958661580404,1.17591879903265,2023.35224044882,2023.35590826559,NA
178,179,0.0258139358370804,-127.116416174335,54.2459653024167,-127.27893954967,53.3288105627722,1.18180958402997,1.15599564819289,2023.33231729798,2023.35813123381,NA
281,282,0.0311268532112088,-145.428297992718,69.0856829291266,-142.978347693063,65.423330019468,1.18273735142166,1.15161049821045,2023.327932148,2023.35905900121,NA
204,205,0.00955001463887606,-125.177162099621,53.1760179504113,-125.144878243751,52.834489669757,1.18286507146079,1.17331505682192,2023.34963670661,2023.35918672125,NA
238,239,0.0195576167839451,-124.696883343203,51.7118071025006,-125.49401053192,52.5932914996876,1.18522983492372,1.16567221813978,2023.34199386792,2023.36155148471,NA
212,213,0.00632209877317669,-124.038346130329,52.4866082413458,-124.480864717642,52.4328865108605,1.18590871457721,1.17958661580404,2023.35590826559,2023.36223036436,NA
213,216,0.0015195522130087,-124.480864717642,52.4328865108605,-125.269714184324,52.6100985303713,1.18742826679022,1.18590871457721,2023.36223036436,2023.36374991657,NA
179,181,0.00582014921232088,-127.27893954967,53.3288105627722,-127.436063553867,52.5709681500702,1.18762973324229,1.18180958402997,2023.35813123381,2023.36395138303,NA
223,225,0.0262752227507976,-118.570796643717,51.0592751809476,-132.666876695263,59.8534643655487,1.18848815640532,1.16221293365453,2023.33853458344,2023.36480980619,NA
229,230,0.0220656003885824,-124.871322826322,52.7659225726929,-121.593734344426,52.7894142805121,1.19425827624632,1.17219267585774,2023.34851432564,2023.37057992603,NA
238,241,0.0426593661772996,-124.696883343203,51.7118071025006,-126.332649611686,52.907980424426,1.20833158431708,1.16567221813978,2023.34199386792,2023.3846532341,NA
198,199,0.112183302783205,-123.346200126386,52.3510043787373,-121.515706280191,48.0502000495006,1.23010945428488,1.11792615150167,2023.29424780129,2023.40643110407,NA
213,214,0.0660676385653509,-124.480864717642,52.4328865108605,-123.626143196811,51.8498034467533,1.25197635314256,1.18590871457721,2023.36223036436,2023.42829800293,NA
230,231,0.0680903982758487,-121.593734344426,52.7894142805121,-121.331037997144,52.5246989141356,1.26234867452217,1.19425827624632,2023.37057992603,2023.43867032431,NA
231,233,0.0288502592110431,-121.331037997144,52.5246989141356,-121.70759649344,51.7939299703839,1.29119893373321,1.26234867452217,2023.43867032431,2023.46752058352,NA
239,240,0.11568442892999,-125.49401053192,52.5932914996876,-129.849353801809,54.3110511040015,1.30091426385371,1.18522983492372,2023.36155148471,2023.47723591364,NA
209,210,0.129293968761203,-124.34991940725,52.4410412038341,-124.37083266805,54.1843657636676,1.30521276779385,1.17591879903265,2023.35224044882,2023.48153441758,NA
191,192,0.202128171154078,-122.292854477093,51.7230771893182,-124.830974188351,51.0488850918564,1.3251005374164,1.12297236626232,2023.29929401605,2023.5014221872,NA
191,194,0.235462765090289,-122.292854477093,51.7230771893182,-121.746214803752,51.6040977205001,1.35843513135261,1.12297236626232,2023.29929401605,2023.53475678114,NA
277,36,0.752036047494475,-129.770983332244,54.276545902407,-96.285309462054,46.2157153029979,1.36888382966734,0.616847782172861,2022.79316943196,2023.54520547945,EPI_ISL_19186462|A/short-tailed_shearwaters/Minnesota/23-025002-003/2023|H5N1|USA-MN|2023-07-19|avian|A3
278,37,0.52678744854838,-136.956790450006,59.5675512728997,-132.756643459577,57.4918786312574,1.37710300774941,0.850315559201028,2023.02663720899,2023.55342465753,EPI_ISL_19186486|A/glaucous_gull/Alaska/23-025003-001/2023|H5N1|USA-AK|2023-07-22|avian|A3
287,4,1.13668488025535,-117.007130077642,49.5347845155355,-120.778739829395,51.9176676997258,1.38258245980435,0.245897579549004,2022.42221922933,2023.55890410959,EPI_ISL_18665607|A/Red_Tailed_Hawk/BC/AIVPHL-1236/2023|H5N1|Canada-BC|2023-07-24|avian|A3
283,38,0.235599592607674,-144.788104755868,65.4734832626319,-143.38516093221,64.661794525655,1.40450026802344,1.16890067541576,2023.3452223252,2023.58082191781,EPI_ISL_19186532|A/common_murre/Alaska/23-027066-011/2023|H5N1|USA-AK|2023-08-01|avian|A3
283,41,0.235599592607674,-144.788104755868,65.4734832626319,-153.703675235535,67.6075046812002,1.40450026802344,1.16890067541576,2023.3452223252,2023.58082191781,EPI_ISL_19186531|A/common_murre/Alaska/23-027066-010/2023|H5N1|USA-AK|2023-08-01|avian|A3
282,40,0.221762916601776,-142.978347693063,65.423330019468,-143.152114992635,65.6348928619767,1.40450026802344,1.18273735142166,2023.35905900121,2023.58082191781,EPI_ISL_19186564|A/common_murre/Alaska/23-027066-013/2023|H5N1|USA-AK|2023-08-01|avian|A3
282,39,0.221762916601776,-142.978347693063,65.423330019468,-144.761929794468,62.9232274315076,1.40450026802344,1.18273735142166,2023.35905900121,2023.58082191781,EPI_ISL_19186499|A/common_murre/Alaska/23-027066-002/2023|H5N1|USA-AK|2023-08-01|avian|A3
199,200,0.18869585996354,-121.515706280191,48.0502000495006,-119.14692965107,45.6829140542076,1.41880531424842,1.23010945428488,2023.40643110407,2023.59512696403,NA
225,226,0.237165969631983,-132.666876695263,59.8534643655487,-133.356467907693,60.0289656328267,1.42565412603731,1.18848815640532,2023.36480980619,2023.60197577582,NA
226,227,0.0716185679561807,-133.356467907693,60.0289656328267,-137.715129192565,60.3879293595242,1.49727269399349,1.42565412603731,2023.60197577582,2023.67359434378,NA
212,220,0.34123706797943,-124.038346130329,52.4866082413458,-125.06426563527,57.2210067937567,1.52082368378347,1.17958661580404,2023.35590826559,2023.69714533357,NA
210,211,0.22505517039773,-124.37083266805,54.1843657636676,-126.541199214796,55.1668764679837,1.53026793819158,1.30521276779385,2023.48153441758,2023.70658958798,NA
280,42,0.430526217811518,-139.627968309553,61.812485629239,-144.552771696054,63.2898688254991,1.538746843366,1.10822062555448,2023.28454227534,2023.71506849315,EPI_ISL_19606474|A/black_legged_kittiwake/Alaska/23-029675-001/2023|H5N1|USA-AK|2023-09-19|avian|A3
192,193,0.215140429888078,-124.830974188351,51.0488850918564,-128.594474957684,56.6536760655048,1.54024096730448,1.3251005374164,2023.5014221872,2023.71656261709,NA
241,243,0.341514656726807,-126.332649611686,52.907980424426,-122.728992446741,38.9101608248536,1.54984624104389,1.20833158431708,2023.3846532341,2023.72616789083,NA
246,247,1.18360648622965,-123.260956641975,49.7136330371467,-111.902427933689,48.3528441942724,1.5612236818684,0.377617195638749,2022.55393884542,2023.73754533165,NA
181,182,0.378599538223538,-127.436063553867,52.5709681500702,-124.310237787718,51.9836938155585,1.56622927146583,1.18762973324229,2023.36395138303,2023.74255092125,NA
201,202,0.426967937367656,-125.209998483583,53.2453810222697,-142.00199519951,63.1698496347599,1.56683626098856,1.13986832362091,2023.31618997341,2023.74315791077,NA
279,43,0.709197639310122,-137.499430022881,59.838383558204,-143.344658561101,69.9296254051014,1.57162355569474,0.862425916384617,2023.03874756617,2023.74794520548,EPI_ISL_18976667|A/polar_bear/Alaska/23-038123/2023|H5N1|USA-AK|2023-10-01|other_mammal|A3
179,180,0.39649118260528,-127.27893954967,53.3288105627722,-128.124364992287,53.6575791287548,1.57830076663525,1.18180958402997,2023.35813123381,2023.75462241642,NA
214,215,0.332497119069019,-123.626143196811,51.8498034467533,-126.51754389352,52.0729165709352,1.58447347221158,1.25197635314256,2023.42829800293,2023.760795122,NA
194,195,0.226997171682513,-121.746214803752,51.6040977205001,-119.08540931126,50.3068069409683,1.58543230303513,1.35843513135261,2023.53475678114,2023.76175395282,NA
187,189,0.434204264339139,-124.352020101535,52.3228620143979,-124.435830521897,53.1816968818675,1.59115262170472,1.15694835736558,2023.33327000715,2023.76747427149,NA
182,75,0.0464901746397266,-124.310237787718,51.9836938155585,-124.794456488971,52.8462908928259,1.61271944610555,1.56622927146583,2023.74255092125,2023.78904109589,EPI_ISL_19775708|A/Peregrine_Falcon/BC/FAV-0015-49/2024|H5N1|Canada-BC|2023-10-16|avian|A3
241,242,0.41043101185869,-126.332649611686,52.907980424426,-132.247467987978,57.2860585937984,1.61876259617577,1.20833158431708,2023.3846532341,2023.79508424596,NA
229,237,0.455012632428998,-124.871322826322,52.7659225726929,-128.95039590277,56.8036505727849,1.62720530828674,1.17219267585774,2023.34851432564,2023.80352695807,NA
194,93,0.270722670917541,-121.746214803752,51.6040977205001,-117.587521519723,42.6638616418341,1.62915780227015,1.35843513135261,2023.53475678114,2023.80547945205,EPI_ISL_19490386|A/American_wigeon/Oregon/23-032793-004-original/2023|H5N1|USA-OR|2023-10-22|avian|A3
242,137,0.0131349321217427,-132.247467987978,57.2860585937984,-132.212360370095,57.2906097862018,1.63189752829751,1.61876259617577,2023.79508424596,2023.80821917808,EPI_ISL_19775911|A/Great_Blue_Heron/BC/FAV-0015-2/2024|H5N1|Canada-BC|2023-10-23|avian|A3
192,96,0.312276442935824,-124.830974188351,51.0488850918564,-122.376128113615,40.3500757823397,1.63737698035223,1.3251005374164,2023.5014221872,2023.81369863014,EPI_ISL_19239878|A/green-winged_teal/California/23-034302-013-original/2023|H5N1|USA-CA|2023-10-25|avian|A3
202,203,0.0735510091444447,-142.00199519951,63.1698496347599,-144.628069049977,65.4905997946948,1.64038727013301,1.56683626098856,2023.74315791077,2023.81670891992,NA
239,101,0.457626597483216,-125.49401053192,52.5932914996876,-138.50219088511,59.5906451800281,1.64285643240694,1.18522983492372,2023.36155148471,2023.81917808219,EPI_ISL_18698942|A/chicken/Alaska/23-032968-001/2023|H5N1|USA-AK|2023-10-27|avian|A3
240,133,0.341942168553226,-129.849353801809,54.3110511040015,-149.954612584021,69.5063859445932,1.64285643240694,1.30091426385371,2023.47723591364,2023.81917808219,EPI_ISL_19660960|A/American_wigeon/Alaska/23-034446-001-original/2023|H5N1|USA-AK|2023-10-27|avian|A3
202,82,0.0760201714183759,-142.00199519951,63.1698496347599,-141.451391187132,62.6562947928104,1.64285643240694,1.56683626098856,2023.74315791077,2023.81917808219,EPI_ISL_18698938|A/chicken/Alaska/23-032967-001/2023|H5N1|USA-AK|2023-10-27|avian|A3
203,81,0.00246916227393124,-144.628069049977,65.4905997946948,-144.978879906315,64.2874295005742,1.64285643240694,1.64038727013301,2023.81670891992,2023.81917808219,EPI_ISL_18698941|A/guinea_fowl/Alaska/23-032967-003/2023|H5N1|USA-AK|2023-10-27|avian|A3
203,80,0.00246916227393124,-144.628069049977,65.4905997946948,-144.594588890931,65.5422746308457,1.64285643240694,1.64038727013301,2023.81670891992,2023.81917808219,EPI_ISL_18698940|A/domestic_goose/Alaska/23-032967-002/2023|H5N1|USA-AK|2023-10-27|avian|A3
233,236,0.354236795249372,-121.70759649344,51.7939299703839,-119.546475771257,51.8769017357674,1.64543572898259,1.29119893373321,2023.46752058352,2023.82175737877,NA
189,98,0.0544435367298044,-124.435830521897,53.1816968818675,-125.169409638997,53.6697651364246,1.64559615843453,1.59115262170472,2023.76747427149,2023.82191780822,EPI_ISL_19775931|A/American_Wigeon/BC/FAV-0015-5/2024|H5N1|Canada-BC|2023-10-28|avian|A3
187,188,0.492162358521511,-124.352020101535,52.3228620143979,-125.047999580432,52.349074441458,1.64911071588709,1.15694835736558,2023.33327000715,2023.82543236567,NA
216,218,0.463665047218365,-125.269714184324,52.6100985303713,-123.522936448215,58.3094998167038,1.65109331400859,1.18742826679022,2023.36374991657,2023.82741496379,NA
243,244,0.102695666603965,-122.728992446741,38.9101608248536,-121.589828496549,39.9944026463005,1.65254190764785,1.54984624104389,2023.72616789083,2023.82886355743,NA
216,217,0.465413278328142,-125.269714184324,52.6100985303713,-125.643371396005,54.3546188097782,1.65284154511836,1.18742826679022,2023.36374991657,2023.8291631949,NA
180,78,0.0782542959087065,-128.124364992287,53.6575791287548,-127.815672524051,52.8389400835551,1.65655506254395,1.57830076663525,2023.75462241642,2023.83287671233,EPI_ISL_19775954|A/Trumpeter_Swan/BC/FAV-0015-47/2024|H5N1|Canada-BC|2023-11-01|avian|A3
217,122,0.00371351742559178,-125.643371396005,54.3546188097782,-126.121786613958,54.1454511822448,1.65655506254395,1.65284154511836,2023.8291631949,2023.83287671233,EPI_ISL_19775948|A/Glaucous-winged_Gull/BC/FAV-0015-12/2024|H5N1|Canada-BC|2023-11-01|avian|A3
195,197,0.0727750762259656,-119.08540931126,50.3068069409683,-119.961975226888,51.2020541687855,1.65820737926109,1.58543230303513,2023.76175395282,2023.83452902905,NA
227,141,0.16476182060541,-137.715129192565,60.3879293595242,-135.265065541512,58.4178666908951,1.6620345145989,1.49727269399349,2023.67359434378,2023.83835616438,EPI_ISL_18698982|A/chicken/Alaska/23-034050-001/2023|H5N1|USA-AK|2023-11-03|avian|A3
227,140,0.16476182060541,-137.715129192565,60.3879293595242,-143.294386976956,61.0110774222572,1.6620345145989,1.49727269399349,2023.67359434378,2023.83835616438,EPI_ISL_18698983|A/domestic_goose/Alaska/23-034050-002/2023|H5N1|USA-AK|2023-11-03|avian|A3
236,110,0.0165987856163119,-119.546475771257,51.8769017357674,-122.056764776192,53.2704559447959,1.6620345145989,1.64543572898259,2023.82175737877,2023.83835616438,EPI_ISL_18665521|A/Red_Tailed_Hawk/BC/AIVPHL-1372/2023|H5N1|Canada-BC|2023-11-03|avian|A3
236,109,0.0165987856163119,-119.546475771257,51.8769017357674,-118.710441442225,52.9460012363192,1.6620345145989,1.64543572898259,2023.82175737877,2023.83835616438,EPI_ISL_19775963|A/Red-Tailed_Hawk/BC/FAV-0432-4/2023|H5N1|Canada-BC|2023-11-03|avian|A3
205,83,0.481909169165462,-125.144878243751,52.834489669757,-122.818640393479,44.2073255427851,1.66477424062625,1.18286507146079,2023.35918672125,2023.84109589041,EPI_ISL_19325222|A/mallard/Oregon/23-035569-010-original/2023|H5N1|USA-OR|2023-11-04|avian|A3
225,138,0.476286084220931,-132.666876695263,59.8534643655487,-121.028766900345,43.4290428622319,1.66477424062625,1.18848815640532,2023.36480980619,2023.84109589041,EPI_ISL_19371784|A/American_wigeon/Oregon/23-035569-016-original/2023|H5N1|USA-OR|2023-11-04|avian|A3
240,132,0.36385997677254,-129.849353801809,54.3110511040015,-124.285051254401,54.4402648932448,1.66477424062625,1.30091426385371,2023.47723591364,2023.84109589041,EPI_ISL_19303657|A/Bald_Eagle/BC/AIVPHL-1455/2023|H5N1|Canada-BC|2023-11-04|avian|A3
199,86,0.437404512368734,-121.515706280191,48.0502000495006,-123.666231081678,55.4547528507054,1.66751396665361,1.23010945428488,2023.40643110407,2023.84383561644,EPI_ISL_19710874|A/Chicken/BC/FAV-0337-22022|H5N1|Canada-BC|2023-11-05|avian|A3
214,119,0.415537613511048,-123.626143196811,51.8498034467533,-120.963598735951,50.8028334202712,1.66751396665361,1.25197635314256,2023.42829800293,2023.84383561644,EPI_ISL_19775968|A/Red-tailed_Hawk/BC/FAV-0015-25/2024|H5N1|Canada-BC|2023-11-05|avian|A3
210,118,0.362301198859763,-124.37083266805,54.1843657636676,-121.9683789314,42.2060250975319,1.66751396665361,1.30521276779385,2023.48153441758,2023.84383561644,EPI_ISL_19660998|A/great_horned_owl/Oregon/23-034944-001-original/2023|H5N1|USA-OR|2023-11-05|avian|A3
218,219,0.0191425370106564,-123.522936448215,58.3094998167038,-122.784698078383,57.1067734382464,1.67023585101924,1.65109331400859,2023.82741496379,2023.8465575008,NA
230,113,0.475995416434648,-121.593734344426,52.7894142805121,-121.060577236295,52.5885754053611,1.67025369268097,1.19425827624632,2023.37057992603,2023.84657534247,EPI_ISL_19710880|A/Chicken/BC/FAV-0347-1/2023|H5N1|Canada-BC|2023-11-06|avian|A3
200,88,0.254188104459909,-119.14692965107,45.6829140542076,-117.683532574193,44.8834363449403,1.67299341870833,1.41880531424842,2023.59512696403,2023.84931506849,EPI_ISL_19660990|A/Canada_goose/Oregon/23-034940-001-original/2023|H5N1|USA-OR|2023-11-07|avian|A3
193,95,0.132752451403847,-128.594474957684,56.6536760655048,-122.090032906826,55.9831008362344,1.67299341870833,1.54024096730448,2023.71656261709,2023.84931506849,EPI_ISL_19710887|A/Chicken/BC/FAV-0349-2/2023|H5N1|Canada-BC|2023-11-07|avian|A3
193,94,0.132752451403847,-128.594474957684,56.6536760655048,-128.096919390626,56.4709488601163,1.67299341870833,1.54024096730448,2023.71656261709,2023.84931506849,EPI_ISL_19710886|A/Chicken/BC/FAV-0349-1/2023|H5N1|Canada-BC|2023-11-07|avian|A3
237,115,0.0457881104215896,-128.95039590277,56.8036505727849,-131.559593683839,58.10858992655,1.67299341870833,1.62720530828674,2023.80352695807,2023.84931506849,EPI_ISL_19775984|A/Canada_Goose/BC/FAV-0015-15/2024|H5N1|Canada-BC|2023-11-07|avian|A3
218,126,0.0219001046997407,-123.522936448215,58.3094998167038,-119.840360547819,50.5812334483166,1.67299341870833,1.65109331400859,2023.82741496379,2023.84931506849,EPI_ISL_18665539|A/Canada_Goose/BC/AIVPHL-1386/2023|H5N1|Canada-BC|2023-11-07|avian|A3
219,124,0.00275756768908431,-122.784698078383,57.1067734382464,-123.397903321409,55.27944797758,1.67299341870833,1.67023585101924,2023.8465575008,2023.84931506849,EPI_ISL_19775985|A/Canada_Goose/BC/FAV-0355-1/2023|H5N1|Canada-BC|2023-11-07|avian|A3
219,125,0.00275756768908431,-122.784698078383,57.1067734382464,-122.917310971586,59.3515900016689,1.67299341870833,1.67023585101924,2023.8465575008,2023.84931506849,EPI_ISL_19775986|A/Canada_Goose/BC/FAV-0432-14/2023|H5N1|Canada-BC|2023-11-07|avian|A3
195,196,0.0891149980396098,-119.08540931126,50.3068069409683,-122.736746570168,52.5460732479696,1.67454730107474,1.58543230303513,2023.76175395282,2023.85086895086,NA
215,120,0.0912596725243289,-126.51754389352,52.0729165709352,-128.276167946251,53.6406435334136,1.67573314473591,1.58447347221158,2023.760795122,2023.85205479452,EPI_ISL_19775998|A/Great_Horned_Owl/BC/FAV-0432-18/2023|H5N1|Canada-BC|2023-11-08|avian|A3
215,121,0.0912596725243289,-126.51754389352,52.0729165709352,-126.367396818821,52.3855943995795,1.67573314473591,1.58447347221158,2023.760795122,2023.85205479452,EPI_ISL_18665542|A/Great_Horned_Owl/BC/AIVPHL-1388/2023|H5N1|Canada-BC|2023-11-08|avian|A3
208,131,0.506336139076377,-124.39314456824,52.4118894250698,-125.001109255613,53.0971879009782,1.67847287076327,1.17213673168689,2023.34845838147,2023.85479452055,EPI_ISL_19776003|A/Barred_Owl/BC/FAV-0015-21/2024|H5N1|Canada-BC|2023-11-09|avian|A3
197,90,0.0230052175295348,-119.961975226888,51.2020541687855,-120.059133609547,50.7151978197116,1.68121259679063,1.65820737926109,2023.83452902905,2023.85753424658,EPI_ISL_19776018|A/Red-tailed_Hawk/BC/FAV-0015-22/2024|H5N1|Canada-BC|2023-11-10|avian|A3
