label,collection_date,country,admin1,admin2,city.town.municipality,latitude,longitude,location_used,location
EPI_ISL_20179903|A/Skua/Beak_Island/SK09-147/2024|H5N1|Antarctica-Beak_Island|2024-03-20|wild_avian|B3.2,2024-03-20,Antarctica,Beak_Island,Unknown,,NA,NA,,Antarctica_Beak_Island_Unknown
EPI_ISL_20180235|A/Skua/Beak_Island/SK13-180/2024|H5N1|Antarctica-Beak_Island|2024-03-21|wild_avian|B3.2,2024-03-21,Antarctica,Beak_Island,Unknown,,NA,NA,,Antarctica_Beak_Island_Unknown
EPI_ISL_20180245|A/Skua/Devil_Island/SK07-52/2024|H5N1|Antarctica-Devil_Island|2024-03-19|wild_avian|B3.2,2024-03-19,Antarctica,Devil_Island,Unknown,,NA,NA,,Antarctica_Devil_Island_Unknown
EPI_ISL_20179748|A/Brown_skua/Hope_Bay/SK02-30/2024|H5N1|Antarctica-Hope_Bay|2024-03-18|wild_avian|B3.2,2024-03-18,Antarctica,Hope_Bay,Unknown,,NA,NA,,Antarctica_Hope_Bay_Unknown
EPI_ISL_19410266|A/South_polar_skua/Antarctica/INACH-UC-UCHILE-SKU5L/2024|H5N1|Antarctica|2024-03-03|wild_avian|B3.2,2024-03-03,Antarctica,James Ross Island,Unknown,,-63.7989,-57.8105,precise (https://pubmed.ncbi.nlm.nih.gov/40633557/),Antarctica_James Ross Island_Unknown
EPI_ISL_19847535|A/Brown_skua/Fildes_Peninsula/B1/2024_H5N1_|H5N1|Antarctica-Fildes_Peninsula|2024-12-10|wild_avian|B3.2,2024-12-10,Antarctica,King_George_Island,Fildes_Peninsula,,NA,NA,,Antarctica_King_George_Island_Fildes_Peninsula
EPI_ISL_20180699|A/antarctic_fur_seal/Antarctica/O2904-BR/2024|H5N1|Antarctica-King_George_Island|2024-12-09|other_mammal|B3.2,2024-12-09,Antarctica,King_George_Island,Unknown,,NA,NA,,Antarctica_King_George_Island_Unknown
EPI_ISL_20180690|A/skua/Antarctica/O3577-CL/2025|H5N1|Antarctica-King_George_Island|2025-02-25|wild_avian|B3.2,2025-02-25,Antarctica,King_George_Island,Unknown,,NA,NA,,Antarctica_King_George_Island_Unknown
EPI_ISL_20180691|A/skua/Antarctica/O3588-CL/2025|H5N1|Antarctica-King_George_Island|2025-02-28|wild_avian|B3.2,2025-02-28,Antarctica,King_George_Island,Unknown,,NA,NA,,Antarctica_King_George_Island_Unknown
EPI_ISL_20180696|A/skua/Antarctica/O3610-OR/2025|H5N1|Antarctica-King_George_Island|2025-03-05|wild_avian|B3.2,2025-03-05,Antarctica,King_George_Island,Unknown,,NA,NA,,Antarctica_King_George_Island_Unknown
EPI_ISL_19879314|A/pintado_petrel/Antarctica/O3121-CL/2024|H5N1|Antarctica-Livingston_Island|2024-12-03|wild_avian|B3.2,2024-12-03,Antarctica,Livingston_Island,Unknown,,NA,NA,,Antarctica_Livingston_Island_Unknown
EPI_ISL_19879315|A/antarctic_fur_seal/Antarctica/O3122-BR/2024|H5N1|Antarctica-Robert_Island|2024-12-04|other_mammal|B3.2,2024-12-04,Antarctica,Robert_Island,Unknown,,NA,NA,,Antarctica_Robert_Island_Unknown
EPI_ISL_18439563|A/Brown_skua/Bird_Island/128288/2023|H5N1|Antarctica-Bird_Island|2023-10-08|wild_avian|B3.2,2023-10-08,Antarctica,South_Georgia_and_the_South_Sandwich_Islands,Bird Island,,-54.006334,-38.047372,precise (Martha),Antarctica_South_Georgia_and_the_South_Sandwich_Islands_Bird Island
EPI_ISL_18592427|A/Kelp_Gull/Harpon_Bay/133943/2023|H5N1|Antarctica-Harpon_Bay|2023-11-03|wild_avian|B3.2,2023-11-03,Antarctica,South_Georgia_and_the_South_Sandwich_Islands,Harpon Bay,,-54.2786831,-36.6345639,precise (Martha),Antarctica_South_Georgia_and_the_South_Sandwich_Islands_Harpon Bay
EPI_ISL_18592428|A/Brown_Skua/Hound_Bay/133947/2023|H5N1|Antarctica-Hound_Bay|2023-10-30|wild_avian|B3.2,2023-10-30,Antarctica,South_Georgia_and_the_South_Sandwich_Islands,Hound Bay,,-54.381069,-36.253215,precise (Martha),Antarctica_South_Georgia_and_the_South_Sandwich_Islands_Hound Bay
EPI_ISL_18742212|A/Antarctic_Fur_Seal/Jason_Harbour/141037/2023|H5N1|Antarctica-Jason_Harbour|2023-12-09|other_mammal|B3.2,2023-12-09,Antarctica,South_Georgia_and_the_South_Sandwich_Islands,Jason_harbour,,-54.1998934,-36.589597,precise (Martha),Antarctica_South_Georgia_and_the_South_Sandwich_Islands_Jason_harbour
EPI_ISL_18742219|A/South_Georgia_Shag/King_Edward_Cove/141245/2023|H5N1|Antarctica-King_Edward_Cove|2023-11-27|wild_avian|B3.2,2023-11-27,Antarctica,South_Georgia_and_the_South_Sandwich_Islands,King_edward_cove,,-54.28349368,-36.50872,precise (Martha),Antarctica_South_Georgia_and_the_South_Sandwich_Islands_King_edward_cove
EPI_ISL_18742220|A/Antarctic_tern/King_Edward_Point/141271/2023|H5N1|Antarctica-King_Edward_Point|2023-12-06|wild_avian|B3.2,2023-12-06,Antarctica,South_Georgia_and_the_South_Sandwich_Islands,King_edward_point,,-54.283859,-36.496137,precise (Martha),Antarctica_South_Georgia_and_the_South_Sandwich_Islands_King_edward_point
EPI_ISL_19589149|A/kelp_gull/Antartica/O2601-CL/2024|H5N1|Antarctica-South_Shetlands_Islands|2024-01-08|wild_avian|B3.2,2024-01-08,Antarctica,South_Shetlands_Islands,Unknown,,NA,NA,,Antarctica_South_Shetlands_Islands_Unknown
EPI_ISL_19745586|A/Brown_skua/Torgersen_Island/o8182/2024|H5N1|Antarctica-Torgersen_Island|2024-12-01|wild_avian|B3.2,2024-12-01,Antarctica,Torgersen_Island,Unknown,,NA,NA,,Antarctica_Torgersen_Island_Unknown
EPI_ISL_18698494|A/Chicken/Argentina/736-1/2023|H5N1|Argentina-Buenos_Aires|2023-03-03|domestic_avian|B3.2,2023-03-03,Argentina,Buenos_Aires,General Pueyrredon,,-38.04594,-57.8241,precise (Martha),Argentina_Buenos_Aires_General Pueyrredon
EPI_ISL_18698516|A/Avian/Argentina/1762-2/2023|H5N1|Argentina-Buenos_Aires|2023-04-21|wild_avian|B3.2,2023-04-21,Argentina,Buenos_Aires,Olavarria,,-36.68104284,-60.56083205,precise (Martha),Argentina_Buenos_Aires_Olavarria
EPI_ISL_18698469|A/Chicken/Argentina/491-2/2023|H5N1|Argentina-Buenos_Aires|2023-02-20|domestic_avian|B3.2,2023-02-20,Argentina,Buenos_Aires,Olavarria,,-36.68104284,-60.56083205,precise (Martha),Argentina_Buenos_Aires_Olavarria
EPI_ISL_18698478|A/Chicken/Argentina/556-6/2023|H5N1|Argentina-Buenos_Aires|2023-02-23|domestic_avian|B3.2,2023-02-23,Argentina,Buenos_Aires,Olavarria,,-36.68104284,-60.56083205,precise (Martha),Argentina_Buenos_Aires_Olavarria
EPI_ISL_18698507|A/Chicken/Argentina/1340-2/2023|H5N1|Argentina-Buenos_Aires|2023-03-31|domestic_avian|B3.2,2023-03-31,Argentina,Buenos_Aires,Lobos,Zapiola,-35.08456,-59.03253,precise (Martha),Argentina_Buenos_Aires_Lobos
EPI_ISL_18698519|A/Chicken/Argentina/1984-4/2023|H5N1|Argentina-Buenos_Aires|2023-05-04|domestic_avian|B3.2,2023-05-04,Argentina,Buenos_Aires,Pilar,,-34.49607,-58.89526,precise (Martha),Argentina_Buenos_Aires_Pilar
EPI_ISL_18698527|A/Chicken/Argentina/2796-2/2023|H5N1|Argentina-Buenos_Aires|2023-06-13|domestic_avian|B3.2,2023-06-13,Argentina,Buenos_Aires,La Plata,,-35.089,-57.947197,precise (Martha),Argentina_Buenos_Aires_La Plata
EPI_ISL_18698518|A/Chicken/Argentina/1976-2/2023|H5N1|Argentina-Chaco|2023-05-01|domestic_avian|B3.2,2023-05-01,Argentina,Chaco,San Fernando,,-27.41668,-59.02865,precise (Martha),Argentina_Chaco_San Fernando
EPI_ISL_18698511|A/Chicken/Argentina/1530-3/2023|H5N1|Argentina-Chubut|2023-04-12|domestic_avian|B3.2,2023-04-12,Argentina,Chubut,Biedma,,-42.7996,-65.08174,precise (Martha),Argentina_Chubut_Biedma
EPI_ISL_19137653|A/Seagull/Sarmiento/1651-4/2023|H5N1|Argentina-Sarmiento|2023-04-17|wild_avian|B3.2,2023-04-17,Argentina,Chubut,Sarmiento,,-45.326,-69.071,precise (GISAID),Argentina_Chubut_Sarmiento
PP488337|A/royal_tern/Argentina/CH-PD036/2023|H5N1|Argentina|2023-10-10|wild_avian|B3.2,2023-10-10,Argentina,Chubut,Biedma,,-42.764,-63.6326,precise (Martha),Argentina_Chubut_Biedma
PP488329|A/South_American_tern/Argentina/CH-PD030/2023|H5N1|Argentina|2023-10-10|wild_avian|B3.2,2023-10-10,Argentina,Chubut,Biedma,,-42.764,-63.6326,precise (Martha),Argentina_Chubut_Biedma
EPI_ISL_19823065|A/Southamerican_tern/Argentina/267-2/2023|H5N1|Argentina-Chubut|2023-12-24|wild_avian|B3.2,2023-12-24,Argentina,Chubut,Unknown,,NA,NA,,Argentina_Chubut_Unknown
EPI_ISL_18698471|A/Chicken/Argentina/501-1/2023|H5N1|Argentina-Cordoba|2023-02-20|domestic_avian|B3.2,2023-02-20,Argentina,Cordoba,Tercero Arriba,,-32.09246308,-63.19509047,precise (Martha),Argentina_Cordoba_Tercero Arriba
EPI_ISL_18698530|A/Chicken/Argentina/3695-3/2023|H5N1|Argentina-Cordoba|2023-07-27|domestic_avian|B3.2,2023-07-27,Argentina,Cordoba,Tercero Arriba,,-32.09246308,-63.76886109,precise (Martha),Argentina_Cordoba_Tercero Arriba
EPI_ISL_18698462|A/Chicken/Argentina/477-5/2023|H5N1|Argentina-Cordoba|2023-02-18|domestic_avian|B3.2,2023-02-18,Argentina,Cordoba,Tercero Arriba,,-32.09246308,-63.76886109,precise (Martha),Argentina_Cordoba_Tercero Arriba
EPI_ISL_18698515|A/Duck/Argentina/1712-5/2023|H5N1|Argentina-Corrientes|2023-04-19|domestic_avian|B3.2,2023-04-19,Argentina,Corrientes,Concepcion,,-28.36806,-58.25909,precise (Martha),Argentina_Corrientes_Concepcion
EPI_ISL_18698508|A/Turkey/Argentina/1348-3/2023|H5N1|Argentina-Corrientes|2023-03-31|domestic_avian|B3.2,2023-03-31,Argentina,Corrientes,San Cosme,,-27.39907,-58.67021,precise (Martha),Argentina_Corrientes_San Cosme
EPI_ISL_18698524|A/Chicken/Argentina/2305-1/2023|H5N1|Argentina-Entre_Rios|2023-05-18|domestic_avian|B3.2,2023-05-18,Argentina,Entre_Rios,Diamante,,-31.99194,-60.41444,precise (Martha),Argentina_Entre_Rios_Diamante
EPI_ISL_18698732|A/Chicken/Argentina/2016-2/2023|H5N1|Argentina-Formosa|2023-05-03|domestic_avian|B3.2,2023-05-03,Argentina,Formosa,Pilcomayo,,-25.36837,-58.265809,precise (Martha),Argentina_Formosa_Pilcomayo
EPI_ISL_18698528|A/Chicken/Argentina/3346-1/2023|H5N1|Argentina-Formosa|2023-07-06|domestic_avian|B3.2,2023-07-06,Argentina,Formosa,Patino,,-24.75241,-59.44938,precise (Martha),Argentina_Formosa_Patino
EPI_ISL_18698459|A/Goose/Argentina/389-1/2023|H5N1|Argentina-Jujuy|2023-02-11|domestic_avian|B3.2,2023-02-11,Argentina,Jujuy,Yavi,,-22.4027,-65.9707,precise (Martha),Argentina_Jujuy_Yavi
EPI_ISL_18698504|A/Chicken/Argentina/1035-1/2023|H5N1|Argentina-La_Pampa|2023-03-16|domestic_avian|B3.2,2023-03-16,Argentina,La_Pampa,Toay,Santa Rosa,-36.69454,-64.31648,precise (Martha),Argentina_La_Pampa_Toay
EPI_ISL_18698512|A/Chicken/Argentina/1708-1/2023|H5N1|Argentina-Mendoza|2023-04-19|domestic_avian|B3.2,2023-04-19,Argentina,Mendoza,San Carlos,,-34.10899,-68.778496,precise (Martha),Argentina_Mendoza_San Carlos
EPI_ISL_18698520|A/Chicken/Argentina/2034-5/2023|H5N1|Argentina-Neuquen|2023-05-05|domestic_avian|B3.2,2023-05-05,Argentina,Neuquen,Confluencia,,-38.97202,-68.32124,precise (Martha),Argentina_Neuquen_Confluencia
EPI_ISL_18698517|A/Avian/Argentina/1790-5/2023|H5N1|Argentina|2023-04-24|wild_avian|B3.2,2023-04-24,Argentina,Neuquen,Confluencia,,-38.95667,-68.29917,precise (Martha),Argentina_Neuquen_Confluencia
EPI_ISL_18698505|A/Chicken/Argentina/1147-2/2023|H5N1|Argentina-Neuquen|2023-03-21|domestic_avian|B3.2,2023-03-21,Argentina,Neuquen,Confluencia,,-38.55845,-70.37815,precise (Martha),Argentina_Neuquen_Confluencia
EPI_ISL_18698502|A/Chicken/Argentina/919-3/2023|H5N1|Argentina-Neuquen|2023-03-13|domestic_avian|B3.2,2023-03-13,Argentina,Neuquen,Confluencia,,-38.556134,-70.37928,precise (Martha),Argentina_Neuquen_Confluencia
EPI_ISL_18698482|A/Chicken/Argentina/578-2/2023|H5N1|Argentina-Rio_Negro|2023-02-23|domestic_avian|B3.2,2023-02-23,Argentina,Rio_Negro,Avellaneda,,-39.39435,-65.64608,precise (Martha),Argentina_Rio_Negro_Avellaneda
EPI_ISL_18698510|A/Chicken/Argentina/1416-3/2023|H5N1|Argentina|2023-04-03|domestic_avian|B3.2,2023-04-03,Argentina,Rio_Negro,Pichi Mahuida,,-38.888405,-64.413895,precise (Martha),Argentina_Rio_Negro_Pichi Mahuida
EPI_ISL_18698755|A/Sea_Lion/Argentina/3893-1/2023|H5N1|Argentina-Rio_Negro|2023-08-11|other_mammal|B3.2,2023-08-11,Argentina,Rio_Negro,Adolfo Alsina,,-41.15491,-63.1613,precise (Martha),Argentina_Rio_Negro_Adolfo Alsina
OR987084|A/South_American_sea_lion/Argentina/RN-PB004/2023|H5N1|Argentina-Rio_Negro|2023-08-26|other_mammal|B3.2,2023-08-26,Argentina,Rio_Negro,Adolfo Alsina,,-41.1558,-63.1323,precise (Martha),Argentina_Rio_Negro_Adolfo Alsina
EPI_ISL_18698529|A/Chicken/Argentina/3657-2/2023|H5N1|Argentina-Salta|2023-07-26|domestic_avian|B3.2,2023-07-26,Argentina,Salta,Metan,,NA,NA,,Argentina_Salta_Metan
EPI_ISL_18698480|A/Chicken/Argentina/559-8/2023|H5N1|Argentina-San_Luis|2023-02-22|domestic_avian|B3.2,2023-02-22,Argentina,San_Luis,Juan Martín de Pueyrredón,,-33.24245,-66.88304,precise (Martha),Argentina_San_Luis_Juan Martín de Pueyrredón
EPI_ISL_18698731|A/Chicken/Argentina/895-1/2023|H5N1|Argentina-San_Luis|2023-03-09|domestic_avian|B3.2,2023-03-09,Argentina,San_Luis,Junin,,-32.389,-65.096,precise (Martha),Argentina_San_Luis_Junin
EPI_ISL_18698513|A/Turkey/Argentina/1710-1/2023|H5N1|Argentina-Santa_Cruz|2023-04-17|domestic_avian|B3.2,2023-04-17,Argentina,Santa_Cruz,Guer Aike,,-51.51924,-72.18606,precise (Martha),Argentina_Santa_Cruz_Guer Aike
EPI_ISL_18698506|A/Chicken/Argentina/1200-1/2023|H5N1|Argentina-Santa_Fe|2023-03-27|domestic_avian|B3.2,2023-03-27,Argentina,Santa_Fe,General Lopez,Venado Tuerto,-33.73278,-61.92956,precise (Martha),Argentina_Santa_Fe_General Lopez
EPI_ISL_18698476|A/Chicken/Argentina/509-2/2023|H5N1|Argentina-Santa_Fe|2023-02-21|domestic_avian|B3.2,2023-02-21,Argentina,Santa_Fe,San Jeronimo,,-32.28761,-61.46188,precise (Martha),Argentina_Santa_Fe_San Jeronimo
EPI_ISL_18698497|A/Turkey/Argentina/753-1/2023|H5N1|Argentina-Santa_Fe|2023-03-04|domestic_avian|B3.2,2023-03-04,Argentina,Santa_Fe,Las Colonias,,-31.281576,-61.026789,precise (Martha),Argentina_Santa_Fe_Las Colonias
EPI_ISL_18698754|A/Sea_Lion/Argentina/3849-4/2023|H5N1|Argentina-Tierra_del_Fuego|2023-08-08|other_mammal|B3.2,2023-08-08,Argentina,Tierra_del_Fuego,Rio Grande,,-53.71557,-67.80045,precise (Martha),Argentina_Tierra_del_Fuego_Rio Grande
EPI_ISL_19410267|A/chicken/Cochabamba/39356/2023|H5N1|Bolivia-Cochabamba|2023-01-26|domestic_avian|B3.2,2023-01-26,Bolivia,Cochabamba,Unknown,,NA,NA,,Bolivia_Cochabamba_Unknown
EPI_ISL_19410269|A/chicken/Cochabamba/39425/2023|H5N1|Bolivia-Cochabamba|2023-02-07|domestic_avian|B3.2,2023-02-07,Bolivia,Cochabamba,Unknown,,NA,NA,,Bolivia_Cochabamba_Unknown
EPI_ISL_19418487|A/chicken/Cochabamba/39539/2023|H5N1|Bolivia-Cochabamba|2023-03-03|domestic_avian|B3.2,2023-03-03,Bolivia,Cochabamba,Unknown,,NA,NA,,Bolivia_Cochabamba_Unknown
EPI_ISL_19410299|A/chicken/Potosi/39870/2023|H5N1|Bolivia-Potosi|2023-06-06|domestic_avian|B3.2,2023-06-06,Bolivia,Potosi,Unknown,,NA,NA,,Bolivia_Potosi_Unknown
OR889491|A/Buteogallus_urubitinga/Itapemirim/1630-SC/2023|H5N1|Brazil-ES|2023-06-07|wild_avian|B3.2,2023-06-07,Brazil,ES,Cachoeiro De Itapemirim,,-20.99954,-40.941583,https://pmc.ncbi.nlm.nih.gov/articles/PMC11239711/,Brazil_ES_Cachoeiro De Itapemirim
EPI_ISL_18130622|A/Thalasseus_acuflavidus/Brazil-ES/23ES1A0009/2023|H5N1|Brazil-ES|2023-06-21|wild_avian|B3.2,2023-06-21,Brazil,ES,Vila Velha,,-20.363252,-40.279514,precise (Martha),Brazil_ES_Vila Velha
OR269887|A/Thalasseus_acuflavidus/EspiritoSanto/1339_N2/2023|H5N1|Brazil-ES|2023-05-15|wild_avian|B3.2,2023-05-15,Brazil,ES,Cariacica,,-20.33124,-40.35964,https://pmc.ncbi.nlm.nih.gov/articles/PMC11239711/,Brazil_ES_Cariacica
PP779060|A/Sterna_hirundo/ItapemirimBR/0155-N/2024|H5N1|Brazil-ES|2024-02-02|wild_avian|B3.2,2024-02-02,Brazil,ES,Itapemirim,,-20.906211,-40.780175,https://pmc.ncbi.nlm.nih.gov/articles/PMC11239711/,Brazil_ES_Itapemirim
PP780446|A/Sterna_hirundo/PiumaBR/0448-N/2024|H5N1|Brazil-ES|2024-03-02|wild_avian|B3.2,2024-03-02,Brazil,ES,Piuma,,-20.838072,-40.708908,https://pmc.ncbi.nlm.nih.gov/articles/PMC11239711/,Brazil_ES_Piuma
OR853704|A/Megascops_choliba/Serra/1409-N/2023|H5N1|Brazil-ES|2023-05-26|wild_avian|B3.2,2023-05-26,Brazil,ES,Serra,,-20.1544,-40.2694,https://pmc.ncbi.nlm.nih.gov/articles/PMC11239711/,Brazil_ES_Serra
OR839997|A/Gallus_gallus/Bonito/2108-SN52/2023|H5N1|Brazil-MS|2023-09-22|domestic_avian|B3.2,2023-09-22,Brazil,MS,Bonito,,-21.183888,-56.526019,https://pmc.ncbi.nlm.nih.gov/articles/PMC11239711/,Brazil_MS_Bonito
EPI_ISL_18975372|A/Sula_leucogaster/Brazil-PR/A0001-IBTEC/2023|H5N1|Brazil-PR|2023-07-25|wild_avian|B3.2,2023-07-25,Brazil,PR,Matinhos,,-25.7751123,-48.5147336,precise (Martha),Brazil_PR_Matinhos
OR878088|A/Thalasseus_maximus/Antonina/1775-N/2023|H5N1|Brazil-PR|2023-06-23|wild_avian|B3.2,2023-06-23,Brazil,PR,Antonina,,-25.460489,-48.692789,https://pmc.ncbi.nlm.nih.gov/articles/PMC11239711/,Brazil_PR_Antonina
PP776752|A/Thalasseus_acuflavidus/MatinhosBR/2277-N/2023|H5N1|Brazil-PR|2023-11-14|wild_avian|B3.2,2023-11-14,Brazil,PR,Matinhos,,-25.8095,-48.538417,https://pmc.ncbi.nlm.nih.gov/articles/PMC11239711/,Brazil_PR_Matinhos
PQ284579|A/Sterna_hirundo/SaoFranciscoItabapoanaBR/1060-N-2024/2024|H5N1|Brazil-RJ|2024-04-05|wild_avian|B3.2,2024-04-05,Brazil,RJ,Sao Francisco de Itabapoana,,-21.299972,-40.966472,precise,Brazil_RJ_Sao Francisco de Itabapoana
PP782339|A/Sterna_hirundo/Cabo_FrioBR/0613-N/2024|H5N1|Brazil-RJ|2024-03-09|wild_avian|B3.2,2024-03-09,Brazil,RJ,Cabo Frio,Cabo Frio,-22.5978,-41.994,precise (https://www.sciencedirect.com/science/article/pii/S0168170224001084?via%3Dihub),Brazil_RJ_Cabo Frio
OR420092|A/Fregata_magnificens/RJ/1532-N/2023|H5N1|Brazil-RJ|2023-06-03|wild_avian|B3.2,2023-06-03,Brazil,RJ,Niteroi,,-22.95947,-43.06116,https://pmc.ncbi.nlm.nih.gov/articles/PMC11239711/,Brazil_RJ_Niteroi
PP779933|A/Sterna_hirundo/MacaeBR/0177-N/2024|H5N1|Brazil-RJ|2024-02-09|wild_avian|B3.2,2024-02-09,Brazil,RJ,Macae,,-22.341605,-41.744273,https://pmc.ncbi.nlm.nih.gov/articles/PMC11239711/,Brazil_RJ_Macae
PP785021|A/Sterna_hirundo/RiodasOstrasBR/0721-N/2024|H5N1|Brazil-RJ|2024-03-15|wild_avian|B3.2,2024-03-15,Brazil,RJ,Rio das Ostras,,-22.52196111,-41.94401111,https://pmc.ncbi.nlm.nih.gov/articles/PMC11239711/,Brazil_RJ_Rio das Ostras
PP390166|A/Thalasseus_maximus/RioGrandeSul/2177-N/2023|H5N1|Brazil-RS|2023-10-13|wild_avian|B3.2,2023-10-13,Brazil,RS,Sao Jose do Norte,,-32.011622,-51.949222,precise (https://pmc.ncbi.nlm.nih.gov/articles/PMC11239711/),Brazil_RS_Sao Jose do Norte
OR844540|A/Otaria_flavescens/Rio_Grande/2148-N/2023|H5N1|Brazil-RS|2023-10-03|other_mammal|B3.2,2023-10-03,Brazil,RS,Rio Grande,,-32.174091,-52.13725,https://pmc.ncbi.nlm.nih.gov/articles/PMC11239711/,Brazil_RS_Rio Grande
OR881253|A/Numida_meleagris/Maracaja/1843-N3/2023|H5N1|Brazil-SC|2023-07-15|domestic_avian|B3.2,2023-07-15,Brazil,SC,Maracaja,,-28.8211,-49.4211,https://pmc.ncbi.nlm.nih.gov/articles/PMC11239711/,Brazil_SC_Maracaja
PP769614|A/Sterna_hirundo/PenhaBR/2261-N/2023|H5N1|Brazil-SC|2023-11-09|wild_avian|B3.2,2023-11-09,Brazil,SC,Penha,,-26.792738,-48.61598,https://pmc.ncbi.nlm.nih.gov/articles/PMC11239711/,Brazil_SC_Penha
OR860361|A/Thalasseus_maximus/Itapoa/1941-N/2023|H5N1|Brazil-SC|2023-09-25|wild_avian|B3.2,2023-09-25,Brazil,SC,Itapoa,,-26.184561,-48.608717,https://pmc.ncbi.nlm.nih.gov/articles/PMC11239711/,Brazil_SC_Itapoa
OR857851|A/Sula_leucogaster/Sao_Francisco_do_Sul/2122-N/2023|H5N1|Brazil-SC|2023-09-27|wild_avian|B3.2,2023-09-27,Brazil,SC,Sao_Francisco_do_Sul,,-26.216361,-48.588686,https://pmc.ncbi.nlm.nih.gov/articles/PMC11239711/,Brazil_SC_Sao_Francisco_do_Sul
PP768660|A/Pluvialis_dominica/BertiogaBR/2252-N/2023|H5N1|Brazil-SP|2023-11-08|wild_avian|B3.2,2023-11-08,Brazil,SP,Bertioga,,-23.791761,-45.991416,precise (https://pmc.ncbi.nlm.nih.gov/articles/PMC11239711/),Brazil_SP_Bertioga
EPI_ISL_19215190|A/Procellaria_aequinoctialis/Sao_Paulo/2271-N/2023|H5N1|Brazil-SP|2023-11-10|wild_avian|B3.2,2023-11-10,Brazil,SP,Ubatuba,,-23.519727,-45.194599,precise (https://pmc.ncbi.nlm.nih.gov/articles/PMC11239711/),Brazil_SP_Ubatuba
OR853751|A/Thalasseus_maximus/Ubatuba/1546-N/2023|H5N1|Brazil-SP|2023-06-05|wild_avian|B3.2,2023-06-05,Brazil,SP,Ubatuba,,-23.431739,-45.074222,https://pmc.ncbi.nlm.nih.gov/articles/PMC11239711/,Brazil_SP_Ubatuba
PP780174|A/Thalasseus_acuflavidus/BertiogaBR/0291-N/2024|H5N1|Brazil-SP|2024-02-22|wild_avian|B3.2,2024-02-22,Brazil,SP,Bertioga,,-23.75938611,-45.90685278,https://pmc.ncbi.nlm.nih.gov/articles/PMC11239711/,Brazil_SP_Bertioga
PP778505|A/Thalasseus_maximus/PraiaGrandeBR/2339-N/2023|H5N1|Brazil-SP|2023-12-13|wild_avian|B3.2,2023-12-13,Brazil,SP,Praia Grande,,-24.00714444,-46.42023056,https://pmc.ncbi.nlm.nih.gov/articles/PMC11239711/,Brazil_SP_Praia Grande
PV305088|A/Canada_Goose/AB/FAV-0026-14-2023/2022|H5N1|Canada-AB|2022-12-05|wild_avian|B3.2,2022-12-05,Canada,AB,Unknown,,NA,NA,,Canada_AB_Unknown
PV318944|A/Striped_Skunk/AB/FAV-0272-2-2023/2023|H5N1|Canada-AB|2023-05-12|other_mammal|B3.2,2023-05-12,Canada,AB,Unknown,,NA,NA,,Canada_AB_Unknown
PV317592|A/Snow_Goose/AB/FAV-0505-32-2022/2022|H5N1|Canada-AB|2022-04-29|wild_avian|B3.2,2022-04-29,Canada,AB,Unknown,,NA,NA,,Canada_AB_Unknown
PV304264|A/Black-Billed_Magpie/AB/FAV-0505-53-2022/2022|H5N1|Canada-AB|2022-05-05|wild_avian|B3.2,2022-05-05,Canada,AB,Unknown,,NA,NA,,Canada_AB_Unknown
PV321824|A/Western_Grebe/AB/FAV-0833-72-2022/2022|H5N1|Canada-AB|2022-06-23|wild_avian|B3.2,2022-06-23,Canada,AB,Unknown,,NA,NA,,Canada_AB_Unknown
PV321872|A/Western_Grebe/AB/FAV-0833-78-2022/2022|H5N1|Canada-AB|2022-06-23|wild_avian|B3.2,2022-06-23,Canada,AB,Unknown,,NA,NA,,Canada_AB_Unknown
PV319064|A/Striped_Skunk/AB/FAV-0897-2-2022/2022|H5N1|Canada-AB|2022-07-19|other_mammal|B3.2,2022-07-19,Canada,AB,Unknown,,NA,NA,,Canada_AB_Unknown
PV309264|A/Domestic_bird/AB/FAV-0906-1-2022/2022|H5N1|Canada-AB|2022-08-25|domestic_avian|B3.2,2022-08-25,Canada,AB,Unknown,,NA,NA,,Canada_AB_Unknown
PV304312|A/Black-Billed_Magpie/AB/FAV-0918-11-2022/2022|H5N1|Canada-AB|2022-05-10|wild_avian|B3.2,2022-05-10,Canada,AB,Unknown,,NA,NA,,Canada_AB_Unknown
PV320424|A/Turkey/AB/FAV-0962-1-2022/2022|H5N1|Canada-AB|2022-09-22|domestic_avian|B3.2,2022-09-22,Canada,AB,Unknown,,NA,NA,,Canada_AB_Unknown
PV305552|A/Canada_Goose/AB/FAV-1258-5-2022/2022|H5N1|Canada-AB|2022-10-05|wild_avian|B3.2,2022-10-05,Canada,AB,Unknown,,NA,NA,,Canada_AB_Unknown
PV315832|A/Poultry/AB/FAV-1411-1-2022/2022|H5N1|Canada-AB|2022-11-09|domestic_avian|B3.2,2022-11-09,Canada,AB,Unknown,,NA,NA,,Canada_AB_Unknown
PV314216|A/Layer_chicken/AB/FAV-1445-2-2022/2022|H5N1|Canada-AB|2022-11-15|domestic_avian|B3.2,2022-11-15,Canada,AB,Unknown,,NA,NA,,Canada_AB_Unknown
PV309456|A/Domestic_bird/AB/FAV-1654-2022/2022|H5N1|Canada-AB|2022-12-14|domestic_avian|B3.2,2022-12-14,Canada,AB,Unknown,,NA,NA,,Canada_AB_Unknown
PV301481|A/Striped_Skunk/AB/OTH-0136-1-2022/2022|H5N1|Canada-AB|2022-09-14|other_mammal|B3.2,2022-09-14,Canada,AB,Unknown,,NA,NA,,Canada_AB_Unknown
PV312592|A/Great_Horned_Owl/AB/FAV-0023-1-2024/2023|H5N1|Canada-AB|2023-10-26|wild_avian|B3.2,2023-10-26,Canada,AB,Unknown,,NA,NA,,Canada_AB_Unknown
PV305176|A/Canada_Goose/AB/FAV-0083-4-2023/2023|H5N1|Canada-AB|2023-01-18|wild_avian|B3.2,2023-01-18,Canada,AB,Unknown,,NA,NA,,Canada_AB_Unknown
PV304208|A/Black-Billed_Magpie/AB/FAV-0083-6-2023/2023|H5N1|Canada-AB|2023-01-25|wild_avian|B3.2,2023-01-25,Canada,AB,Unknown,,NA,NA,,Canada_AB_Unknown
PV318880|A/Striped_Skunk/AB/FAV-0085-1-2023/2023|H5N1|Canada-AB|2023-02-01|other_mammal|B3.2,2023-02-01,Canada,AB,Unknown,,NA,NA,,Canada_AB_Unknown
PV318888|A/Striped_Skunk/AB/FAV-0085-2-2023/2023|H5N1|Canada-AB|2023-02-14|other_mammal|B3.2,2023-02-14,Canada,AB,Unknown,,NA,NA,,Canada_AB_Unknown
PV301473|A/Striped_Skunk/AB/FAV-0188-1-2023/2023|H5N1|Canada-AB|2023-04-05|other_mammal|B3.2,2023-04-05,Canada,AB,Unknown,,NA,NA,,Canada_AB_Unknown
PV318928|A/Striped_Skunk/AB/FAV-0188-2-2023/2023|H5N1|Canada-AB|2023-04-17|other_mammal|B3.2,2023-04-17,Canada,AB,Unknown,,NA,NA,,Canada_AB_Unknown
PV317584|A/Snow_Goose/AB/FAV-0505-21-2022/2022|H5N1|Canada-AB|2022-04-27|wild_avian|B3.2,2022-04-27,Canada,AB,Unknown,,NA,NA,,Canada_AB_Unknown
PV317648|A/Snow_Goose/AB/FAV-0937-5-2022/2022|H5N1|Canada-AB|2022-08-26|wild_avian|B3.2,2022-08-26,Canada,AB,Unknown,,NA,NA,,Canada_AB_Unknown
PV305560|A/Canada_Goose/AB/FAV-1258-6-2022/2022|H5N1|Canada-AB|2022-10-05|wild_avian|B3.2,2022-10-05,Canada,AB,Unknown,,NA,NA,,Canada_AB_Unknown
EPI_ISL_18665556|A/Barred_Owl/BC/AIVPHL-1008/2023|H5N1|Canada-BC|2023-03-20|wild_avian|B3.2,2023-03-20,Canada,BC,Unknown,,NA,NA,,Canada_BC_Unknown
EPI_ISL_18665601|A/Dunlin/BC/AIVPHL-1221/2023|H5N1|Canada-BC|2023-07-14|wild_avian|B3.2,2023-07-14,Canada,BC,Unknown,,NA,NA,,Canada_BC_Unknown
PV322688|A/chicken/BC/FAV-0010-1-2023/2023|H5N1|Canada-BC|2023-01-03|domestic_avian|B3.2,2023-01-03,Canada,BC,Unknown,,NA,NA,,Canada_BC_Unknown
PV304792|A/Cackling_Goose/BC/FAV-0014-28-2023/2022|H5N1|Canada-BC|2022-11-14|wild_avian|B3.2,2022-11-14,Canada,BC,Unknown,,NA,NA,,Canada_BC_Unknown
PV304800|A/Cackling_Goose/BC/FAV-0014-67-2023/2022|H5N1|Canada-BC|2022-10-25|wild_avian|B3.2,2022-10-25,Canada,BC,Unknown,,NA,NA,,Canada_BC_Unknown
PV304104|A/Barred_Owl/BC/FAV-0053-23-2022/2022|H5N1|Canada-BC|2022-12-13|wild_avian|B3.2,2022-12-13,Canada,BC,Unknown,,NA,NA,,Canada_BC_Unknown
PV317736|A/Snow_Goose/BC/FAV-0053-3-2022/2022|H5N1|Canada-BC|2022-11-06|wild_avian|B3.2,2022-11-06,Canada,BC,Unknown,,NA,NA,,Canada_BC_Unknown
PV319168|A/Striped_Skunk/BC/FAV-0173-1-2023/2023|H5N1|Canada-BC|2023-03-27|other_mammal|B3.2,2023-03-27,Canada,BC,Unknown,,NA,NA,,Canada_BC_Unknown
PV303304|A/American_White_Pelican/BC/FAV-0585-3-2022/2022|H5N1|Canada-BC|2022-05-27|wild_avian|B3.2,2022-05-27,Canada,BC,Unknown,,NA,NA,,Canada_BC_Unknown
PV309608|A/Domestic_bird/BC/FAV-0772-1-2022/2022|H5N1|Canada-BC|2022-06-16|domestic_avian|B3.2,2022-06-16,Canada,BC,Unknown,,NA,NA,,Canada_BC_Unknown
PV309680|A/Domestic_bird/BC/FAV-1128-2022/2022|H5N1|Canada-BC|2022-10-11|domestic_avian|B3.2,2022-10-11,Canada,BC,Unknown,,NA,NA,,Canada_BC_Unknown
PV314256|A/Layer_chicken/BC/FAV-1623-1-2022/2022|H5N1|Canada-BC|2022-12-06|domestic_avian|B3.2,2022-12-06,Canada,BC,Unknown,,NA,NA,,Canada_BC_Unknown
EPI_ISL_18665595|A/Cooper_s_Hawk/BC/AIVPHL-1125/2023|H5N1|Canada-BC|2023-05-23|wild_avian|B3.2,2023-05-23,Canada,BC,Unknown,,NA,NA,,Canada_BC_Unknown
EPI_ISL_18665611|A/Barred_Owl/BC/AIVPHL-1238/2023|H5N1|Canada-BC|2023-07-24|wild_avian|B3.2,2023-07-24,Canada,BC,Unknown,,NA,NA,,Canada_BC_Unknown
EPI_ISL_19303642|A/Hooded_Merganser/BC/AIVPHL-2033/2024|H5N1|Canada-BC|2024-02-16|wild_avian|B3.2,2024-02-16,Canada,BC,Unknown,,NA,NA,,Canada_BC_Unknown
EPI_ISL_18665510|A/Dunlin/BC/AIVPHL-940/2023|H5N1|Canada-BC|2023-02-06|wild_avian|B3.2,2023-02-06,Canada,BC,Unknown,,NA,NA,,Canada_BC_Unknown
PV322704|A/chicken/BC/FAV-0011-1-2023/2023|H5N1|Canada-BC|2023-01-03|domestic_avian|B3.2,2023-01-03,Canada,BC,Unknown,,NA,NA,,Canada_BC_Unknown
PV319152|A/Striped_Skunk/BC/FAV-0091-1-2023/2023|H5N1|Canada-BC|2023-02-16|other_mammal|B3.2,2023-02-16,Canada,BC,Unknown,,NA,NA,,Canada_BC_Unknown
PV315624|A/Peregrine_Falcon/BC/FAV-0256-2-2023/2023|H5N1|Canada-BC|2023-06-05|wild_avian|B3.2,2023-06-05,Canada,BC,Unknown,,NA,NA,,Canada_BC_Unknown
PV301952|A/American_Crow/MB/FAV-0364-9-2022/2022|H5N1|Canada-MB|2022-04-22|wild_avian|B3.2,2022-04-22,Canada,MB,Unknown,,NA,NA,,Canada_MB_Unknown
PV301984|A/American_Crow/MB/FAV-0469-14-2022/2022|H5N1|Canada-MB|2022-05-06|wild_avian|B3.2,2022-05-06,Canada,MB,Unknown,,NA,NA,,Canada_MB_Unknown
PV309736|A/Domestic_bird/MB/FAV-0716-5-2022/2022|H5N1|Canada-MB|2022-06-15|domestic_avian|B3.2,2022-06-15,Canada,MB,Unknown,,NA,NA,,Canada_MB_Unknown
PV321880|A/Western_Grebe/MB/FAV-0846-2-2022/2022|H5N1|Canada-MB|2022-07-04|wild_avian|B3.2,2022-07-04,Canada,MB,Unknown,,NA,NA,,Canada_MB_Unknown
PV321888|A/Western_Grebe/MB/FAV-0846-3-2022/2022|H5N1|Canada-MB|2022-07-04|wild_avian|B3.2,2022-07-04,Canada,MB,Unknown,,NA,NA,,Canada_MB_Unknown
PV309744|A/Domestic_bird/MB/FAV-0929-1-2022/2022|H5N1|Canada-MB|2022-09-13|domestic_avian|B3.2,2022-09-13,Canada,MB,Unknown,,NA,NA,,Canada_MB_Unknown
PV320960|A/Turkey/MB/FAV-0994-2-2022/2022|H5N1|Canada-MB|2022-09-29|domestic_avian|B3.2,2022-09-29,Canada,MB,Unknown,,NA,NA,,Canada_MB_Unknown
PV324056|A/chicken/MB/FAV-1061-1-2022/2022|H5N1|Canada-MB|2022-10-05|domestic_avian|B3.2,2022-10-05,Canada,MB,Unknown,,NA,NA,,Canada_MB_Unknown
PV317784|A/Snow_Goose/MB/FAV-0227-3-2022/2022|H5N1|Canada-MB|2022-04-08|wild_avian|B3.2,2022-04-08,Canada,MB,Unknown,,NA,NA,,Canada_MB_Unknown
PV317808|A/Snow_Goose/MB/FAV-0258-2-2023/2023|H5N1|Canada-MB|2023-05-02|wild_avian|B3.2,2023-05-02,Canada,MB,Unknown,,NA,NA,,Canada_MB_Unknown
PV302000|A/American_Crow/MB/FAV-0687-5-2022/2022|H5N1|Canada-MB|2022-05-21|wild_avian|B3.2,2022-05-21,Canada,MB,Unknown,,NA,NA,,Canada_MB_Unknown
PV303336|A/American_White_Pelican/MB/FAV-0798-3-2022/2022|H5N1|Canada-MB|2022-06-08|wild_avian|B3.2,2022-06-08,Canada,MB,Unknown,,NA,NA,,Canada_MB_Unknown
PV303768|A/Bald_Eagle/MB/OTH-0142-1-2022/2022|H5N1|Canada-MB|2022-10-12|wild_avian|B3.2,2022-10-12,Canada,MB,Unknown,,NA,NA,,Canada_MB_Unknown
PV301592|A/American_Black_Duck/NB/FAV-1206-8-2022/2022|H5N1|Canada-NB|2022-09-27|wild_avian|B3.2,2022-09-27,Canada,NB,Unknown,,NA,NA,,Canada_NB_Unknown
PV324088|A/chicken/NB/FAV-0013-2023/2023|H5N1|Canada-NB|2023-01-10|domestic_avian|B3.2,2023-01-10,Canada,NB,Unknown,,NA,NA,,Canada_NB_Unknown
PV306320|A/Canada_Goose/NS/FAV-0088-4-2023/2023|H5N1|Canada-NS|2023-02-19|wild_avian|B3.2,2023-02-19,Canada,NS,Unknown,,NA,NA,,Canada_NS_Unknown
PV302152|A/American_Crow/NS/FAV-0122-1-2023/2023|H5N1|Canada-NS|2023-03-21|wild_avian|B3.2,2023-03-21,Canada,NS,Unknown,,NA,NA,,Canada_NS_Unknown
PV302336|A/American_Crow/ON/FAV-0149-2-2023/2023|H5N1|Canada-ON|2023-03-24|wild_avian|B3.2,2023-03-24,Canada,ON,Unknown,,NA,NA,,Canada_ON_Unknown
PV317880|A/Snow_Goose/ON/FAV-1652-2-2022/2022|H5N1|Canada-ON|2022-12-23|wild_avian|B3.2,2022-12-23,Canada,ON,Unknown,,NA,NA,,Canada_ON_Unknown
PV319672|A/Tundra_Swan/ON/FAV-1653-1-2022/2022|H5N1|Canada-ON|2022-11-30|wild_avian|B3.2,2022-11-30,Canada,ON,Unknown,,NA,NA,,Canada_ON_Unknown
PV317904|A/Snow_Goose/ON/FAV-1653-4-2022/2022|H5N1|Canada-ON|2022-11-30|wild_avian|B3.2,2022-11-30,Canada,ON,Unknown,,NA,NA,,Canada_ON_Unknown
PV302264|A/American_Crow/ON/FAV-0118-1-2023/2023|H5N1|Canada-ON|2023-03-11|wild_avian|B3.2,2023-03-11,Canada,ON,Unknown,,NA,NA,,Canada_ON_Unknown
PV303360|A/American_White_Pelican/ON/FAV-0803-1-2022/2022|H5N1|Canada-ON|2022-05-16|wild_avian|B3.2,2022-05-16,Canada,ON,Unknown,,NA,NA,,Canada_ON_Unknown
PV303368|A/American_White_Pelican/ON/FAV-0803-2-2022/2022|H5N1|Canada-ON|2022-06-08|wild_avian|B3.2,2022-06-08,Canada,ON,Unknown,,NA,NA,,Canada_ON_Unknown
PV315664|A/Peregrine_Falcon/ON/FAV-0853-3-2022/2022|H5N1|Canada-ON|2022-06-12|wild_avian|B3.2,2022-06-12,Canada,ON,Unknown,,NA,NA,,Canada_ON_Unknown
PV303384|A/American_White_Pelican/ON/FAV-0867-2-2022/2022|H5N1|Canada-ON|2022-07-07|wild_avian|B3.2,2022-07-07,Canada,ON,Unknown,,NA,NA,,Canada_ON_Unknown
PV302416|A/American_Crow/ON/FAV-1440-3-2022/2022|H5N1|Canada-ON|2022-10-30|wild_avian|B3.2,2022-10-30,Canada,ON,Unknown,,NA,NA,,Canada_ON_Unknown
PV317872|A/Snow_Goose/ON/FAV-1652-1-2022/2022|H5N1|Canada-ON|2022-12-22|wild_avian|B3.2,2022-12-22,Canada,ON,Unknown,,NA,NA,,Canada_ON_Unknown
PV307248|A/Canada_Goose/PE/FAV-0008-1-2022/2022|H5N1|Canada-PE|2022-12-21|wild_avian|B3.2,2022-12-21,Canada,PE,Unknown,,NA,NA,,Canada_PE_Unknown
PV302528|A/American_Crow/PE/FAV-0068-5-2023/2023|H5N1|Canada-PE|2023-01-31|wild_avian|B3.2,2023-01-31,Canada,PE,Unknown,,NA,NA,,Canada_PE_Unknown
PV302536|A/American_Crow/PE/FAV-0068-6-2023/2023|H5N1|Canada-PE|2023-01-31|wild_avian|B3.2,2023-01-31,Canada,PE,Unknown,,NA,NA,,Canada_PE_Unknown
PV302560|A/American_Crow/PE/FAV-0086-1-2023/2023|H5N1|Canada-PE|2023-02-17|wild_avian|B3.2,2023-02-17,Canada,PE,Unknown,,NA,NA,,Canada_PE_Unknown
PV307384|A/Canada_Goose/PE/FAV-0096-3-2023/2023|H5N1|Canada-PE|2023-02-27|wild_avian|B3.2,2023-02-27,Canada,PE,Unknown,,NA,NA,,Canada_PE_Unknown
PV302640|A/American_Crow/PE/FAV-0121-1-2023/2023|H5N1|Canada-PE|2023-03-22|wild_avian|B3.2,2023-03-22,Canada,PE,Unknown,,NA,NA,,Canada_PE_Unknown
PV319272|A/Striped_Skunk/PE/FAV-0123-1-2023/2023|H5N1|Canada-PE|2023-03-21|other_mammal|B3.2,2023-03-21,Canada,PE,Unknown,,NA,NA,,Canada_PE_Unknown
PV319312|A/Striped_Skunk/PE/FAV-0179-1-2023/2023|H5N1|Canada-PE|2023-04-21|other_mammal|B3.2,2023-04-21,Canada,PE,Unknown,,NA,NA,,Canada_PE_Unknown
PV302464|A/American_Crow/PE/FAV-0019-5-2022/2022|H5N1|Canada-PE|2022-12-28|wild_avian|B3.2,2022-12-28,Canada,PE,Unknown,,NA,NA,,Canada_PE_Unknown
PV319320|A/Striped_Skunk/PE/FAV-1642-1-2022/2022|H5N1|Canada-PE|2022-11-15|other_mammal|B3.2,2022-11-15,Canada,PE,Unknown,,NA,NA,,Canada_PE_Unknown
PV301315|A/Duck/QC/FAV-0051-1-2023/2023|H5N1|Canada-QC|2023-02-01|domestic_avian|B3.2,2023-02-01,Canada,QC,Unknown,,NA,NA,,Canada_QC_Unknown
PV307456|A/Canada_Goose/QC/FAV-0061-1-2022/2022|H5N1|Canada-QC|2022-12-05|wild_avian|B3.2,2022-12-05,Canada,QC,Unknown,,NA,NA,,Canada_QC_Unknown
PV316800|A/Red-Tailed_Hawk/QC/FAV-0076-4-2022/2022|H5N1|Canada-QC|2022-12-06|wild_avian|B3.2,2022-12-06,Canada,QC,Unknown,,NA,NA,,Canada_QC_Unknown
PV321400|A/Turkey/QC/FAV-0168-3A-2023/2023|H5N1|Canada-QC|2023-04-21|domestic_avian|B3.2,2023-04-21,Canada,QC,Unknown,,NA,NA,,Canada_QC_Unknown
PV304152|A/Barred_Owl/QC/FAV-0248-1-2023/2023|H5N1|Canada-QC|2023-04-04|wild_avian|B3.2,2023-04-04,Canada,QC,Unknown,,NA,NA,,Canada_QC_Unknown
PV318152|A/Snow_Goose/QC/FAV-1493-1-2022/2022|H5N1|Canada-QC|2022-11-02|wild_avian|B3.2,2022-11-02,Canada,QC,Unknown,,NA,NA,,Canada_QC_Unknown
PV317952|A/Snow_Goose/QC/FAV-0018-1-2023/2022|H5N1|Canada-QC|2022-11-11|wild_avian|B3.2,2022-11-11,Canada,QC,Unknown,,NA,NA,,Canada_QC_Unknown
PV301712|A/American_Black_Duck/QC/FAV-0115-3-2023/2023|H5N1|Canada-QC|2023-03-01|wild_avian|B3.2,2023-03-01,Canada,QC,Unknown,,NA,NA,,Canada_QC_Unknown
PV303016|A/American_Crow/SK/FAV-0575-14-2022/2022|H5N1|Canada-SK|2022-04-28|wild_avian|B3.2,2022-04-28,Canada,SK,Unknown,,NA,NA,,Canada_SK_Unknown
PV304560|A/Black-billed_Magpie/SK/FAV-0802-32-2022/2022|H5N1|Canada-SK|2022-04-22|wild_avian|B3.2,2022-04-22,Canada,SK,Unknown,,NA,NA,,Canada_SK_Unknown
PV313464|A/Great_Horned_Owl/SK/FAV-0802-45-2022/2022|H5N1|Canada-SK|2022-05-05|wild_avian|B3.2,2022-05-05,Canada,SK,Unknown,,NA,NA,,Canada_SK_Unknown
PV303168|A/American_Crow/SK/FAV-0802-76-2022/2022|H5N1|Canada-SK|2022-05-20|wild_avian|B3.2,2022-05-20,Canada,SK,Unknown,,NA,NA,,Canada_SK_Unknown
PV311152|A/Double-Crested_Cormorant/SK/FAV-0912-7-2022/2022|H5N1|Canada-SK|2022-06-06|wild_avian|B3.2,2022-06-06,Canada,SK,Unknown,,NA,NA,,Canada_SK_Unknown
PV310832|A/Domestic_bird/SK/FAV-0986-2-2022/2022|H5N1|Canada-SK|2022-09-28|domestic_avian|B3.2,2022-09-28,Canada,SK,Unknown,,NA,NA,,Canada_SK_Unknown
PV310888|A/Domestic_bird/SK/FAV-1259-1-2022/2022|H5N1|Canada-SK|2022-10-22|domestic_avian|B3.2,2022-10-22,Canada,SK,Unknown,,NA,NA,,Canada_SK_Unknown
PV324608|A/chicken/SK/FAV-1261-2-2022/2022|H5N1|Canada-SK|2022-10-22|domestic_avian|B3.2,2022-10-22,Canada,SK,Unknown,,NA,NA,,Canada_SK_Unknown
PV324640|A/chicken/SK/FAV-1385-2-2022/2022|H5N1|Canada-SK|2022-11-03|domestic_avian|B3.2,2022-11-03,Canada,SK,Unknown,,NA,NA,,Canada_SK_Unknown
PV309064|A/Coopers_Hawk/SK/FAV-1470-23-2022/2022|H5N1|Canada-SK|2022-09-16|wild_avian|B3.2,2022-09-16,Canada,SK,Unknown,,NA,NA,,Canada_SK_Unknown
PV324656|A/chicken/SK/FAV-1471-1-2022/2022|H5N1|Canada-SK|2022-11-21|domestic_avian|B3.2,2022-11-21,Canada,SK,Unknown,,NA,NA,,Canada_SK_Unknown
PV310840|A/Domestic_bird/SK/FAV-1051-1-2022/2022|H5N1|Canada-SK|2022-06-03|domestic_avian|B3.2,2022-06-03,Canada,SK,Unknown,,NA,NA,,Canada_SK_Unknown
PV318784|A/Snow_Goose/YT/FAV-0795-3-2022/2022|H5N1|Canada-YT|2022-05-30|wild_avian|B3.2,2022-05-30,Canada,YT,Unknown,,NA,NA,,Canada_YT_Unknown
EPI_ISL_17885944|A/Pelican/Antofagasta/228244-2/2022|H5N1|Chile-Antofagasta|2022-12-16|wild_avian|B3.2,2022-12-16,Chile,Antofagasta,Antofagasta,,-23.65,-70.4,precise (Martha),Chile_Antofagasta_Antofagasta
EPI_ISL_19131156|A/Inca_tern/Antofagasta/238083/2023|H5N1|Chile-Antofagasta|2023-02-22|wild_avian|B3.2,2023-02-22,Chile,Antofagasta,Antofagasta,,-23.65,-70.4,precise (Martha),Chile_Antofagasta_Antofagasta
PQ295907|A/Antofagasta/25945/2023|H5N1|Chile-Antofagasta|2023-03-24|human|B3.2,2023-03-24,Chile,Antofagasta,Antofagasta,,-23.61671,-70.38642,precise (Martha),Chile_Antofagasta_Antofagasta
EPI_ISL_17885931|A/Pelican/Antofagasta/228246-3/2022|H5N1|Chile-Antofagasta|2022-12-15|wild_avian|B3.2,2022-12-15,Chile,Antofagasta,Tocopilla,,-22.096389,-70.2,precise (Martha),Chile_Antofagasta_Tocopilla
EPI_ISL_17885958|A/chicken/Araucania/239189-2/2023|H5N1|Chile-Araucania|2023-02-28|domestic_avian|B3.2,2023-02-28,Chile,Araucania,Cautin,Nueva Imperial,-38.7934,-72.9758,precise (Martha),Chile_Araucania_Cautin
EPI_ISL_18760073|A/chicken/Araucania/244469/2023|H5N1|Chile-Araucania|2023-03-25|domestic_avian|B3.2,2023-03-25,Chile,Araucania,Vilcun,,-38.70947038,-72.28213908,precise (Martha),Chile_Araucania_Vilcun
EPI_ISL_17885978|A/Sanderling/Arica_y_Parinacota/240265/2023|H5N1|Chile-Arica|2023-03-03|wild_avian|B3.2,2023-03-03,Chile,Arica_y_Parinacota,Arica,,-18.477778,-70.318056,precise (Martha),Chile_Arica_y_Parinacota_Arica
EPI_ISL_16891400|A/gray_gull/Chile/C61947/2022|H5N1|Chile|2022-12-02|wild_avian|B3.2,2022-12-02,Chile,Arica_y_Parinacota,Arica ,,-18.4136444,-70.3245328,precise (Martha),Chile_Arica_y_Parinacota_Arica 
EPI_ISL_17885980|A/Sanderling/Arica_y_Parinacota/230758-1/2022|H5N1|Chile-Arica|2022-12-30|wild_avian|B3.2,2022-12-30,Chile,Arica_y_Parinacota,Arica,,-18.477778,-70.318056,precise (Martha),Chile_Arica_y_Parinacota_Arica
EPI_ISL_17885924|A/Pelican/Atacama/230158-2/2022|H5N1|Chile-Atacama|2022-12-30|wild_avian|B3.2,2022-12-30,Chile,Atacama,Huasco,,-28.510219,-71.0814,precise (Martha),Chile_Atacama_Huasco
EPI_ISL_19391462|A/sea_lion/Atacama/242444-1/2023|H5N1|Chile-Atacama|2023-03-13|other_mammal|B3.2,2023-03-13,Chile,Atacama,Copiapo,,-27.38183161,-69.93163954,precise (Martha),Chile_Atacama_Copiapo
EPI_ISL_17885926|A/Pelican/Atacama/229450-2/2022|H5N1|Chile-Atacama|2022-12-26|wild_avian|B3.2,2022-12-26,Chile,Atacama,Copiapo,,-27.066667,-70.833333,precise (Martha),Chile_Atacama_Copiapo
EPI_ISL_19151400|A/guanay_cormorant/Atacama/235520-1/2023|H5N1|Chile-Atacama|2023-02-05|wild_avian|B3.2,2023-02-05,Chile,Atacama,Chanaral,,-26.344444,-70.621944,precise (Martha),Chile_Atacama_Chanaral
EPI_ISL_18760074|A/chicken/Atacama/235254-2/2023|H5N1|Chile-Atacama|2023-02-04|domestic_avian|B3.2,2023-02-04,Chile,Atacama,Unknown,,NA,NA,,Chile_Atacama_Unknown
EPI_ISL_19131162|A/Inca_tern/Coquimbo/239619/2023|H5N1|Chile-Coquimbo|2023-03-01|wild_avian|B3.2,2023-03-01,Chile,Coquimbo,Elqui,,-29.953056,-71.343333,precise (Martha),Chile_Coquimbo_Elqui
EPI_ISL_20300016|A/brown_skua/Antartic/A324O/2025|H5N1|Chile-Magallanes|2025-01-09|wild_avian|B3.2,2025-01-09,Chile,Magallanes y Antartica Chilena,Unknown,,NA,NA,,Chile_Magallanes y Antartica Chilena_Unknown
EPI_ISL_20300019|A/brown_skua/Antartic/A329B/2025|H5N1|Chile-Magallanes|2025-01-13|wild_avian|B3.2,2025-01-13,Chile,Magallanes y Antartica Chilena,Unknown,,NA,NA,,Chile_Magallanes y Antartica Chilena_Unknown
EPI_ISL_17885973|A/South_American_tern/Maule/238507/2023|H5N1|Chile-Maule|2023-02-23|wild_avian|B3.2,2023-02-23,Chile,Maule,Cauquenes,,-35.8,-72.566667,precise (Martha),Chile_Maule_Cauquenes
EPI_ISL_17885849|A/Black_Skimmer/Maule/240379/2023|H5N1|Chile-Maule|2023-03-06|wild_avian|B3.2,2023-03-06,Chile,Maule,Cauquenes,,-35.8,-72.566667,precise (Martha),Chile_Maule_Cauquenes
EPI_ISL_19410280|A/chicken/Maule/247588-1/2023|H5N1|Chile-Maule|2023-04-07|domestic_avian|B3.2,2023-04-07,Chile,Maule,Unknown,,NA,NA,,Chile_Maule_Unknown
EPI_ISL_17885873|A/chicken/Nuble/241681-1/2023|H5N1|Chile-Nuble|2023-03-10|domestic_avian|B3.2,2023-03-10,Chile,Nuble,Diguillin,Chillan Viejo,-36.689629,-72.09428,precise (Martha),Chile_Nuble_Diguillin
EPI_ISL_17885877|A/chicken/Nuble/240155/2023|H5N1|Chile-Nuble|2023-03-06|domestic_avian|B3.2,2023-03-06,Chile,Nuble,Unknown,,NA,NA,,Chile_Nuble_Unknown
EPI_ISL_17885878|A/chicken/Nuble/239136/2023|H5N1|Chile-Nuble|2023-02-27|domestic_avian|B3.2,2023-02-27,Chile,Nuble,Diguillin,Chillan Viejo,-36.6761,-72.2881,precise (Martha),Chile_Nuble_Diguillin
EPI_ISL_17885918|A/Pelican/Nuble/233947-2/2023|H5N1|Chile-Nuble|2023-01-26|wild_avian|B3.2,2023-01-26,Chile,Nuble,Itata,Trehuaco,-36.430833,-72.668056,precise (Martha),Chile_Nuble_Itata
EPI_ISL_17885915|A/Pelican/OHiggins/233663-1/2023|H5N1|Chile-OHiggins|2023-01-24|wild_avian|B3.2,2023-01-24,Chile,Ohiggins,Cardenal Caro,Pichilemu,-34.391944,-72.013889,precise (Martha),Chile_Ohiggins_Cardenal Caro
EPI_ISL_17885965|A/Chiloe_wigeon/OHiggins/240893-2/2023|H5N1|Chile-OHiggins|2023-03-09|wild_avian|B3.2,2023-03-09,Chile,Ohiggins,Cardenal Caro,Pichilemu,-34.391944,-72.013889,precise (Martha),Chile_Ohiggins_Cardenal Caro
EPI_ISL_17885967|A/Blackish_oystercatcher/OHiggins/240628/2023|H5N1|Chile-OHiggins|2023-03-06|wild_avian|B3.2,2023-03-06,Chile,Ohiggins,Cardenal Caro,Navidad,-33.95,-71.833333,precise (Martha),Chile_Ohiggins_Cardenal Caro
EPI_ISL_18760061|A/pelican/Bio_Bio/236574/2023|H5N1|Chile-Biobio|2023-02-13|wild_avian|B3.2,2023-02-13,Chile,Region_del_Biobio,Concepcion,,-36.616667,-72.95,precise (Martha),Chile_Region_del_Biobio_Concepcion
EPI_ISL_19410300|A/gull/Biobio/237012/2023|H5N1|Chile-Biobio|2023-02-15|wild_avian|B3.2,2023-02-15,Chile,Region_del_Biobio,Unknown,,NA,NA,,Chile_Region_del_Biobio_Unknown
EPI_ISL_19418491|A/buff-necked_ibis/Bio_bio/247636-1/2023|H5N1|Chile-Biobio|2023-04-07|wild_avian|B3.2,2023-04-07,Chile,Region_del_Biobio,Unknown,,NA,NA,,Chile_Region_del_Biobio_Unknown
EPI_ISL_18760060|A/chicken/Metropolitana/243148-1/2023|H5N1|Chile-Metropolitana|2023-03-20|domestic_avian|B3.2,2023-03-20,Chile,Region_Metropolitana_de_Santiago,Unknown,,NA,NA,,Chile_Region_Metropolitana_de_Santiago_Unknown
EPI_ISL_17885951|A/Gray_gull/Tarapaca/232825-1/2023|H5N1|Chile-Tarapaca|2023-01-18|wild_avian|B3.2,2023-01-18,Chile,Tarapaca,Unknown,,NA,NA,,Chile_Tarapaca_Unknown
EPI_ISL_17885942|A/Pelican/Tarapaca/227436-2/2022|H5N1|Chile-Tarapaca|2022-12-09|wild_avian|B3.2,2022-12-09,Chile,Tarapaca,Iquique,,-20.216667,-70.15,precise (Martha),Chile_Tarapaca_Iquique
EPI_ISL_19410286|A/turkey/Valparaiso/245886-5/2023|H5N1|Chile-Valparaiso|2023-03-30|domestic_avian|B3.2,2023-03-30,Chile,Valparaiso,Unknown,,NA,NA,,Chile_Valparaiso_Unknown
EPI_ISL_17885982|A/pelican/Valparaiso/234040/2023|H5N1|Chile-Valparaiso|2023-01-25|wild_avian|B3.2,2023-01-25,Chile,Valparaiso,San Antonio,El Quisco,-33.391111,-71.692778,precise (Martha),Chile_Valparaiso_San Antonio
EPI_ISL_19131163|A/Peruvean_booby/Valparaiso/238535/2023|H5N1|Chile-Valparaiso|2023-02-24|wild_avian|B3.2,2023-02-24,Chile,Valparaiso,Valparaiso,,-32.78174,-71.53328,precise (Martha),Chile_Valparaiso_Valparaiso
EPI_ISL_18760069|A/sea_lion/Valparaiso/SJCEIRR-2431361/2023|H5N1|Chile-Valparaiso|2023-03-19|other_mammal|B3.2,2023-03-19,Chile,Valparaiso,Quintero,,-32.69895,-71.4293542,precise (Martha),Chile_Valparaiso_Quintero
EPI_ISL_17885983|A/pelican/Valparaiso/233450-1/2023|H5N1|Chile-Valparaiso|2023-01-23|wild_avian|B3.2,2023-01-23,Chile,Valparaiso,Petorca,,-32.553611,-71.458889,precise (Martha),Chile_Valparaiso_Petorca
OQ683458|A/chicken/Colombia/Bolivar/3500/2022|H5N1|Colombia-Bolivar|2022-11-08|domestic_avian|B3.2,2022-11-08,Colombia,Bolivar,Unknown,,NA,NA,,Colombia_Bolivar_Unknown
EPI_ISL_17353510|A/chicken/Cordoba/ICA-3499/2022|H5N1|Argentina-Cordoba|2022-11-26|domestic_avian|B3.2,2022-11-26,Colombia,Cordoba,Unknown,,NA,NA,,Colombia_Cordoba_Unknown
EPI_ISL_17353838|A/chicken/Magdalena/ICA-3503/2022|H5N1|Chile-Magdalena|2022-11-18|domestic_avian|B3.2,2022-11-18,Colombia,Departamento_del_Magdalena,Unknown,,NA,NA,,Colombia_Departamento_del_Magdalena_Unknown
OQ683490|A/chicken/Colombia/Magdalena/3503/2022|H5N1|Colombia-Magdalena|2022-11-18|domestic_avian|B3.2,2022-11-18,Colombia,Magdalena,Unknown,,NA,NA,,Colombia_Magdalena_Unknown
EPI_ISL_16958548|A/falcon/Costa_Rica/INC-0001-D0377-23/2023|H5N1|Costa_Rica-Limon|2023-01-26|wild_avian|B3.2,2023-01-26,Costa_Rica,Limon,Pococi,Colorado,NA,NA,,Costa_Rica_Limon_Pococi
EPI_ISL_17965774|A/pelican/Costa_Rica/INC-0018-D0370-23/2023|H5N1|Costa_Rica-Limon|2023-01-26|wild_avian|B3.2,2023-01-26,Costa_Rica,Limon,Talamanca,Playa Cocles,9.6477,-82.7324,beach,Costa_Rica_Limon_Talamanca
EPI_ISL_17973443|A/wildbird-Fregata-magnificens/Ecuador/IC03-4587/2023|H5N1|Ecuador-Manabi|2023-01-11|wild_avian|B3.2,2023-01-11,Ecuador,Guayas,San Jacinto de Yaguachi,,-0.79805746,-80.5195928,precise (Martha),Ecuador_Guayas_San Jacinto de Yaguachi
EPI_ISL_18918640|A/Southern_Fulmar/Falkland_Islands/138870/2023|H5N1|UK-Falkland_Islands|2023-11-14|wild_avian|B3.2,2023-11-14,Falkland Islands,Stanley,Unknown,,-51.693946,-57.8572918,precise (Martha),Falkland Islands_Stanley_Unknown
EPI_ISL_17558875|A/pelican/Honduras/23-000009-001/2022|H5N1|Honduras-Atlantida|2022-12-27|wild_avian|B3.2,2022-12-27,Honduras,Atlantida,Unknown,,NA,NA,,Honduras_Atlantida_Unknown
EPI_ISL_17777528|A/peruvian_booby/Peru/CAL-INS-007/2023|H5N1|Peru-Callao|2023-03-17|wild_avian|B3.2,2023-03-17,Peru,Callao,Callao,,-12.052222,-77.139167,precise (Martha),Peru_Callao_Callao
OQ547423|A/Nannopterum_brasilianus/Peru/AISA0446/2022|H5N1|Peru|2022-11-22|wild_avian|B3.2,2022-11-22,Peru,Callao,Callao,,-12.052222,-77.139167,precise (Martha),Peru_Callao_Callao
OQ547447|A/Pelecanus_thagus/Peru/AISA0464/2022|H5N1|Peru|2022-11-22|wild_avian|B3.2,2022-11-22,Peru,Callao,Callao,,-12.052222,-77.139167,precise (Martha),Peru_Callao_Callao
EPI_ISL_17777530|A/guanay_cormorant/Peru/CAL-INS-009/2023|H5N1|Peru-Callao|2023-03-17|wild_avian|B3.2,2023-03-17,Peru,Callao,Callao,,-12.052222,-77.139167,precise (Martha),Peru_Callao_Callao
EPI_ISL_18217104|A/duck/Peru/CAL-INS-013/2023|H5N1|Peru-Callao|2023-07-24|domestic_avian|B3.2,2023-07-24,Peru,Callao,Unknown,,NA,NA,,Peru_Callao_Unknown
OQ547431|A/Panthera_leo/Peru/AIS0554/2023|H5N1|Peru|2023-02-08|feline|B3.2,2023-02-08,Peru,Junin,Huancayo,,-12.0621201,-75.1961831,precise (Martha),Peru_Junin_Huancayo
OQ547375|A/Gallus_gallus/Peru/AIS0544/2022|H5N1|Peru|2022-12-03|domestic_avian|B3.2,2022-12-03,Peru,La Libertad,Chepen,,-7.2252421,-79.411259,precise (Martha),Peru_La Libertad_Chepen
EPI_ISL_18371666|A/Peruvian_booby/Peru/UNMSM-A296/2022|H5N1|Peru|2022-12-01|wild_avian|B3.2,2022-12-01,Peru,La Libertad,Viru,,-8.53379,-78.96318,precise (Martha),Peru_La Libertad_Viru
OQ547343|A/Gallus_gallus/Peru/AIS0539/2022|H5N1|Peru|2022-11-18|domestic_avian|B3.2,2022-11-18,Peru,Lambayeque,Lambayeque,,-6.7172767,-79.906572,precise (Martha),Peru_Lambayeque_Lambayeque
EPI_ISL_16249681|A/chicken/Peru/LAM-INS-002/2022|H5N1|Peru-Lambayeque|2022-11-28|domestic_avian|B3.2,2022-11-28,Peru,Lambayeque,Lambayeque,,-6.748801,-79.986917,precise (Martha),Peru_Lambayeque_Lambayeque
EPI_ISL_18497946|A/duck/Peru/LAM-INS-014/2023|H5N1|Peru-Lambayeque|2023-09-26|domestic_avian|B3.2,2023-09-26,Peru,Lambayeque,Unknown,,NA,NA,,Peru_Lambayeque_Unknown
EPI_ISL_19070288|A/Calidris_alba/Lima/Villa01/2023___this_|H5N1|Peru-Lima|2023-04-20|wild_avian|B3.2,2023-04-20,Peru,Lima,Lima,,-12.211929,-76.99026,precise (Martha),Peru_Lima_Lima
OQ547351|A/Gallus_gallus/Peru/AIS0540/2022|H5N1|Peru|2022-11-28|domestic_avian|B3.2,2022-11-28,Peru,Lima,Lima,,-12.059548,-77.03883,precise (Martha),Peru_Lima_Lima
OQ550458|A/pelican/Peru/PIU-SER028/2022|H5N1|Peru|2022-11-24|wild_avian|B3.2,2022-11-24,Peru,Lima,Lima,,-5.5176602,-80.896081,precise (Martha),Peru_Lima_Lima
OQ547415|A/Gallus_gallus/Peru/AIS0551/2022|H5N1|Peru|2022-12-12|domestic_avian|B3.2,2022-12-12,Peru,Lima,Lima,,-12.059548,-77.03883,precise (Martha),Peru_Lima_Lima
OQ925725|A/south_american_sea_lion/Peru/AQP-SER00K/2023|H5N1|Peru|2023-02-07|other_mammal|B3.2,2023-02-07,Peru,Lima,Canete,,-12.91786123,-76.507071,precise (Martha),Peru_Lima_Canete
EPI_ISL_18371664|A/Belcher_gull/Peru/UNMSM-A267/2022|H5N1|Peru|2022-12-01|wild_avian|B3.2,2022-12-01,Peru,Lima,Lima,San Isidro,-12.1077,-77.0606,precise (Martha),Peru_Lima_Lima
OQ550474|A/South_American_Sea_Lion/Peru/LIM-SER036/2023|H5N1|Peru|2023-01-23|other_mammal|B3.2,2023-01-23,Peru,Lima,Lima,,-12.1218839,-77.045041,precise (Martha),Peru_Lima_Lima
EPI_ISL_17777533|A/peruvian_booby/Peru/LIM-INS-012/2023|H5N1|Peru-Lima|2023-04-12|wild_avian|B3.2,2023-04-12,Peru,Lima,Barranca,,-10.7953673,-77.744885,precise (Martha),Peru_Lima_Barranca
EPI_ISL_17777527|A/gull/Peru/LIM-INS-006/2023|H5N1|Peru-Lima|2023-03-16|wild_avian|B3.2,2023-03-16,Peru,Lima,Unknown,,NA,NA,,Peru_Lima_Unknown
OQ550466|A/Sanderling/Peru/PIU-SER005/2022|H5N1|Peru|2022-11-22|wild_avian|B3.2,2022-11-22,Peru,Piura,Paita,,-5.1499528,-81.170758,precise (Martha),Peru_Piura_Paita
OQ547439|A/Pelecanus_thagus/Peru/AIS0538/2022|H5N1|Peru|2022-11-10|wild_avian|B3.2,2022-11-10,Peru,Piura,Paita,Islilla,-5.197348,-81.200409,precise (Martha),Peru_Piura_Paita
EPI_ISL_17777531|A/sea_lion/Peru/TAC-INS-010/2023|H5N1|Peru-Tacna|2023-03-07|other_mammal|B3.2,2023-03-07,Peru,Tacna,Tacna,Sama,-18.137864,-70.699826,precise (Martha),Peru_Tacna_Tacna
EPI_ISL_17777532|A/sea_lion/Peru/TAC-INS-011/2023|H5N1|Peru-Tacna|2023-03-07|other_mammal|B3.2,2023-03-07,Peru,Tacna,Tarata,,-17.64664722,-70.30376039,precise (Martha),Peru_Tacna_Tarata
OR381676|A/Black-necked_swan/Uruguay/078-M2/2023|H5N1|Uruguay-Canelones|2023-03-15|wild_avian|B3.2,2023-03-15,Uruguay,Canelones,Tala,,-34.5713,-55.7469,precise (Martha),Uruguay_Canelones_Tala
OR912286|A/pinniped/Uruguay/P10_8923/2023|H5N1|Uruguay-Rocha|2023-09-08|other_mammal|B3.2,2023-09-08,Uruguay,Canelones,Canelones,,-34.523896,-56.281724,precise (Martha),Uruguay_Canelones_Canelones
OR912287|A/pinniped/Uruguay/P13_11923/2023|H5N1|Uruguay-Canelones|2023-09-11|other_mammal|B3.2,2023-09-11,Uruguay,Canelones,Canelones,,-34.523896,-56.281724,precise (Martha),Uruguay_Canelones_Canelones
OR912291|A/pinniped/Uruguay/P17_14923/2023|H5N1|Uruguay-Isla_de_Lobos|2023-09-14|other_mammal|B3.2,2023-09-14,Uruguay,Maldonado,Unknown,Isla_de_Lobos,NA,NA,island,Uruguay_Maldonado_Unknown
OR381588|A/Black-necked_swan/Uruguay/014-M3/2023|H5N1|Uruguay-Rocha|2023-02-18|wild_avian|B3.2,2023-02-18,Uruguay,Maldonado,Garzon,,-34.798,-54.568,precise (Martha),Uruguay_Maldonado_Garzon
OR912354|A/pinniped/Uruguay/P4_6923/2023|H5N1|Uruguay-Maldonado|2023-09-06|other_mammal|B3.2,2023-09-06,Uruguay,Maldonado,Punta del Este,,NA,NA,,Uruguay_Maldonado_Punta del Este
OR381644|A/Backyard_chicken/Uruguay/127-M4/2023|H5N1|Uruguay-Montevideo|2023-04-17|domestic_avian|B3.2,2023-04-17,Uruguay,Montevideo,Montevideo,,-34.7852,-56.1287,precise (Martha),Uruguay_Montevideo_Montevideo
OR381636|A/Backyard_chicken/Uruguay/127-M1/2023|H5N1|Uruguay-Montevideo|2023-04-17|domestic_avian|B3.2,2023-04-17,Uruguay,Montevideo,Municipality D,,-34.7852,-56.1287,precise (Martha),Uruguay_Montevideo_Municipality D
OR912285|A/pinniped/Uruguay/P8_8923/2023|H5N1|Uruguay-Rocha|2023-09-08|other_mammal|B3.2,2023-09-08,Uruguay,Rocha,La Paloma,,NA,NA,,Uruguay_Rocha_La Paloma
OR381652|A/Backyard_chicken/Uruguay/144-M3/2023|H5N1|Uruguay-Rocha|2023-05-03|domestic_avian|B3.2,2023-05-03,Uruguay,Rocha,Lascano,,-33.69,-54.0993,precise (Martha),Uruguay_Rocha_Lascano
OR912292|A/pinniped/Uruguay/P18_14923/2023|H5N1|Uruguay-Rocha|2023-09-14|other_mammal|B3.2,2023-09-14,Uruguay,Rocha,Castillos,Aguas Dulce,NA,NA,,Uruguay_Rocha_Castillos
OR912362|A/seabird/Uruguay/P23_41023/2023|H5N1|Uruguay-Rocha|2023-10-04|wild_avian|B3.2,2023-10-04,Uruguay,Rocha,Castillos,Cabo Polonio,NA,NA,,Uruguay_Rocha_Castillos
OR912294|A/seabird/Uruguay/P25_41023/2023|H5N1|Uruguay-Rocha|2023-10-04|wild_avian|B3.2,2023-10-04,Uruguay,Rocha,Castillos,Cabo Polonio,NA,NA,,Uruguay_Rocha_Castillos
OR381660|A/Backyard_duck/Uruguay/124-M3/2023|H5N1|Uruguay-San_Jose|2023-04-16|domestic_avian|B3.2,2023-04-16,Uruguay,San_Jose,Unknown,,-34.5526,-56.6724,precise (Martha),Uruguay_San_Jose_Unknown
OR381596|A/Backyard_chicken/Uruguay/040-M5/2023|H5N1|Uruguay-Tacuarembo|2023-03-03|domestic_avian|B3.2,2023-03-03,Uruguay,Tacuarembo,Unknown,,-32.3924,-55.8419,precise (Martha),Uruguay_Tacuarembo_Unknown
PQ715385|A/Raven/AK/22-020951-001-original/2022|H5N1|USA-AK|2022-06-26|wild_avian|B3.2,2022-06-26,USA,AK,North Slope,,NA,NA,,USA_AK_North Slope
PQ714633|A/Northern_pintail/AK/23-002693-016-original/2022|H5N1|USA-AK|2022-09-30|wild_avian|B3.2,2022-09-30,USA,AK,Aleutians East,,NA,NA,,USA_AK_Aleutians East
PQ713065|A/Mallard/AK/23-003641-008-original/2022|H5N1|USA-AK|2022-10-14|wild_avian|B3.2,2022-10-14,USA,AK,Aleutians East,,NA,NA,,USA_AK_Aleutians East
EPI_ISL_16271829|A/chicken/Alaska/22-037940-001/2022|H5N1|USA-AK|2022-11-23|domestic_avian|B3.2,2022-11-23,USA,AK,Matanuska-Susitna Borough,,NA,NA,,USA_AK_Matanuska-Susitna Borough
PQ717337|A/Snow_goose/AK/22-017364-001-original/2022|H5N1|USA-AK|2022-05-27|wild_avian|B3.2,2022-05-27,USA,AK,Unknown,,NA,NA,,USA_AK_Unknown
EPI_ISL_17260681|A/red_fox/Alaska/22-019272-001/2022|H5N1|USA-AK|2022-06-15|other_mammal|B3.2,2022-06-15,USA,AK,Nome Census Area,,NA,NA,,USA_AK_Nome Census Area
PQ710513|A/Glaucous_Gull/AK/22-023553-001-original/2022|H5N1|USA-AK|2022-07-15|wild_avian|B3.2,2022-07-15,USA,AK,Unknown,,NA,NA,,USA_AK_Unknown
PQ714457|A/Northern_pintail/AK/22-029100-001-original/2022|H5N1|USA-AK|2022-09-04|wild_avian|B3.2,2022-09-04,USA,AK,Unknown,,NA,NA,,USA_AK_Unknown
PP802398|A/domestic_turkey/USA/22-032677-004/2022|H5N1|USA-AK|2022-10-11|domestic_avian|B3.2,2022-10-11,USA,AK,Matanuska-Susitna Borough,,NA,NA,,USA_AK_Matanuska-Susitna Borough
PQ702593|A/Bald_eagle/AK/22-016934-004-original/2022|H5N1|USA-AK|2022-05-22|wild_avian|B3.2,2022-05-22,USA,AK,Unknown,,NA,NA,,USA_AK_Unknown
PQ710529|A/Glaucous_Gull/AK/22-024502-001-original/2022|H5N1|USA-AK|2022-07-01|wild_avian|B3.2,2022-07-01,USA,AK,Unknown,,NA,NA,,USA_AK_Unknown
PP802622|A/mallard/USA/22-036139-048/2022|H5N1|USA-AK|2022-11-02|wild_avian|B3.2,2022-11-02,USA,AK,Unknown,,NA,NA,,USA_AK_Unknown
PQ710113|A/Gadwall/AL/22-040806-001-original/2022|H5N1|USA-AL|2022-12-12|wild_avian|B3.2,2022-12-12,USA,AK,Unknown,,NA,NA,,USA_AK_Unknown
PQ715449|A/Raven/AK/22-042128-001-original/2022|H5N1|USA-AK|2022-12-18|wild_avian|B3.2,2022-12-18,USA,AK,Unknown,,NA,NA,,USA_AK_Unknown
SRR24842838|A/anser_sp/Alaska/22-013831-003/2022|H5N1|USA-AK|2022-04-29|wild_avian|B3.2,2022-04-29,USA,AK,Anchorage,,NA,NA,,USA_AK_Anchorage
PQ710161|A/Gadwall/AL/22-041762-004-original/2022|H5N1|USA-AL|2022-12-10|wild_avian|B3.2,2022-12-10,USA,AL,Unknown,,NA,NA,,USA_AL_Unknown
PQ717345|A/Snow_goose/AL/22-041764-001-original/2022|H5N1|USA-AL|2022-12-20|wild_avian|B3.2,2022-12-20,USA,AL,Unknown,,NA,NA,,USA_AL_Unknown
PQ717353|A/Snow_goose/AR/22-038202-001-original/2022|H5N1|USA-AR|2022-11-25|wild_avian|B3.2,2022-11-25,USA,AR,Lawrence,,NA,NA,,USA_AR_Lawrence
PQ714729|A/Northern_shoveler/AR/23-002690-001-original/2023|H5N1|USA-AR|2023-01-14|wild_avian|B3.2,2023-01-14,USA,AR,Lonoke,,NA,NA,,USA_AR_Lonoke
EPI_ISL_16297378|A/chicken/Arkansas/22-031676-001/2022|H5N1|USA-AR|2022-10-06|domestic_avian|B3.2,2022-10-06,USA,AR,Madison,,NA,NA,,USA_AR_Madison
PQ717369|A/Snow_goose/AR/22-039436-012-original/2022|H5N1|USA-AR|2022-11-29|wild_avian|B3.2,2022-11-29,USA,AR,Unknown,,NA,NA,,USA_AR_Unknown
PQ717377|A/Snow_goose/AR/23-001513-001-original/2023|H5N1|USA-AR|2023-01-06|wild_avian|B3.2,2023-01-06,USA,AR,Unknown,,NA,NA,,USA_AR_Unknown
EPI_ISL_16297360|A/chicken/Arkansas/22-032566-001/2022|H5N1|USA-AR|2022-10-13|domestic_avian|B3.2,2022-10-13,USA,AR,Pope,,NA,NA,,USA_AR_Pope
PQ714969|A/Pelican/AZ/22-038234-003-original/2022|H5N1|USA-AZ|2022-10-15|wild_avian|B3.2,2022-10-15,USA,AZ,Maricopa,,NA,NA,,USA_AZ_Maricopa
PQ707097|A/Canada_goose/AZ/23-002260-001-original/2023|H5N1|USA-AZ|2023-01-09|wild_avian|B3.2,2023-01-09,USA,AZ,Coconino,,NA,NA,,USA_AZ_Coconino
EPI_ISL_16297070|A/chicken/Arizona/22-035006-002/2022|H5N1|USA-AZ|2022-11-01|domestic_avian|B3.2,2022-11-01,USA,AZ,Yavapai,,NA,NA,,USA_AZ_Yavapai
PQ714961|A/Pelican/AZ/22-038234-002-original/2022|H5N1|USA-AZ|2022-10-15|wild_avian|B3.2,2022-10-15,USA,AZ,Unknown,,NA,NA,,USA_AZ_Unknown
PQ707105|A/Canada_goose/AZ/23-005233-001-original/2023|H5N1|USA-AZ|2023-01-23|wild_avian|B3.2,2023-01-23,USA,AZ,Unknown,,NA,NA,,USA_AZ_Unknown
PQ701953|A/American_white_Pelican/CA/22-035596-001-original/2022|H5N1|USA-CA|2022-10-27|wild_avian|B3.2,2022-10-27,USA,CA,San Diego,,NA,NA,,USA_CA_San Diego
PQ709961|A/Eared_grebe/CA/23-000276-003-original/2022|H5N1|USA-CA|2022-12-15|wild_avian|B3.2,2022-12-15,USA,CA,Lassen,,NA,NA,,USA_CA_Lassen
PQ718945|A/Turkey_Vulture/CA/23-002030-001-original/2022|H5N1|USA-CA|2022-12-29|wild_avian|B3.2,2022-12-29,USA,CA,Butte,,NA,NA,,USA_CA_Butte
PQ715713|A/Red-tailed_hawk/CA/23-004363-001-original/2023|H5N1|USA-CA|2023-01-25|wild_avian|B3.2,2023-01-25,USA,CA,Sacramento,,NA,NA,,USA_CA_Sacramento
EPI_ISL_16297067|A/Muscovy_duck/California/22-034335-001/2022|H5N1|USA-CA|2022-10-16|wild_avian|B3.2,2022-10-16,USA,CA,Fresno,,NA,NA,,USA_CA_Fresno
PQ717441|A/Snow_goose/CA/22-041406-001-original/2022|H5N1|USA-CA|2022-11-28|wild_avian|B3.2,2022-11-28,USA,CA,Unknown,,NA,NA,,USA_CA_Unknown
SRR28834940|A/Snow_Goose/CA/24-004881-002-original/2024|H5N1|USA-CA|2024-01-18|wild_avian|B3.2,2024-01-18,USA,CA,Unknown,,NA,NA,,USA_CA_Unknown
SRR32006912|A/chicken/CA/24-038987-002-original/2024|H5N1|USA-CA|2024-12-26|domestic_avian|B3.2,2024-12-26,USA,CA,Unknown,,NA,NA,,USA_CA_Unknown
EPI_ISL_16271861|A/Pekin_duck/California/22-036722-001/2022|H5N1|USA-CA|2022-11-14|domestic_avian|B3.2,2022-11-14,USA,CA,Fresno,,NA,NA,,USA_CA_Fresno
PQ717521|A/Snow_goose/CA/23-002594-003-original/2023|H5N1|USA-CA|2023-01-10|wild_avian|B3.2,2023-01-10,USA,CA,Unknown,,NA,NA,,USA_CA_Unknown
EPI_ISL_17964878|A/red-tailed_hawk/California/23-006644-003/2023|H5N1|USA-CA|2023-02-14|wild_avian|B3.2,2023-02-14,USA,CA,Sonoma,,NA,NA,,USA_CA_Sonoma
EPI_ISL_17964933|A/peregrine_falcon/California/23-011277-001/2023|H5N1|USA-CA|2023-03-30|wild_avian|B3.2,2023-03-30,USA,CA,San Mateo,,NA,NA,,USA_CA_San Mateo
SRR28834929|A/Snow_Goose/CA/24-004881-004-original/2024|H5N1|USA-CA|2024-01-18|wild_avian|B3.2,2024-01-18,USA,CA,Unknown,,NA,NA,,USA_CA_Unknown
EPI_ISL_17964856|A/sanderling/California/23-005401-001/2023|H5N1|USA-CA|2023-02-14|wild_avian|B3.2,2023-02-14,USA,CA,San Francisco,,NA,NA,,USA_CA_San Francisco
PQ707545|A/Canada_goose/CO/22-038655-001-original/2022|H5N1|USA-CO|2022-11-28|wild_avian|B3.2,2022-11-28,USA,CO,Weld,,NA,NA,,USA_CO_Weld
PQ707609|A/Canada_goose/CO/23-000399-001-original/2022|H5N1|USA-CO|2022-12-30|wild_avian|B3.2,2022-12-30,USA,CO,Larimer,,NA,NA,,USA_CO_Larimer
PQ715865|A/Red-tailed_hawk/CO/23-000403-001-original/2023|H5N1|USA-CO|2023-01-01|wild_avian|B3.2,2023-01-01,USA,CO,Larimer,,NA,NA,,USA_CO_Larimer
PQ715953|A/Red-tailed_hawk/CO/23-004223-001-original/2023|H5N1|USA-CO|2023-01-31|wild_avian|B3.2,2023-01-31,USA,CO,Larimer,,NA,NA,,USA_CO_Larimer
EPI_ISL_17964882|A/red-tailed_hawk/Colorado/23-006671-001/2023|H5N1|USA-CO|2023-02-18|wild_avian|B3.2,2023-02-18,USA,CO,Mesa,,NA,NA,,USA_CO_Mesa
EPI_ISL_17964906|A/red-tailed_hawk/Colorado/23-008901-001/2023|H5N1|USA-CO|2023-03-15|wild_avian|B3.2,2023-03-15,USA,CO,Logan,,NA,NA,,USA_CO_Logan
EPI_ISL_17964934|A/turkey_vulture/Colorado/23-011447-001/2023|H5N1|USA-CO|2023-04-10|wild_avian|B3.2,2023-04-10,USA,CO,Larimer,,NA,NA,,USA_CO_Larimer
EPI_ISL_16297358|A/chicken/Colorado/22-032670-001/2022|H5N1|USA-CO|2022-10-10|domestic_avian|B3.2,2022-10-10,USA,CO,Larimer,,NA,NA,,USA_CO_Larimer
PQ717545|A/Snow_goose/CO/22-037670-001-original/2022|H5N1|USA-CO|2022-11-16|wild_avian|B3.2,2022-11-16,USA,CO,Unknown,,NA,NA,,USA_CO_Unknown
PQ707593|A/Canada_goose/CO/22-042169-001-original/2022|H5N1|USA-CO|2022-12-27|wild_avian|B3.2,2022-12-27,USA,CO,Unknown,,NA,NA,,USA_CO_Unknown
EPI_ISL_17964858|A/Cooper_s_s_hawk/Colorado/23-005617-001/2023|H5N1|USA-CO|2023-02-14|wild_avian|B3.2,2023-02-14,USA,CO,Unknown,,NA,NA,,USA_CO_Unknown
PQ715737|A/Red-tailed_hawk/CO/22-029818-001-original-repeat/2022|H5N1|USA-CO|2022-09-19|wild_avian|B3.2,2022-09-19,USA,CO,Unknown,,NA,NA,,USA_CO_Unknown
PQ716913|A/Ring-billed_gull/CO/22-030941-001-original/2022|H5N1|USA-CO|2022-09-28|wild_avian|B3.2,2022-09-28,USA,CO,Unknown,,NA,NA,,USA_CO_Unknown
EPI_ISL_16297365|A/chicken/Colorado/22-032233-001/2022|H5N1|USA-CO|2022-10-10|domestic_avian|B3.2,2022-10-10,USA,CO,Weld,,NA,NA,,USA_CO_Weld
EPI_ISL_17964907|A/great_horned_owl/Colorado/23-007822-001/2023|H5N1|USA-CO|2023-03-03|wild_avian|B3.2,2023-03-03,USA,CO,Moffat,,NA,NA,,USA_CO_Moffat
EPI_ISL_19490439|A/ferruginous_hawk/Colorado/23-015630-001-original/2023|H5N1|USA-CO|2023-05-12|wild_avian|B3.2,2023-05-12,USA,CO,Denver,,NA,NA,,USA_CO_Denver
EPI_ISL_19490418|A/mallard/Connecticut/23-004773-001-original2/2023|H5N1|USA-CT|2023-02-06|wild_avian|B3.2,2023-02-06,USA,CT,New London,,NA,NA,,USA_CT_New London
PQ715121|A/Peregrine_falcon/FL/22-035514-001-original/2022|H5N1|USA-FL|2022-10-29|wild_avian|B3.2,2022-10-29,USA,FL,Polk,,NA,NA,,USA_FL_Polk
PQ709697|A/Double-crested_Cormorant/FL/22-036552-001-original/2022|H5N1|USA-FL|2022-11-03|wild_avian|B3.2,2022-11-03,USA,FL,Orange,,NA,NA,,USA_FL_Orange
PQ701337|A/American_coot/FL/23-002762-015-original/2022|H5N1|USA-FL|2022-12-19|wild_avian|B3.2,2022-12-19,USA,FL,Brevard,,NA,NA,,USA_FL_Brevard
EPI_ISL_16297133|A/chicken/Florida/22-033923-001/2022|H5N1|USA-FL|2022-10-20|domestic_avian|B3.2,2022-10-20,USA,FL,Lake,,NA,NA,,USA_FL_Lake
PQ719905|A/black_skimmer/FL/22-036966-001-original/2022|H5N1|USA-FL|2022-11-04|wild_avian|B3.2,2022-11-04,USA,FL,Unknown,,NA,NA,,USA_FL_Unknown
PQ710449|A/Gannet/FL/23-002762-022-original/2022|H5N1|USA-FL|2022-12-30|wild_avian|B3.2,2022-12-30,USA,FL,Unknown,,NA,NA,,USA_FL_Unknown
PQ701681|A/American_green-winged_teal/GA/22-038443-007-original/2022|H5N1|USA-GA|2022-11-19|wild_avian|B3.2,2022-11-19,USA,GA,Unknown,,NA,NA,,USA_GA_Unknown
PQ707753|A/Canada_goose/IA/22-040793-004-original/2022|H5N1|USA-IA|2022-12-06|wild_avian|B3.2,2022-12-06,USA,IA,Woodbury,,NA,NA,,USA_IA_Woodbury
PQ701393|A/American_crow/IA/23-000627-006-original/2023|H5N1|USA-IA|2023-01-05|wild_avian|B3.2,2023-01-05,USA,IA,Black Hawk,,NA,NA,,USA_IA_Black Hawk
PQ718729|A/Trumpeter_Swan/IA/23-002039-002-original/2023|H5N1|USA-IA|2023-01-12|wild_avian|B3.2,2023-01-12,USA,IA,Story,,NA,NA,,USA_IA_Story
PQ701969|A/American_white_Pelican/IA/22-021277-001-original/2022|H5N1|USA-IA|2022-07-01|wild_avian|B3.2,2022-07-01,USA,IA,Unknown,,NA,NA,,USA_IA_Unknown
PQ701977|A/American_white_Pelican/IA/22-022114-001-original/2022|H5N1|USA-IA|2022-07-01|wild_avian|B3.2,2022-07-01,USA,IA,Unknown,,NA,NA,,USA_IA_Unknown
PQ705697|A/Blue-winged_teal/IA/22-034304-005-original-repeat2/2022|H5N1|USA-IA|2022-10-22|wild_avian|B3.2,2022-10-22,USA,IA,Unknown,,NA,NA,,USA_IA_Unknown
PQ701697|A/American_green-winged_teal/IA/22-034928-001-original-repeat2/2022|H5N1|USA-IA|2022-10-16|wild_avian|B3.2,2022-10-16,USA,IA,Unknown,,NA,NA,,USA_IA_Unknown
PQ707721|A/Canada_goose/IA/22-040790-001-original/2022|H5N1|USA-IA|2022-12-07|wild_avian|B3.2,2022-12-07,USA,IA,Unknown,,NA,NA,,USA_IA_Unknown
OQ962748|A/Peregrine_Falcon/Iowa/22-012093-001/2022|H5N1|USA-IA|2022-04-15|wild_avian|B3.2,2022-04-15,USA,IA,Louisa,,NA,NA,,USA_IA_Louisa
EPI_ISL_13052721|A/fox/Iowa/22-014421-001/2022|H5N1|USA-IA|2022-05-06|other_mammal|B3.2,2022-05-06,USA,IA,Hancock,,NA,NA,,USA_IA_Hancock
EPI_ISL_17964890|A/American_crow/Iowa/23-007468-001/2023|H5N1|USA-IA|2023-03-02|wild_avian|B3.2,2023-03-02,USA,IA,Story,,NA,NA,,USA_IA_Story
EPI_ISL_17964893|A/American_crow/Iowa/23-007781-002/2023|H5N1|USA-IA|2023-03-05|wild_avian|B3.2,2023-03-05,USA,IA,Story,,NA,NA,,USA_IA_Story
EPI_ISL_17964923|A/American_crow/Iowa/23-010832-002/2023|H5N1|USA-IA|2023-04-04|wild_avian|B3.2,2023-04-04,USA,IA,Black Hawk,,NA,NA,,USA_IA_Black Hawk
EPI_ISL_17964928|A/hawk/Iowa/23-011213-001/2023|H5N1|USA-IA|2023-04-10|wild_avian|B3.2,2023-04-10,USA,IA,Boone,,NA,NA,,USA_IA_Boone
PQ719065|A/Turkey_Vulture/ID/22-014968-007-original/2022|H5N1|USA-ID|2022-05-05|wild_avian|B3.2,2022-05-05,USA,ID,Bonneville,,NA,NA,,USA_ID_Bonneville
PQ707841|A/Canada_goose/ID/22-018980-001-original/2022|H5N1|USA-ID|2022-06-04|wild_avian|B3.2,2022-06-04,USA,ID,Ada,,NA,NA,,USA_ID_Ada
PQ717577|A/Snow_goose/ID/22-038611-002-original/2022|H5N1|USA-ID|2022-11-18|wild_avian|B3.2,2022-11-18,USA,ID,Canyon,,NA,NA,,USA_ID_Canyon
EPI_ISL_17260689|A/skunk/Idaho/22-023547-001/2022|H5N1|USA-ID|2022-07-22|other_mammal|B3.2,2022-07-22,USA,ID,Ada,,NA,NA,,USA_ID_Ada
EPI_ISL_17964927|A/great_horned_owl/Idaho/23-011169-003/2023|H5N1|USA-ID|2023-03-28|wild_avian|B3.2,2023-03-28,USA,ID,Ada,,NA,NA,,USA_ID_Ada
EPI_ISL_16244005|A/chicken/Idaho/22-015408-001/2022|H5N1|USA-ID|2022-05-17|domestic_avian|B3.2,2022-05-17,USA,ID,Ada,,NA,NA,,USA_ID_Ada
PQ701705|A/American_green-winged_teal/ID/22-034533-007-original-repeat2/2022|H5N1|USA-ID|2022-10-01|wild_avian|B3.2,2022-10-01,USA,ID,Unknown,,NA,NA,,USA_ID_Unknown
PQ702289|A/American_wigeon/ID/22-036873-001-original/2022|H5N1|USA-ID|2022-10-26|wild_avian|B3.2,2022-10-26,USA,ID,Unknown,,NA,NA,,USA_ID_Unknown
PQ712905|A/Magpie/ID/23-001085-001-original/2023|H5N1|USA-ID|2023-01-04|wild_avian|B3.2,2023-01-04,USA,ID,Unknown,,NA,NA,,USA_ID_Unknown
EPI_ISL_17964949|A/barn_owl/Idaho/23-013072-001/2023|H5N1|USA-ID|2023-04-18|wild_avian|B3.2,2023-04-18,USA,ID,Ada,,NA,NA,,USA_ID_Ada
EPI_ISL_17260680|A/skunk/Idaho/22-018976-004/2022|H5N1|USA-ID|2022-06-06|other_mammal|B3.2,2022-06-06,USA,ID,Latah,,NA,NA,,USA_ID_Latah
EPI_ISL_16271835|A/striped_skunk/Idaho/22-037165-002/2022|H5N1|USA-ID|2022-11-04|other_mammal|B3.2,2022-11-04,USA,ID,Jefferson,,NA,NA,,USA_ID_Jefferson
EPI_ISL_17964950|A/barn_owl/Idaho/23-013072-002/2023|H5N1|USA-ID|2023-04-18|wild_avian|B3.2,2023-04-18,USA,ID,Ada,,NA,NA,,USA_ID_Ada
EPI_ISL_17964981|A/great_horned_owl/Idaho/23-017158-001/2023|H5N1|USA-ID|2023-05-20|wild_avian|B3.2,2023-05-20,USA,ID,Bonneville,,NA,NA,,USA_ID_Bonneville
EPI_ISL_16243651|A/chicken/Illinois/22-015233-006/2022|H5N1|USA-IL|2022-05-14|domestic_avian|B3.2,2022-05-14,USA,IL,Boone,,NA,NA,,USA_IL_Boone
PQ702001|A/American_white_Pelican/IL/22-013436-001-original/2022|H5N1|USA-IL|2022-04-25|wild_avian|B3.2,2022-04-25,USA,IL,Unknown,,NA,NA,,USA_IL_Unknown
PQ702009|A/American_white_Pelican/IL/22-021276-001-original/2022|H5N1|USA-IL|2022-07-01|wild_avian|B3.2,2022-07-01,USA,IL,Unknown,,NA,NA,,USA_IL_Unknown
PQ713273|A/Mallard/IN/22-034829-007-original-repeat2/2022|H5N1|USA-IN|2022-10-28|wild_avian|B3.2,2022-10-28,USA,IN,Jasper,,NA,NA,,USA_IN_Jasper
PQ717601|A/Snow_goose/IN/22-038827-003-original-repeat/2022|H5N1|USA-IN|2022-11-23|wild_avian|B3.2,2022-11-23,USA,IN,Gibson,,NA,NA,,USA_IN_Gibson
PQ717633|A/Snow_goose/IN/22-038827-008-original-repeat/2022|H5N1|USA-IN|2022-11-23|wild_avian|B3.2,2022-11-23,USA,IN,Gibson,,NA,NA,,USA_IN_Gibson
PQ701713|A/American_green-winged_teal/IN/22-029725-007-original-repeat/2022|H5N1|USA-IN|2022-09-10|wild_avian|B3.2,2022-09-10,USA,IN,Unknown,,NA,NA,,USA_IN_Unknown
PQ715137|A/Peregrine_falcon/IN/22-032710-001-original/2022|H5N1|USA-IN|2022-10-07|wild_avian|B3.2,2022-10-07,USA,IN,Unknown,,NA,NA,,USA_IN_Unknown
PQ712401|A/Hawk/IN/23-003026-001-original/2023|H5N1|USA-IN|2023-01-23|wild_avian|B3.2,2023-01-23,USA,IN,Unknown,,NA,NA,,USA_IN_Unknown
PQ717705|A/Snow_goose/KS/22-039690-007-original/2022|H5N1|USA-KS|2022-11-27|wild_avian|B3.2,2022-11-27,USA,KS,Kearny,,NA,NA,,USA_KS_Kearny
PQ720257|A/great-tailed_grackle/KS/22-041130-006-original/2022|H5N1|USA-KS|2022-12-13|wild_avian|B3.2,2022-12-13,USA,KS,Finney,,NA,NA,,USA_KS_Finney
EPI_ISL_17373141|A/goose/Kansas/W22-1154/2022|H5N1|USA-KS|2022-12-05|domestic_avian|B3.2,2022-12-05,USA,KS,Rooks,,NA,NA,,USA_KS_Rooks
PQ717073|A/Ross_s_goose/KS/22-041130-002-original/2022|H5N1|USA-KS|2022-11-29|wild_avian|B3.2,2022-11-29,USA,KS,Unknown,,NA,NA,,USA_KS_Unknown
EPI_ISL_17964913|A/red-tailed_hawk/Kansas/23-009211-001/2023|H5N1|USA-KS|2023-03-15|wild_avian|B3.2,2023-03-15,USA,KS,Marshall,,NA,NA,,USA_KS_Marshall
EPI_ISL_17424646|A/striped_skunk/Kansas/W23-094/2023|H5N1|USA-KS|2023-01-27|other_mammal|B3.2,2023-01-27,USA,KS,Rawlins,,NA,NA,,USA_KS_Rawlins
PQ715033|A/Pelican/KS/22-036624-001-original-repeat/2022|H5N1|USA-KS|2022-10-17|wild_avian|B3.2,2022-10-17,USA,KS,Unknown,,NA,NA,,USA_KS_Unknown
PQ715601|A/Red-shouldered_hawk/KY/23-006092-002-original/2023|H5N1|USA-KY|2023-12-22|wild_avian|B3.2,2023-12-22,USA,KY,Unknown,,NA,NA,,USA_KY_Unknown
EPI_ISL_17424631|A/red-tailed_hawk/Kentucky/W23-143/2022|H5N1|USA-KY|2022-12-22|wild_avian|B3.2,2022-12-22,USA,KY,Henderson,,NA,NA,,USA_KY_Henderson
PQ705761|A/Blue-winged_teal/LA/22-033477-003-original/2022|H5N1|USA-LA|2022-09-20|wild_avian|B3.2,2022-09-20,USA,LA,Jefferson Davis,,NA,NA,,USA_LA_Jefferson Davis
PQ717777|A/Snow_goose/LA/22-039688-009-original/2022|H5N1|USA-LA|2022-11-30|wild_avian|B3.2,2022-11-30,USA,LA,Calcasieu,,NA,NA,,USA_LA_Calcasieu
PQ701721|A/American_green-winged_teal/LA/22-041760-007-original/2022|H5N1|USA-LA|2022-12-17|wild_avian|B3.2,2022-12-17,USA,LA,LaSalle,,NA,NA,,USA_LA_LaSalle
PQ720081|A/goose/LA/23-000409-006-original/2022|H5N1|USA-LA|2022-12-02|domestic_avian|B3.2,2022-12-02,USA,LA,Morehouse,,NA,NA,,USA_LA_Morehouse
PQ714705|A/Northern_pintail/LA/22-039392-003-original-repeat/2022|H5N1|USA-LA|2022-11-28|wild_avian|B3.2,2022-11-28,USA,LA,Unknown,,NA,NA,,USA_LA_Unknown
EPI_ISL_17690225|A/duck/Louisiana/UGAI22-3889/2022|H5N1|USA-LA|2022-09-23|domestic_avian|B3.2,2022-09-23,USA,LA,Unknown,,NA,NA,,USA_LA_Unknown
EPI_ISL_16297332|A/goose/Louisiana/22-033391-001/2022|H5N1|USA-LA|2022-10-14|domestic_avian|B3.2,2022-10-14,USA,LA,Ouachita,,NA,NA,,USA_LA_Ouachita
SRR29740507|A/canada_goose/Massachusetts/23-015884-019/2023||USA-MA|2023-03-30|wild_avian|B3.2,2023-03-30,USA,MA,Suffolk,,NA,NA,,USA_MA_Suffolk
EPI_ISL_19736845|A/canada_goose/Massachusetts/015884-006/2023|H5N1|USA-MA|2023-02-18|wild_avian|B3.2,2023-02-18,USA,MA,Worcester,Whitinsville,NA,NA,,USA_MA_Worcester
EPI_ISL_19736766|A/canada_goose/Massachusetts/015884-009/2023|H5N1|USA-MA|2023-02-23|wild_avian|B3.2,2023-02-23,USA,MA,Hampshire,Easthampton,NA,NA,,USA_MA_Hampshire
EPI_ISL_19736913|A/canada_goose/Massachusetts/015884-014/2023|H5N1|USA-MA|2023-03-04|wild_avian|B3.2,2023-03-04,USA,MA,Middlesex,Somerville,NA,NA,,USA_MA_Middlesex
PQ701465|A/American_crow/MA/23-004612-017-original/2023|H5N1|USA-MA|2023-01-10|wild_avian|B3.2,2023-01-10,USA,MA,Unknown,,NA,NA,,USA_MA_Unknown
OQ960380|A/Black_Vulture/Maryland/22-012990-001/2022|H5N1|USA-MD|2022-04-26|wild_avian|B3.2,2022-04-26,USA,MD,Unknown,,NA,NA,,USA_MD_Unknown
PQ713329|A/Mallard/ME/22-041145-001-original/2022|H5N1|USA-ME|2022-12-14|wild_avian|B3.2,2022-12-14,USA,ME,Penobscot,,NA,NA,,USA_ME_Penobscot
PQ712769|A/Hooded_Merganser/ME/23-004172-002-original/2023|H5N1|USA-ME|2023-02-02|wild_avian|B3.2,2023-02-02,USA,ME,Kennebec,,NA,NA,,USA_ME_Kennebec
PQ713321|A/Mallard/ME/22-040719-016-original/2022|H5N1|USA-ME|2022-12-09|wild_avian|B3.2,2022-12-09,USA,ME,Unknown,,NA,NA,,USA_ME_Unknown
PQ712785|A/Hooded_Merganser/ME/23-004172-006-original/2023|H5N1|USA-ME|2023-01-31|wild_avian|B3.2,2023-01-31,USA,ME,Unknown,,NA,NA,,USA_ME_Unknown
EPI_ISL_19490438|A/chicken/Michigan/23-008143-002-original/2023|H5N1|USA-MI|2023-03-10|domestic_avian|B3.2,2023-03-10,USA,MI,Eaton,,NA,NA,,USA_MI_Eaton
PQ715201|A/Peregrine_falcon/MI/23-003553-001-original/2023|H5N1|USA-MI|2023-01-26|wild_avian|B3.2,2023-01-26,USA,MI,Unknown,,NA,NA,,USA_MI_Unknown
OQ958516|A/Backyard_bird/Michigan/22-012454-001/2022|H5N1|USA-MI|2022-04-22|domestic_avian|B3.2,2022-04-22,USA,MI,Menominee,,NA,NA,,USA_MI_Menominee
EPI_ISL_17260684|A/red_fox/Michigan/22-021733-002/2022|H5N1|USA-MI|2022-07-06|other_mammal|B3.2,2022-07-06,USA,MI,Muskegon,,NA,NA,,USA_MI_Muskegon
SRR24843342|A/anser_rossii/Minnesota/AH0218392/2022|H5N1|USA-MN|2022-04-14|wild_avian|B3.2,2022-04-14,USA,MN,Mahnhomen,,NA,NA,,USA_MN_Mahnhomen
EPI_ISL_15078249|A/fox/Minnesota/22-016487-001/2022|H5N1|USA-MN|2022-05-13|other_mammal|B3.2,2022-05-13,USA,MN,Itasca,,NA,NA,,USA_MN_Itasca
OQ966052|A/Turkey/Minnesota/22-012036-001/2022|H5N1|USA-MN|2022-04-18|domestic_avian|B3.2,2022-04-18,USA,MN,Stearns,,NA,NA,,USA_MN_Stearns
EPI_ISL_16243992|A/chicken/Minnesota/22-015398-002/2022|H5N1|USA-MN|2022-05-13|domestic_avian|B3.2,2022-05-13,USA,MN,Clay,,NA,NA,,USA_MN_Clay
PQ709577|A/Common_tern/MN/22-017940-009-original/2022|H5N1|USA-MN|2022-06-06|wild_avian|B3.2,2022-06-06,USA,MN,Unknown,,NA,NA,,USA_MN_Unknown
PQ702057|A/American_white_Pelican/MN/22-018423-001-original/2022|H5N1|USA-MN|2022-06-08|wild_avian|B3.2,2022-06-08,USA,MN,Unknown,,NA,NA,,USA_MN_Unknown
PQ718753|A/Trumpeter_Swan/MN/22-026969-002-original/2022|H5N1|USA-MN|2022-08-29|wild_avian|B3.2,2022-08-29,USA,MN,Unknown,,NA,NA,,USA_MN_Unknown
PQ719721|A/Wood_Duck/MN/22-032745-002-original-repeat/2022|H5N1|USA-MN|2022-08-25|wild_avian|B3.2,2022-08-25,USA,MN,Unknown,,NA,NA,,USA_MN_Unknown
EPI_ISL_16297135|A/turkey/Minnesota/22-033929-001/2022|H5N1|USA-MN|2022-10-23|domestic_avian|B3.2,2022-10-23,USA,MN,Swift,,NA,NA,,USA_MN_Swift
PQ718761|A/Trumpeter_Swan/MN/22-037438-001-original/2022|H5N1|USA-MN|2022-11-17|wild_avian|B3.2,2022-11-17,USA,MN,Unknown,,NA,NA,,USA_MN_Unknown
PQ701745|A/American_green-winged_teal/MN/23-013078-030-original/2022|H5N1|USA-MN|2022-09-17|wild_avian|B3.2,2022-09-17,USA,MN,Unknown,,NA,NA,,USA_MN_Unknown
OQ957668|A/American_Crow/Minnesota/22-009668-001/2022|H5N1|USA-MN|2022-03-29|wild_avian|B3.2,2022-03-29,USA,MN,Dakota,,NA,NA,,USA_MN_Dakota
EPI_ISL_17964919|A/red-tailed_hawk/Minnesota/23-010018-001/2023|H5N1|USA-MN|2023-03-26|wild_avian|B3.2,2023-03-26,USA,MN,Wright,,NA,NA,,USA_MN_Wright
PQ702081|A/American_white_Pelican/MN/22-023116-001-original/2022|H5N1|USA-MN|2022-07-19|wild_avian|B3.2,2022-07-19,USA,MN,Unknown,,NA,NA,,USA_MN_Unknown
PQ719105|A/Turkey_Vulture/MN/22-031157-002-original/2022|H5N1|USA-MN|2022-09-29|wild_avian|B3.2,2022-09-29,USA,MN,Unknown,,NA,NA,,USA_MN_Unknown
EPI_ISL_16297129|A/turkey/Minnesota/22-034260-001/2022|H5N1|USA-MN|2022-10-25|domestic_avian|B3.2,2022-10-25,USA,MN,Le Sueur,,NA,NA,,USA_MN_Le Sueur
EPI_ISL_16271859|A/turkey/Minnesota/22-036547-001/2022|H5N1|USA-MN|2022-11-13|domestic_avian|B3.2,2022-11-13,USA,MN,Otter Tail,,NA,NA,,USA_MN_Otter Tail
PQ708193|A/Canada_goose/MN/22-041306-001-original/2022|H5N1|USA-MN|2022-12-19|wild_avian|B3.2,2022-12-19,USA,MN,Unknown,,NA,NA,,USA_MN_Unknown
PQ711593|A/Great_horned_owl/MN/22-041884-001-original/2022|H5N1|USA-MN|2022-12-07|wild_avian|B3.2,2022-12-07,USA,MN,Unknown,,NA,NA,,USA_MN_Unknown
SRR24839471|A/haliaeetus_leucocephalus/Minnesota/AH0144539/2022|H5N1|USA-MN|2022-03-20|wild_avian|B3.2,2022-03-20,USA,MN,Unknown,,NA,NA,,USA_MN_Unknown
PQ718769|A/Trumpeter_Swan/MO/22-040427-001-original/2022|H5N1|USA-MO|2022-12-01|wild_avian|B3.2,2022-12-01,USA,MO,Holt,,NA,NA,,USA_MO_Holt
PQ716361|A/Red-tailed_hawk/MO/23-001518-001-original/2022|H5N1|USA-MO|2022-12-21|wild_avian|B3.2,2022-12-21,USA,MO,St. Louis,,NA,NA,,USA_MO_St. Louis
EPI_ISL_16271826|A/turkey/Missouri/22-038012-001/2022|H5N1|USA-MO|2022-11-24|domestic_avian|B3.2,2022-11-24,USA,MO,Webster,,NA,NA,,USA_MO_Webster
EPI_ISL_19490458|A/chicken/Missouri/23-008296-003-original/2023|H5N1|USA-MO|2023-03-14|domestic_avian|B3.2,2023-03-14,USA,MO,Maries,,NA,NA,,USA_MO_Maries
PQ701273|A/American_Blue-winged_teal/MO/22-032511-101-original-repeat/2022|H5N1|USA-MO|2022-09-23|wild_avian|B3.2,2022-09-23,USA,MO,Unknown,,NA,NA,,USA_MO_Unknown
PQ717897|A/Snow_goose/MO/22-038564-002-original/2022|H5N1|USA-MO|2022-11-23|wild_avian|B3.2,2022-11-23,USA,MO,Unknown,,NA,NA,,USA_MO_Unknown
PQ717985|A/Snow_goose/MS/22-038821-004-original/2022|H5N1|USA-MS|2022-11-23|wild_avian|B3.2,2022-11-23,USA,MS,Tallahatchie,,NA,NA,,USA_MS_Tallahatchie
PQ718017|A/Snow_goose/MS/22-038821-010-original/2022|H5N1|USA-MS|2022-11-23|wild_avian|B3.2,2022-11-23,USA,MS,Tallahatchie,,NA,NA,,USA_MS_Tallahatchie
EPI_ISL_19490462|A/chicken/Mississippi/23-008358-002-original/2023|H5N1|USA-MS|2023-03-15|domestic_avian|B3.2,2023-03-15,USA,MS,Monroe,,NA,NA,,USA_MS_Monroe
PQ712865|A/Lesser_white-fronted_Goose/MS/22-041057-001-original/2022|H5N1|USA-MS|2022-12-08|wild_avian|B3.2,2022-12-08,USA,MS,Unknown,,NA,NA,,USA_MS_Unknown
PQ720265|A/greater_scaup/MT/23-001334-001-original/2023|H5N1|USA-MT|2023-01-06|wild_avian|B3.2,2023-01-06,USA,MT,Gallatin,,NA,NA,,USA_MT_Gallatin
EPI_ISL_16297340|A/chicken/Montana/22-033348-001/2022|H5N1|USA-MT|2022-10-18|domestic_avian|B3.2,2022-10-18,USA,MT,Hill,,NA,NA,,USA_MT_Hill
EPI_ISL_17964939|A/great_horned_owl/Montana/23-011850-001/2023|H5N1|USA-MT|2023-04-12|wild_avian|B3.2,2023-04-12,USA,MT,Gallatin,,NA,NA,,USA_MT_Gallatin
EPI_ISL_17964974|A/Cooper_s_hawk/Montana/23-016105-001/2023|H5N1|USA-MT|2023-04-16|wild_avian|B3.2,2023-04-16,USA,MT,Cascade,,NA,NA,,USA_MT_Cascade
PQ718777|A/Trumpeter_Swan/MT/22-030263-001-original/2022|H5N1|USA-MT|2022-09-16|wild_avian|B3.2,2022-09-16,USA,MT,Unknown,,NA,NA,,USA_MT_Unknown
PQ706313|A/Blue-winged_teal/MT/22-031163-004-original-repeat/2022|H5N1|USA-MT|2022-09-24|wild_avian|B3.2,2022-09-24,USA,MT,Unknown,,NA,NA,,USA_MT_Unknown
PQ708265|A/Canada_goose/MT/22-033859-002-original/2022|H5N1|USA-MT|2022-10-20|wild_avian|B3.2,2022-10-20,USA,MT,Unknown,,NA,NA,,USA_MT_Unknown
PQ716385|A/Red-tailed_hawk/MT/22-036316-001-original/2022|H5N1|USA-MT|2022-11-09|wild_avian|B3.2,2022-11-09,USA,MT,Unknown,,NA,NA,,USA_MT_Unknown
PQ713561|A/Mallard/MT/22-039947-005-original/2022|H5N1|USA-MT|2022-12-02|wild_avian|B3.2,2022-12-02,USA,MT,Unknown,,NA,NA,,USA_MT_Unknown
PQ715513|A/Raven/MT/23-003666-002-original/2023|H5N1|USA-MT|2023-01-30|wild_avian|B3.2,2023-01-30,USA,MT,Unknown,,NA,NA,,USA_MT_Unknown
OQ963444|A/Ross_s_goose/North_Dakota/22-009481-019/2022|H5N1|USA-NC|2022-03-23|wild_avian|B3.2,2022-03-23,USA,ND,Foster,,NA,NA,,USA_ND_Foster
PQ708281|A/Canada_goose/NC/22-036623-001-original-repeat2/2022|H5N1|USA-NC|2022-10-30|wild_avian|B3.2,2022-10-30,USA,NC,Unknown,,NA,NA,,USA_NC_Unknown
EPI_ISL_17373074|A/duck/North_Carolina/W22-1114A/2022|H5N1|USA-NC|2022-12-01|domestic_avian|B3.2,2022-12-01,USA,NC,Unknown,,NA,NA,,USA_NC_Unknown
PQ718233|A/Snow_goose/ND/22-013421-001-original/2022|H5N1|USA-ND|2022-04-28|wild_avian|B3.2,2022-04-28,USA,ND,Towner,,NA,NA,,USA_ND_Towner
PQ701529|A/American_crow/ND/22-014532-001-original/2022|H5N1|USA-ND|2022-05-05|wild_avian|B3.2,2022-05-05,USA,ND,Stutsman,,NA,NA,,USA_ND_Stutsman
EPI_ISL_16297071|A/chicken/North_Dakota/22-035070-001/2022|H5N1|USA-ND|2022-11-01|domestic_avian|B3.2,2022-11-01,USA,ND,Bottineau,,NA,NA,,USA_ND_Bottineau
PQ708313|A/Canada_goose/ND/23-002238-004-original/2022|H5N1|USA-ND|2022-11-29|wild_avian|B3.2,2022-11-29,USA,ND,Unknown,,NA,NA,,USA_ND_Unknown
EPI_ISL_16171251|A/turkey/North_Dakota/22-012099-002/2022|H5N1|USA-ND|2022-04-19|domestic_avian|B3.2,2022-04-19,USA,ND,Richland,,NA,NA,,USA_ND_Richland
PQ711641|A/Great_horned_owl/ND/22-014030-001-original/2022|H5N1|USA-ND|2022-05-02|wild_avian|B3.2,2022-05-02,USA,ND,Unknown,,NA,NA,,USA_ND_Unknown
PQ711673|A/Great_horned_owl/ND/22-032264-001-original/2022|H5N1|USA-ND|2022-09-28|wild_avian|B3.2,2022-09-28,USA,ND,Unknown,,NA,NA,,USA_ND_Unknown
PQ702113|A/American_white_Pelican/ND/22-032266-001-original-repeat/2022|H5N1|USA-ND|2022-09-28|wild_avian|B3.2,2022-09-28,USA,ND,Unknown,,NA,NA,,USA_ND_Unknown
PQ701793|A/American_green-winged_teal/ND/22-032267-001-original-repeat/2022|H5N1|USA-ND|2022-10-01|wild_avian|B3.2,2022-10-01,USA,ND,Unknown,,NA,NA,,USA_ND_Unknown
OQ964276|A/Snow_Goose/North_Dakota/22-009481-003/2022|H5N1|USA-NC|2022-03-23|wild_avian|B3.2,2022-03-23,USA,ND,Foster,,NA,NA,,USA_ND_Foster
PQ718649|A/Swan/NE/22-041037-001-original/2022|H5N1|USA-NE|2022-12-15|wild_avian|B3.2,2022-12-15,USA,NE,Colfax,,NA,NA,,USA_NE_Colfax
PQ718537|A/Sparrow/NE/22-033885-001-original/2022|H5N1|USA-NE|2022-10-19|wild_avian|B3.2,2022-10-19,USA,NE,Unknown,,NA,NA,,USA_NE_Unknown
PQ715265|A/Peregrine_falcon/NE/22-013518-001-original/2022|H5N1|USA-NE|2022-04-28|wild_avian|B3.2,2022-04-28,USA,NE,Unknown,,NA,NA,,USA_NE_Unknown
EPI_ISL_16297351|A/pheasant/Nebraska/22-032910-001/2022|H5N1|USA-NE|2022-10-15|domestic_avian|B3.2,2022-10-15,USA,NE,York,,NA,NA,,USA_NE_York
PQ711681|A/Great_horned_owl/NE/22-038800-001-original/2022|H5N1|USA-NE|2022-11-30|wild_avian|B3.2,2022-11-30,USA,NE,Unknown,,NA,NA,,USA_NE_Unknown
PQ718657|A/Swan/NE/22-041037-002-original/2022|H5N1|USA-NE|2022-12-15|wild_avian|B3.2,2022-12-15,USA,NE,Unknown,,NA,NA,,USA_NE_Unknown
PQ708329|A/Canada_goose/NE/23-001495-001-original/2023|H5N1|USA-NE|2023-01-10|wild_avian|B3.2,2023-01-10,USA,NE,Unknown,,NA,NA,,USA_NE_Unknown
PQ708337|A/Canada_goose/NE/23-001495-002-original/2023|H5N1|USA-NE|2023-01-10|wild_avian|B3.2,2023-01-10,USA,NE,Unknown,,NA,NA,,USA_NE_Unknown
SRR24842963|A/gallus_gallus/Nebraska/22-013105-001/2022|H5N1|USA-NE|2022-04-26|domestic_avian|B3.2,2022-04-26,USA,NE,Washington,,NA,NA,,USA_NE_Washington
EPI_ISL_16271824|A/chicken/Nebraska/22-038149-001/2022|H5N1|USA-NE|2022-11-24|domestic_avian|B3.2,2022-11-24,USA,NE,Dixon,,NA,NA,,USA_NE_Dixon
EPI_ISL_17821770|A/cat/Nebraska/23-010184-001/2023|H5N1|USA-NE|2023-03-30|feline|B3.2,2023-03-30,USA,NE,Buffalo,,NA,NA,,USA_NE_Buffalo
EPI_ISL_19490417|A/chicken/New_Hampshire/23-002392-001-original2/2023|H5N1|USA-NH|2023-01-19|domestic_avian|B3.2,2023-01-19,USA,NH,Belknap,,NA,NA,,USA_NH_Belknap
EPI_ISL_16297353|A/chicken/Nevada/22-032799-001/2022|H5N1|USA-NV|2022-10-14|domestic_avian|B3.2,2022-10-14,USA,NV,Nye,,NA,NA,,USA_NV_Nye
EPI_ISL_17964944|A/red-tailed_hawk/Nevada/23-012114-001/2023|H5N1|USA-NV|2023-03-31|wild_avian|B3.2,2023-03-31,USA,NV,Washoe,,NA,NA,,USA_NV_Washoe
PQ708353|A/Canada_goose/NV/22-033403-003-original-repeat/2022|H5N1|USA-NV|2022-09-23|wild_avian|B3.2,2022-09-23,USA,NV,Unknown,,NA,NA,,USA_NV_Unknown
PQ714777|A/Northern_shoveler/NV/22-037517-003-original/2022|H5N1|USA-NV|2022-11-05|wild_avian|B3.2,2022-11-05,USA,NV,Unknown,,NA,NA,,USA_NV_Unknown
PQ711697|A/Great_horned_owl/NV/22-040618-001-original/2022|H5N1|USA-NV|2022-12-06|wild_avian|B3.2,2022-12-06,USA,NV,Unknown,,NA,NA,,USA_NV_Unknown
PQ718369|A/Snow_goose/NY/23-000618-001-original/2023|H5N1|USA-NY|2023-01-04|wild_avian|B3.2,2023-01-04,USA,NY,Tompkins,,NA,NA,,USA_NY_Tompkins
PQ715305|A/Peregrine_falcon/NY/23-003717-001-original/2023|H5N1|USA-NY|2023-01-26|wild_avian|B3.2,2023-01-26,USA,NY,Kings,,NA,NA,,USA_NY_Kings
PQ718353|A/Snow_goose/NY/22-042013-001-original/2022|H5N1|USA-NY|2022-12-21|wild_avian|B3.2,2022-12-21,USA,NY,Unknown,,NA,NA,,USA_NY_Unknown
EPI_ISL_17964945|A/red-shouldered_hawk/New_York/23-012563-001/2023|H5N1|USA-NY|2023-04-13|wild_avian|B3.2,2023-04-13,USA,NY,Columbia,,NA,NA,,USA_NY_Columbia
OR858836|A/Canada_goose/New_York/NYCVH-23-453/2023|H5N1|USA-NY|2023-02-01|wild_avian|B3.2,2023-02-01,USA,NY,New York,,NA,NA,,USA_NY_New York
PQ701809|A/American_green-winged_teal/NY/22-033592-029-original/2022|H5N1|USA-NY|2022-10-15|wild_avian|B3.2,2022-10-15,USA,NY,Unknown,,NA,NA,,USA_NY_Unknown
PQ716513|A/Red-tailed_hawk/NY/22-042014-001-original/2022|H5N1|USA-NY|2022-12-19|wild_avian|B3.2,2022-12-19,USA,NY,Unknown,,NA,NA,,USA_NY_Unknown
PQ702337|A/American_wigeon/OH/22-034080-032-original/2022|H5N1|USA-OH|2022-10-15|wild_avian|B3.2,2022-10-15,USA,OH,Unknown,,NA,NA,,USA_OH_Unknown
OR136556|A/chicken/OH/OH22-20542-1/2022|H5N1|USA-OH|2022-09-01|domestic_avian|B3.2,2022-09-01,USA,OH,Unknown,,NA,NA,,USA_OH_Unknown
PQ706345|A/Blue-winged_teal/OK/22-029332-005-original/2022|H5N1|USA-OK|2022-09-10|wild_avian|B3.2,2022-09-10,USA,OK,Tillman,,NA,NA,,USA_OK_Tillman
PQ706369|A/Blue-winged_teal/OK/22-029332-011-original/2022|H5N1|USA-OK|2022-09-10|wild_avian|B3.2,2022-09-10,USA,OK,Tillman,,NA,NA,,USA_OK_Tillman
PQ701297|A/American_Blue-winged_teal/OK/22-032994-002-original/2022|H5N1|USA-OK|2022-10-10|wild_avian|B3.2,2022-10-10,USA,OK,Tillman,,NA,NA,,USA_OK_Tillman
EPI_ISL_16297140|A/chicken/Oklahoma/22-033558-001/2022|H5N1|USA-OK|2022-10-20|domestic_avian|B3.2,2022-10-20,USA,OK,Cleveland,,NA,NA,,USA_OK_Cleveland
PQ702361|A/American_wigeon/OR/22-033876-019-original/2022|H5N1|USA-OR|2022-10-15|wild_avian|B3.2,2022-10-15,USA,OR,Morrow,,NA,NA,,USA_OR_Morrow
PQ702401|A/American_wigeon/OR/22-035736-015-original/2022|H5N1|USA-OR|2022-10-27|wild_avian|B3.2,2022-10-27,USA,OR,Clatsop,,NA,NA,,USA_OR_Clatsop
PQ701841|A/American_green-winged_teal/OR/22-040176-004-original/2022|H5N1|USA-OR|2022-12-05|wild_avian|B3.2,2022-12-05,USA,OR,Lane,,NA,NA,,USA_OR_Lane
PQ717209|A/Sanderling/OR/23-000771-001-original/2023|H5N1|USA-OR|2023-01-03|wild_avian|B3.2,2023-01-03,USA,OR,Clatsop,,NA,NA,,USA_OR_Clatsop
PQ716601|A/Red-tailed_hawk/OR/23-001496-001-original/2022|H5N1|USA-OR|2022-12-28|wild_avian|B3.2,2022-12-28,USA,OR,Lane,,NA,NA,,USA_OR_Lane
PQ716617|A/Red-tailed_hawk/OR/23-003379-001-original/2023|H5N1|USA-OR|2023-01-20|wild_avian|B3.2,2023-01-20,USA,OR,Crook,,NA,NA,,USA_OR_Crook
EPI_ISL_16297078|A/chicken/Oregon/22-035197-001/2022|H5N1|USA-OR|2022-11-01|domestic_avian|B3.2,2022-11-01,USA,OR,Yamhill,,NA,NA,,USA_OR_Yamhill
EPI_ISL_16271840|A/chicken/Oregon/22-037712-001/2022|H5N1|USA-OR|2022-11-21|domestic_avian|B3.2,2022-11-21,USA,OR,Columbia,,NA,NA,,USA_OR_Columbia
EPI_ISL_17964904|A/sanderling/Oregon/23-008234-001/2023|H5N1|USA-OR|2023-02-04|wild_avian|B3.2,2023-02-04,USA,OR,Lane,,NA,NA,,USA_OR_Lane
EPI_ISL_17964941|A/sanderling/Oregon/23-011964-001/2023|H5N1|USA-OR|2023-04-13|wild_avian|B3.2,2023-04-13,USA,OR,Coos,,NA,NA,,USA_OR_Coos
EPI_ISL_18311014|A/Caspian_tern/Oregon/23-018836-001/2023|H5N1|USA-OR|2023-06-15|wild_avian|B3.2,2023-06-15,USA,OR,Wasco,,NA,NA,,USA_OR_Wasco
EPI_ISL_18311015|A/Caspian_tern/Oregon/23-018836-002/2023|H5N1|USA-OR|2023-06-15|wild_avian|B3.2,2023-06-15,USA,OR,Wasco,,NA,NA,,USA_OR_Wasco
SRR31301028|A/chicken/PA/24-031844-001-original/2024|H5N1|USA-PA|2024-10-28|domestic_avian|B3.2,2024-10-28,USA,PA,Unknown,,NA,NA,,USA_PA_Unknown
PQ714409|A/Mute_Swan/RI/23-007092-001-original/2023|H5N1|USA-RI|2023-02-13|wild_avian|B3.2,2023-02-13,USA,RI,Unknown,,NA,NA,,USA_RI_Unknown
PQ714225|A/Mottled_Duck/SC/22-042180-002-original/2022|H5N1|USA-SC|2022-12-16|wild_avian|B3.2,2022-12-16,USA,SC,Colleton,,NA,NA,,USA_SC_Colleton
PQ710297|A/Gadwall/SC/22-042020-005-original/2022|H5N1|USA-SC|2022-12-20|wild_avian|B3.2,2022-12-20,USA,SC,Unknown,,NA,NA,,USA_SC_Unknown
EPI_ISL_17964901|A/bald_eagle/South_Carolina/23-008111-001/2023|H5N1|USA-SC|2023-03-04|wild_avian|B3.2,2023-03-04,USA,SC,Colleton,,NA,NA,,USA_SC_Colleton
EPI_ISL_16297337|A/chicken/South_Dakota/22-033350-001/2022|H5N1|USA-SD|2022-10-18|domestic_avian|B3.2,2022-10-18,USA,SD,Spink,,NA,NA,,USA_SD_Spink
EPI_ISL_16271831|A/turkey/South_Dakota/22-037933-001/2022|H5N1|USA-SD|2022-11-22|domestic_avian|B3.2,2022-11-22,USA,SD,Beadle,,NA,NA,,USA_SD_Beadle
EPI_ISL_16271830|A/chicken/South_Dakota/22-037931-001/2022|H5N1|USA-SD|2022-11-21|domestic_avian|B3.2,2022-11-21,USA,SD,Turner,,NA,NA,,USA_SD_Turner
OQ966412|A/Turkey/South_Dakota/22-008485-001/2022|H5N1|USA-SD|2022-03-21|domestic_avian|B3.2,2022-03-21,USA,SD,Hanson,,NA,NA,,USA_SD_Hanson
PQ712489|A/Hawk/SD/23-000319-001-original/2022|H5N1|USA-SD|2022-12-28|wild_avian|B3.2,2022-12-28,USA,SD,Unknown,,NA,NA,,USA_SD_Unknown
PQ716689|A/Red-tailed_hawk/SD/23-002914-001-original/2023|H5N1|USA-SD|2023-01-17|wild_avian|B3.2,2023-01-17,USA,SD,Unknown,,NA,NA,,USA_SD_Unknown
EPI_ISL_11971487|A/chicken/South_Dakota/22-008704-002/2022|H5N1|USA-SD|2022-03-22|domestic_avian|B3.2,2022-03-22,USA,SD,Kingsbury,,NA,NA,,USA_SD_Kingsbury
EPI_ISL_16297062|A/pheasant/South_Dakota/22-034797-001/2022|H5N1|USA-SD|2022-10-27|domestic_avian|B3.2,2022-10-27,USA,SD,Gregory,,NA,NA,,USA_SD_Gregory
EPI_ISL_17964942|A/red-tailed_hawk/South_Dakota/23-012031-001/2023|H5N1|USA-SD|2023-04-11|wild_avian|B3.2,2023-04-11,USA,SD,Minnehaha,,NA,NA,,USA_SD_Minnehaha
EPI_ISL_16271855|A/domestic_goose/Tennessee/22-036130-001/2022|H5N1|USA-TN|2022-11-09|domestic_avian|B3.2,2022-11-09,USA,TN,Lincoln,,NA,NA,,USA_TN_Lincoln
PQ710353|A/Gadwall/TX/22-036753-040-original-repeat/2022|H5N1|USA-TX|2022-11-05|wild_avian|B3.2,2022-11-05,USA,TX,Jefferson,,NA,NA,,USA_TX_Jefferson
PQ720105|A/goose/TX/22-038236-001-original/2022|H5N1|USA-TX|2022-11-23|domestic_avian|B3.2,2022-11-23,USA,TX,Carson,,NA,NA,,USA_TX_Carson
PQ702481|A/American_wigeon/TX/23-003062-016-original/2023|H5N1|USA-TX|2023-01-18|wild_avian|B3.2,2023-01-18,USA,TX,Colorado,,NA,NA,,USA_TX_Colorado
EPI_ISL_16297117|A/mallard/Texas/22-035744-001/2022|H5N1|USA-TX|2022-10-31|wild_avian|B3.2,2022-10-31,USA,TX,Tarrant,,NA,NA,,USA_TX_Tarrant
PQ706441|A/Blue-winged_teal/TX/22-031351-010-original-repeat/2022|H5N1|USA-TX|2022-09-17|wild_avian|B3.2,2022-09-17,USA,TX,Unknown,,NA,NA,,USA_TX_Unknown
PQ706497|A/Blue-winged_teal/TX/22-033479-004-original/2022|H5N1|USA-TX|2022-09-22|wild_avian|B3.2,2022-09-22,USA,TX,Unknown,,NA,NA,,USA_TX_Unknown
PQ714793|A/Northern_shoveler/TX/23-007477-003-original/2023|H5N1|USA-TX|2023-01-19|wild_avian|B3.2,2023-01-19,USA,TX,Orange,,NA,NA,,USA_TX_Orange
EPI_ISL_16297342|A/chicken/Texas/22-033221-001/2022|H5N1|USA-TX|2022-10-17|domestic_avian|B3.2,2022-10-17,USA,TX,Rockwall,,NA,NA,,USA_TX_Rockwall
PQ701849|A/American_green-winged_teal/TX/23-000110-004-original/2022|H5N1|USA-TX|2022-12-04|wild_avian|B3.2,2022-12-04,USA,TX,Unknown,,NA,NA,,USA_TX_Unknown
PQ720145|A/goose/UT/22-018176-003-original/2022|H5N1|USA-UT|2022-06-08|domestic_avian|B3.2,2022-06-08,USA,UT,Salt Lake,,NA,NA,,USA_UT_Salt Lake
PQ709897|A/Duck/UT/22-031728-004-original-repeat/2022|H5N1|USA-UT|2022-10-04|domestic_avian|B3.2,2022-10-04,USA,UT,Salt Lake,,NA,NA,,USA_UT_Salt Lake
PQ711857|A/Great_horned_owl/UT/22-035956-007-original/2022|H5N1|USA-UT|2022-10-25|wild_avian|B3.2,2022-10-25,USA,UT,Box Elder,,NA,NA,,USA_UT_Box Elder
EPI_ISL_17964947|A/turkey_vulture/Utah/23-012747-001/2023|H5N1|USA-UT|2023-04-19|wild_avian|B3.2,2023-04-19,USA,UT,Cache,,NA,NA,,USA_UT_Cache
EPI_ISL_16240508|A/guinea_fowl/Utah/22-014481-002/2022|H5N1|USA-UT|2022-05-09|domestic_avian|B3.2,2022-05-09,USA,UT,Cache,,NA,NA,,USA_UT_Cache
EPI_ISL_19546785|A/chicken/Utah/22-020377-001-original/2022|H5N1|USA-UT|2022-06-27|domestic_avian|B3.2,2022-06-27,USA,UT,Salt Lake,,NA,NA,,USA_UT_Salt Lake
PQ701857|A/American_green-winged_teal/UT/22-027017-012-original/2022|H5N1|USA-UT|2022-08-10|wild_avian|B3.2,2022-08-10,USA,UT,Unknown,,NA,NA,,USA_UT_Unknown
PQ712361|A/Gull/UT/22-031729-002-original-repeat/2022|H5N1|USA-UT|2022-09-29|wild_avian|B3.2,2022-09-29,USA,UT,Unknown,,NA,NA,,USA_UT_Unknown
PQ720193|A/goose/UT/23-001041-001-original/2023|H5N1|USA-UT|2023-01-06|domestic_avian|B3.2,2023-01-06,USA,UT,Unknown,,NA,NA,,USA_UT_Unknown
OQ966732|A/Turkey/Utah/22-012960-001/2022|H5N1|USA-UT|2022-04-26|domestic_avian|B3.2,2022-04-26,USA,UT,Unknown,,NA,NA,,USA_UT_Unknown
PQ720177|A/goose/UT/22-027791-006-original/2022|H5N1|USA-UT|2022-08-30|domestic_avian|B3.2,2022-08-30,USA,UT,Unknown,,NA,NA,,USA_UT_Unknown
PQ710001|A/Eared_grebe/UT/22-030915-001-original/2022|H5N1|USA-UT|2022-09-27|wild_avian|B3.2,2022-09-27,USA,UT,Unknown,,NA,NA,,USA_UT_Unknown
PQ720185|A/goose/UT/23-001040-001-original/2023|H5N1|USA-UT|2023-01-04|domestic_avian|B3.2,2023-01-04,USA,UT,Unknown,,NA,NA,,USA_UT_Unknown
EPI_ISL_16243660|A/chicken/Utah/22-015245-001/2022|H5N1|USA-UT|2022-05-13|domestic_avian|B3.2,2022-05-13,USA,UT,Salt Lake,,NA,NA,,USA_UT_Salt Lake
EPI_ISL_17964896|A/American_crow/Utah/23-007867-006/2023|H5N1|USA-UT|2023-03-03|wild_avian|B3.2,2023-03-03,USA,UT,Weber,,NA,NA,,USA_UT_Weber
EPI_ISL_17964960|A/turkey_vulture/Utah/23-014334-001/2023|H5N1|USA-UT|2023-04-28|wild_avian|B3.2,2023-04-28,USA,UT,Cache,,NA,NA,,USA_UT_Cache
PQ701329|A/American_black_Duck/VA/22-038573-010-original/2022|H5N1|USA-VA|2022-11-19|wild_avian|B3.2,2022-11-19,USA,VA,Unknown,,NA,NA,,USA_VA_Unknown
PQ714161|A/Mallard/WA/22-039095-002-original/2022|H5N1|USA-WA|2022-11-25|wild_avian|B3.2,2022-11-25,USA,WA,King,,NA,NA,,USA_WA_King
PQ709929|A/Dunlin/WA/22-040394-001-original/2022|H5N1|USA-WA|2022-12-03|wild_avian|B3.2,2022-12-03,USA,WA,Snohomish,,NA,NA,,USA_WA_Snohomish
PQ703633|A/Barn_owl/WA/22-041081-001-original/2022|H5N1|USA-WA|2022-12-12|wild_avian|B3.2,2022-12-12,USA,WA,Skagit,,NA,NA,,USA_WA_Skagit
PQ710577|A/Glaucous_Gull/WA/23-025001-003-original/2023|H5N1|USA-WA|2023-08-11|wild_avian|B3.2,2023-08-11,USA,WA,Jefferson,,NA,NA,,USA_WA_Jefferson
EPI_ISL_18311017|A/Caspian_tern/Washington/23-021119-003/2023|H5N1|USA-WA|2023-07-11|wild_avian|B3.2,2023-07-11,USA,WA,Jefferson,,NA,NA,,USA_WA_Jefferson
EPI_ISL_18311018|A/Caspian_tern/Washington/23-023703-001/2023|H5N1|USA-WA|2023-07-31|wild_avian|B3.2,2023-07-31,USA,WA,Pierce,,NA,NA,,USA_WA_Pierce
EPI_ISL_18731638|A/harbor_seal/Washington/23-027069-002/2023|H5N1|USA-WA|2023-08-13|other_mammal|B3.2,2023-08-13,USA,WA,Jefferson,,NA,NA,,USA_WA_Jefferson
PQ708929|A/Canada_goose/WA/22-015526-002-original/2022|H5N1|USA-WA|2022-05-11|wild_avian|B3.2,2022-05-11,USA,WA,Unknown,,NA,NA,,USA_WA_Unknown
PQ719521|A/Western_screech_owl/WA/22-015526-006-original/2022|H5N1|USA-WA|2022-05-11|wild_avian|B3.2,2022-05-11,USA,WA,Unknown,,NA,NA,,USA_WA_Unknown
PQ712817|A/Hooded_Merganser/WA/23-003784-001-original/2023|H5N1|USA-WA|2023-01-18|wild_avian|B3.2,2023-01-18,USA,WA,Unknown,,NA,NA,,USA_WA_Unknown
PQ717217|A/Sanderling/WA/23-004228-001-original/2023|H5N1|USA-WA|2023-01-26|wild_avian|B3.2,2023-01-26,USA,WA,Unknown,,NA,NA,,USA_WA_Unknown
EPI_ISL_15078254|A/skunk/Washington/22-019274-001/2022|H5N1|USA-WA|2022-06-07|other_mammal|B3.2,2022-06-07,USA,WA,Whitman,,NA,NA,,USA_WA_Whitman
EPI_ISL_17260682|A/skunk/Washington/22-019274-004/2022|H5N1|USA-WA|2022-06-07|other_mammal|B3.2,2022-06-07,USA,WA,Whitman,,NA,NA,,USA_WA_Whitman
EPI_ISL_16297118|A/chicken/Washington/22-035749-001/2022|H5N1|USA-WA|2022-11-02|domestic_avian|B3.2,2022-11-02,USA,WA,Snohomish,,NA,NA,,USA_WA_Snohomish
EPI_ISL_17964920|A/Western_screech_owl/Washington/23-010027-001/2023|H5N1|USA-WA|2023-03-23|wild_avian|B3.2,2023-03-23,USA,WA,Benton,,NA,NA,,USA_WA_Benton
PQ719833|A/Wood_Duck/WI/22-014367-001-original/2022|H5N1|USA-WI|2022-04-14|wild_avian|B3.2,2022-04-14,USA,WI,Washburn,,NA,NA,,USA_WI_Washburn
SRR24843021|A/lophodytes_cucullatus/Wisconsin/AH0211463/2022|H5N1|USA-WI|2022-04-03|wild_avian|B3.2,2022-04-03,USA,WI,Lincoln,,NA,NA,,USA_WI_Lincoln
EPI_ISL_16240162|A/turkey/Wisconsin/22-014125-001/2022|H5N1|USA-WI|2022-05-04|domestic_avian|B3.2,2022-05-04,USA,WI,Barron,,NA,NA,,USA_WI_Barron
PQ703545|A/Bald_eagle/WI/22-014416-001-original/2022|H5N1|USA-WI|2022-05-09|wild_avian|B3.2,2022-05-09,USA,WI,Unknown,,NA,NA,,USA_WI_Unknown
PQ718817|A/Tundra_Swan/WI/22-038828-001-original-repeat/2022|H5N1|USA-WI|2022-11-22|wild_avian|B3.2,2022-11-22,USA,WI,Unknown,,NA,NA,,USA_WI_Unknown
EPI_ISL_16297085|A/chicken/Wisconsin/22-034812-002/2022|H5N1|USA-WI|2022-10-31|domestic_avian|B3.2,2022-10-31,USA,WI,Waukesha,,NA,NA,,USA_WI_Waukesha
PQ712073|A/Great_horned_owl/WY/22-029194-001-original/2022|H5N1|USA-WY|2022-09-11|wild_avian|B3.2,2022-09-11,USA,WY,Johnson,,NA,NA,,USA_WY_Johnson
PQ709201|A/Canada_goose/WY/23-000336-002-original/2022|H5N1|USA-WY|2022-10-30|wild_avian|B3.2,2022-10-30,USA,WY,Platte,,NA,NA,,USA_WY_Platte
OQ961668|A/Great_Horned_Owl/Wyoming/22-013016-002/2022|H5N1|USA-WY|2022-04-25|wild_avian|B3.2,2022-04-25,USA,WY,Carbon,,NA,NA,,USA_WY_Carbon
PQ718785|A/Trumpeter_Swan/WY/22-030049-002-original/2022|H5N1|USA-WY|2022-09-14|wild_avian|B3.2,2022-09-14,USA,WY,Unknown,,NA,NA,,USA_WY_Unknown
PQ709169|A/Canada_goose/WY/22-041261-001-original/2022|H5N1|USA-WY|2022-12-14|wild_avian|B3.2,2022-12-14,USA,WY,Unknown,,NA,NA,,USA_WY_Unknown
PQ712161|A/Great_horned_owl/WY/22-041771-002-original/2022|H5N1|USA-WY|2022-12-20|wild_avian|B3.2,2022-12-20,USA,WY,Unknown,,NA,NA,,USA_WY_Unknown
OQ961660|A/Great_Horned_Owl/Wyoming/22-013016-001/2022|H5N1|USA-WY|2022-04-22|wild_avian|B3.2,2022-04-22,USA,WY,Unknown,,NA,NA,,USA_WY_Unknown
EPI_ISL_16297368|A/chicken/Wyoming/22-032216-001/2022|H5N1|USA-WY|2022-10-10|domestic_avian|B3.2,2022-10-10,USA,WY,Fremont,,NA,NA,,USA_WY_Fremont
PQ709153|A/Canada_goose/WY/22-036111-001-original/2022|H5N1|USA-WY|2022-11-03|wild_avian|B3.2,2022-11-03,USA,WY,Unknown,,NA,NA,,USA_WY_Unknown
PQ709217|A/Canada_goose/WY/23-000980-001-original/2023|H5N1|USA-WY|2023-01-05|wild_avian|B3.2,2023-01-05,USA,WY,Unknown,,NA,NA,,USA_WY_Unknown
PQ709241|A/Canada_goose/WY/23-002120-001-original/2023|H5N1|USA-WY|2023-01-11|wild_avian|B3.2,2023-01-11,USA,WY,Unknown,,NA,NA,,USA_WY_Unknown
EPI_ISL_17964946|A/turkey_vulture/Wyoming/23-012565-001/2023|H5N1|USA-WY|2023-04-19|wild_avian|B3.2,2023-04-19,USA,WY,Converse,,NA,NA,,USA_WY_Converse
EPI_ISL_17964953|A/turkey_vulture/Wyoming/23-013715-001/2023|H5N1|USA-WY|2023-04-19|wild_avian|B3.2,2023-04-19,USA,WY,Platte,,NA,NA,,USA_WY_Platte
